b20a3a10,25,,
460a317e,24,,
5a44224f,,16,1
0bf46b81,56,,
266c2855,11,4,
a81bd92c,18,,
2e1949b8,3,2,2
ad400408,7,,
5a8e4a75,13,,
30eeb098,1,,1
19fb7ef5,19,,
b34473eb,27,,
2ed8ad2e,70,,
6549e41a,17,,
48b8d2c8,32,,
5b00f0e0,,6,
1de8475a,3,,
757f6344,11,,
de06e4f6,8,,
70b5e9b4,,6,1
c8ad201c,39,,
43365351,3,6,3
66d6856d,26,,
489e3186,29,,
8da5252b,11,,
028a8224,14,,
01ff4b53,39,,
9734a47e,11,,
8441d41f,2,2,
efa0bcaf,,12,3
8755eb18,1,6,
8855a45d,76,,
86e8493b,19,,
2840347d,18,,
8cb62256,25,,
b8d9a186,27,,
606bc36b,,,
f0c31558,,1,
b52e9086,18,,
e87a3791,,,2
67358e8e,,,
94fc6997,,,2
d70fbdc2,3,8,
b2eaf0af,,2,
9b161568,4,,
8a4dbf24,,,1
7ead9b7c,,,
ac9651c7,34,,
d02147c7,10,,
7eb74160,18,,
4c0a39a3,,,
2b50c4c3,22,,
d9e4ec2d,3,,
69cd5cf4,2,,
b5086898,34,,
a526bed5,9,,
4d089155,5,,
24acf35b,13,,
510ad19f,53,,1
3ad0cb69,40,,
6fdfc3c4,32,,
ade15ea8,29,,
e6360db3,13,,
6a9ad8c1,43,,
f50d111c,,,
9bbbe544,1,,1
95a37ccc,20,,
dffd5fd9,,,
0961f115,42,,
41a377a4,,,3
89f1c272,45,,
c5fadb51,8,,
bce01cff,6,,
9667f061,10,,
42d3de85,16,2,10
00b3a514,,6,
71ec77b6,,11,
36a7ed48,56,,2
00c02238,,,
4526bb6a,27,,
c7f9792d,29,,
1bb98e49,37,,
5d66bb29,23,,
2df20b01,,5,
13363523,,,
b3468994,,5,
103e6b69,7,,
2028662c,1,,
b97310a1,,,1
698e7815,,,
8d633d64,,,
5fd8e429,,,2
4a489e4a,,,34
d2a2a655,7,,6
7cc57756,,4,2
358f836e,,,
535656ee,1,8,
84a9b2e0,,3,1
5c6565b0,8,,
09bb65a8,26,,
25a118de,16,,
d9fddbde,1,1,1
5c181c4b,10,7,7
07111d1e,,1,
9801a085,29,,
2c8473a7,31,,
1f27c9de,12,,
487864a2,54,,
ba97c27c,8,,
56a6e06b,35,,
a6d3ddd3,3,2,11
c404d780,21,,
83b07719,3,,
87f7a2a6,37,,
54bd8a5c,10,2,2
83d5f6a4,21,,
2aa56c3f,15,,
93717943,4,,
0094a87f,95,,
d7aecc83,18,,
2399b4d8,26,,
e21dac0f,2,,1
70fd753e,,,
058525f6,17,,
327719e1,43,,
378cae08,22,,
d172168a,24,,
612159c9,2,,1
d6407ef4,1,5,1
b35b913c,23,,
a72246af,20,,
0903c30b,11,,
6826ad18,29,,
327d8b5d,19,,
a4d682e5,1,,
a243d849,20,,
c0bf1c7a,,3,2
0cb14477,1,,1
fe97d98c,28,,
6385ba4f,15,,5
62c1a46b,70,,
cfbe9f5c,,,4
544cd525,34,,
1b0e859d,9,1,
2a127b3d,17,,
b219245e,16,,
414d805f,,,
5d4bfa2e,,1,
90cd7e3e,,,
666c07c7,24,,
25424dfe,35,,
a27e73a5,,1,
e4e9f48b,7,2,5
4f6988b1,51,,
83bc46ee,4,10,
bcc3b6ed,7,1,
3d4a179c,9,,4
a18ce8a3,31,,
97f56f33,11,,
4d64a122,4,13,
a0c907ba,,,11
9cc582e6,5,4,1
71e27c6b,,,
001fa2a4,2,2,
6eeff13c,67,,
1c043dc2,13,,
d935985e,1,1,1
f7e41c7a,1,32,1
d488e693,1,6,3
3c371bea,,,
87a36777,47,,
1fb58909,12,,
d4522c7c,4,1,1
c8561697,2,8,13
0743dec0,,1,4
646e40d7,67,,
efb66e30,20,,
5a34de44,13,,
56316fd0,49,,
372cba10,1,6,3
08dbab44,10,,
84782d05,,,
8ada19da,9,,
18f77c0f,13,,
bf5b3045,24,1,1
8b763033,,1,1
710c25fb,49,,
ff76cbc1,23,,
2781e27d,19,,
2169be43,,10,2
55660e77,28,,
310e31e2,10,,
72c9fea7,26,,
15f18bbb,100,,
3e4b6df1,1,7,2
43a4d08c,,9,34
bd9a87c1,,6,2
a48e0625,46,,
f6cfff3f,61,,
32e309ae,17,,
bdae4fe9,26,,
b0191da9,2,,
d1a4848c,20,,
829c0414,29,,
cd64578f,1,,4
f888a3f7,6,4,7
f9649c09,5,,
70b81ca8,,,
fab4aec7,11,,
5d6c4778,5,3,4
19e88493,15,,
70e4a552,,,7
94824338,8,,
026ff3be,1,4,
05857648,,,
9f1429b0,12,4,
af3edc47,6,,
3459d3ad,44,7,1
db903618,6,,
692f1263,13,3,
b1266c83,,2,2
a115c94f,21,,
25f449ad,8,1,4
6923d3ac,8,,
740073b6,16,,
a3585ddc,,,
7bd1fbf7,1,2,2
d64468ed,3,21,3
0293c65f,17,,
7e7ccc7e,69,,
3ecab4a0,23,,
c8d11b40,2,,2
1d29f9be,9,,
20551052,,1,7
bff1f7ba,30,,
aa0785ca,,,
8aadc36e,35,,
a9d5b406,1,,
f993bc04,20,2,7
29396832,15,,
7e5940b5,17,,
22dbf2c8,24,,
5b8e84b2,1,,
0a343e10,12,,
a4c02d62,,,1
afb2191c,,1,
cd4b5267,8,,
6f3710b9,,,
fc8e9ae2,58,5,1
07aad444,30,,
bff36974,6,,
5d2f0542,16,,
b360955e,,1,
d74c8829,18,1,
07750c22,26,,
023b3ae9,10,,
c977b6fe,14,12,6
2b5a1254,4,,
ee86e6b6,,17,6
cbd1a9df,1,4,
fd9d956b,59,,
92789f9a,7,,
23d47601,8,,
db04ce54,69,,
cf32e14a,24,,
09cbc1c6,11,,
423486bc,,,8
44380f6b,2,,
fa92d1db,30,,
81088757,1,,
21c41cfd,22,,
fe0e0ba1,,,1
1273bb4a,21,,
749533e1,,3,
4e850665,3,2,
e0399603,6,,
da4bd50c,1,1,1
2afc7dc6,2,30,7
b54440dd,,,
2ded3d36,43,,
0659c769,16,,
f6f8f8de,16,2,
ccf1f4ed,8,1,
23f7f658,1,,
8de8770e,18,,
62e53959,22,,
393577b0,1,34,
c7ba3a08,2,,
b5c7ffeb,2,2,
91be3244,,,
c52b2a4f,37,,
0ef4a4a7,3,6,1
5374dbb9,3,,
5e25e2c3,6,2,
0a76081a,6,,
fc8eb5dc,,1,1
13b9b3d9,,,
e5559db6,50,,
6f386f79,12,,
72854479,6,1,1
284eeb89,,,3
2ef35143,4,,
85f12cd2,23,,44
13d47f08,1,,4
cc39f18d,20,,
314e2148,47,,
52edd46c,14,,
0d22a64c,9,,
4f0ae5d2,13,,
d14cc423,16,,
2bff7a62,,1,
b4dd0101,35,,
9c0c1e78,16,,
53321868,,,5
87e7b663,63,,
94ace2ed,29,,
617c2ffd,,2,2
89b2cdf2,11,,
6592e4d1,29,,
925297c6,,3,2
a5f78cf7,14,,
1d73d59d,52,,
5055f348,1,,1
6e0f93de,14,,
4ae33ebd,1,6,2
ae109dfb,12,,
171d28a9,,,
b2c31853,15,,
9627971b,2,2,
04df1cfe,,,32
18c8747c,15,,
471ed5d9,13,3,
819e9fe8,2,,
c68acf03,3,1,
df8b6bea,3,,289
cee5dcf7,291,22,1
112f33ac,,,39
30f78fc3,8,,
647d83cb,,,
339cf6a7,53,,
b2ea831d,11,,
90469551,4,,
2b67e245,25,,
5014f508,25,,
f9f5a82c,6,,
763f0d59,8,3,7
dc334432,,,
f5a5c020,5,,
2ed8da65,68,,
c0a730a3,,,1
1a7e85ce,3,,
50b9b807,39,1,
5477f80a,13,,
550978ab,25,19,39
b258e539,3,,
d562f429,,12,1
93fc6175,4,1,9
7f23c45e,19,,
63d4e7d0,29,,
ab405390,21,,
c01c2266,,1,
4e39bfb9,18,,
aadde5b5,58,,
9f54deaf,,,2
c2e8eb2c,,,1
79cf4590,,,
3d0e68b4,24,,
449d65ed,13,,
b7a86b1b,72,,
bd0bba04,2,,
bec94e95,,3,
6d639f68,2,3,3
d4715a73,,,
20ffefae,11,,
46724515,20,,
a94f98b6,11,,1
2ad2d4d8,42,,
42c894e7,13,3,12
d45a891d,28,,
58f8e616,23,,
a8bbb67c,,,
ba566a81,10,,
67c9b1e8,15,,
064ea794,15,,
da97e4c5,18,3,
9f42f621,3,,
c89879c3,47,,
fb8f07c8,,,
d10a8d7f,4,,
5f57a6cb,,,
7f2ace0d,1,4,21
ebc25b2b,,,
29bfac0e,20,,
c1ecbf57,,,
aa46858c,6,,6
04dc60bd,10,,
6435d572,67,,
edec7ddb,,4,
036fed69,14,,
16814c19,5,2,1
69613f8e,,8,
4d3e7306,16,,
9caf73c1,10,1,2
b567fba4,50,,2
ea64def1,,,
67e78dbf,16,,
8de9f342,60,,
2814a5f8,11,,
2061f5b7,8,,
dba132f7,81,,
62111540,32,,
e2202f02,7,,
375d7373,,,
8dcc6cb1,18,,
d0bf73ff,,,
b30097b5,11,,
34ad3ad2,1,1,8
bdbee879,5,5,4
d54917c7,41,,
8957b941,1,,1
96858754,5,3,
1c543f8f,7,,
d0768230,10,,
d6096fc5,3,,
c0f9c00a,,3,9
503fd2d2,,3,9
25183484,24,,
00282dd4,,2,5
25fe85d8,2,3,3
2e5531ed,,,
82337c59,,,24
10ea5fa7,18,20,
7d41efda,,,
38efd345,,,1
94f4dd1d,24,,
062b83fe,26,,
1b31c3ff,36,,
776a0142,4,,
b383d83b,37,,
996bee27,1,,
fa589fa7,20,,
c6e7203f,,,
c9aaa0d9,24,,
cfd3def0,,,
a0efd941,19,4,
3bb538a2,18,,
a38e6e29,17,,
6a8ecab1,29,,
182a7525,6,,
f9654836,,,
8df4293b,7,13,20
f499f86c,13,,
7b4d644d,13,,
2f5370de,1,1,5
1d61601a,22,,
50daef5b,,,
93ecfad7,23,,
c65795c7,,,
90c27395,26,16,
3952b7ef,18,4,
a9bea07b,13,,
7d5a755a,4,,
582147e7,3,,
7a2d2c5f,26,,
b4c327ea,,,
8e04a06b,41,,
bc899ef3,16,,
73ae3cfb,,,
1f5b0a97,41,,
f98e8684,,,
9414864a,5,,
52eb1380,27,,
45997664,44,,
22f07214,21,,
d6cbbbed,,,
7c12965a,23,1,2
f896e02d,1,1,
65111a46,5,,
f9ee21c1,,,30
fdf2afaa,4,,
a6485c43,,,41
00faa99a,41,,
a193fbb5,10,5,1
5a961c52,31,,
73bfdda3,,,
26c50909,,,
dbeb5f8b,10,4,
2f060a8f,5,1,6
95cf16de,7,4,6
ff0a23b2,13,,
7f08f516,30,1,3
e4d90382,8,,
d97456ea,5,,
26f38c1b,29,,
fb283f35,17,,
303db6c6,22,,
7489cf6e,10,,
dc349c17,23,,
b1219990,7,,
c389f56d,2,4,
080af1cb,17,,
8248a66d,,,1
1da6e1df,1,4,7
a636f754,2,,
1c947739,52,58,10
864c2e21,26,,
1757625d,1,,15
a5e23570,37,,
5d39af39,20,,
f4c34693,4,,4
7c7a6d44,17,3,
3085db7b,6,,
3f6dcebd,19,,
d6d6a9ed,,,16
3ed76097,51,5,7
e7252f61,1,,
a7282d23,,2,
71de9142,,2,
0b19939b,4,,
b3737dd2,,6,1
1d5b17ad,17,,
f5a6fc88,,4,
3d7a395b,9,,
f92aa19c,10,,
3096362f,,2,
8616b075,,2,2
aed9c8bf,4,8,
01406f1c,2,,1
fc0ed8fe,1,4,16
e6d82e8c,3,6,
325ba1f1,,4,1
1a4812d7,37,,
f753a86e,5,2,10
e5400faa,27,,
390f5661,7,,
4aaaf4ce,25,,
eece3d02,11,,
0b5fbdc5,,2,
c3a45d07,3,1,2
b85bb1ae,64,,
5df269f1,1,1,1
56af2a73,8,,
a6e80457,18,,
66db01d8,,3,
815c66c9,21,,
6655ca0b,35,,
31f4581d,23,,
9c0b6b4a,,,
c1933c68,32,,
47783354,3,54,
0f3df12f,,4,
a48a401d,4,,
491649a8,2,2,10
26508f31,9,,
9e273b14,15,12,
4653e0ad,11,,
3f21a3b5,1,2,3
1dbc2c91,1,6,5
c521aa66,9,,
4cdcce67,,,
e71902db,15,1,3
75803f13,47,,
eaba521f,19,,
8a77746e,23,,
dcc7fa65,6,5,
9aa221af,,4,1
7cb94f67,3,3,9
32209137,35,,
d343c59a,,,
29cc3700,,15,13
cfb952f8,16,,
77aa65b2,,,40
0fa16895,10,10,
49482041,,1,7
9fa14697,14,5,
692fe315,28,,
d79fcae1,5,,
d10d758c,8,55,11
c9a754f0,,2,
8bf825d0,11,3,6
52ac2ba2,2,12,4
c9072e54,45,,
8db94607,5,,
8ed5c8e2,24,,
dca94038,2,14,55
68d807e0,94,,
f5c539f8,,,
ec6aca9c,2,,
1ddd46f1,16,6,2
5fe5887b,7,,
16b6e089,32,,
1852438f,,,
01dddf49,,,
60acc2fd,24,,
90a102ec,,,
d626f9c2,47,,
11f5ac7b,18,,
0dd6ddd1,23,1,2
562b9fc2,1,1,2
f7ab9fa9,3,3,9
3a965437,8,8,13
a323d64d,23,,
1ced2a3b,29,,
9081c089,9,,
f384e46b,66,,
a3f70aaf,5,2,
4846177a,1,1,4
02c51358,2,5,
231500bb,2,1,2
11329432,12,,
e79294ba,40,,
556e8fa9,3,3,
8e7fc431,,4,2
624f7f4b,,,
0f22f7b8,,,1
75c10034,,,1
8ac23221,1,11,3
ba9d8324,,2,
0fd8f998,,,1
22015c80,6,,
4cba0676,,,
63678ff1,,,
bf515679,,,
19204f5d,1,,2
de07e1f9,39,,
19f39c14,,,
f95f0da6,,,
3e192a07,2,3,2
d4d0305f,11,44,18
07d7ec51,16,,
f6ced9a7,12,,
514996c0,40,,
aa612b71,20,,
f01d1e25,2,3,7
4589860e,,,1
644ecbd0,5,,
cccd6a3e,27,9,20
35ac22c9,11,,
da32a94d,,1,
efbac53e,25,,
9f10f7c0,,,
2f1bb7b4,13,,
e0c1678d,5,1,6
7904c3ee,5,,
4b9ec46c,10,7,9
79168826,6,,6
830db343,,31,5
0d9068c0,96,,
cafdf51b,,12,24
7b836d92,17,,
0d599aec,89,,
fd37ffb7,28,,
b49ad4ea,,1,2
1afa7e2f,64,,
133bbe1a,3,14,12
839a68f6,19,,
2b293e51,246,,
acf9bf7c,46,,
d8398caa,52,,
4baaf9f9,25,,
b6830cc7,5,9,1
3c4faf99,80,,
01529c32,20,,
94d02ed1,,1,
d635e9a2,1,,
498a84c8,,,
7e26990e,32,,
86c1d6d2,2,,
aaa3d117,,,4
6d797a2c,,,1
12ffbe02,6,,
6d6b2459,,1,
89927e46,,,
4b77e378,5,,
78e47f10,,1,4
49acba20,75,,
2f3e3640,,,
9c03b45c,1,,
2aeef70d,,,
085cef8f,32,,
4c7f165c,8,,
7df26358,,,3
5945d5ce,6,3,6
3c5ed710,17,,
b3a291a5,14,,
8da9bee6,32,,
904a7406,14,,
73526dd0,26,,
c5d77f42,9,4,2
e1e6550a,38,,
515e4caa,,13,17
0b85b0a4,9,,
25263f1d,,5,1
09d10ac8,54,,
cec17bdb,15,,
8180274d,20,,
c12ba861,,,
c31fc8d6,,2,
9b563d87,,4,2
154b59fc,4,31,27
b00a9e61,1,,1
1cba1b04,,,
74e67d6c,,,
15666e8e,12,,3
621d0d2c,11,,
b6674f68,9,,
18b1334f,,,
ccba3de7,3,1,1
dc867672,17,,
8a344330,,2,1
8c0ce48a,7,,
822e8682,6,,
802c0b09,27,,
706b3d6c,26,,
04fa1782,47,,
84cbc580,,,
82c8d888,,,1
def5758f,,,1
e6c2fd3b,,,39
b7ad275b,,,
a02e758d,26,,
a0198e14,1,4,
b65bccab,23,,
f2efbd9a,26,,
c8c0c1e5,11,,
dc105bc6,35,,
4226100e,11,,
491fc883,1,3,
eeb89df1,43,,
da3273af,5,,
5d20115b,11,,
6db067d2,1,6,9
3b5d9585,16,,
1a9c33f7,44,,
00e34835,,,
bcc122b7,1,3,4
dc9ecc14,8,,
58469d79,15,,
99eee4df,17,,
c39abbf4,37,,
43357b08,,3,
290e759d,30,,
299432df,,4,
e13204ca,14,,
9b2e8ec9,2,25,17
310e89e4,12,,
dc3589a7,,,
127dd732,24,,
69d8c107,23,,
accb430f,9,7,4
c3de3dbf,60,,
146b633b,19,,
71ef6b2a,16,,
ca70e9f9,2,,
1a001a5a,,,2
b5478f7e,2,6,5
2036138e,23,,
415b80d0,74,,
1824320f,13,,
2263b24c,,,
d11d9ad8,3,,1
a1388b64,30,1,
ddee04fc,8,,
5383b2b0,3,,
b6e59c2a,,,4
40b3cc7d,16,,
ae827f31,4,2,33
4d8f92e5,,,
f913859c,,,
7114e396,2,,1
891b4eb2,,4,
71f1a2bc,5,,
8e9c36c9,4,,4
f02d1172,,3,
b6b077b4,1,,1
43ce43cc,3,18,7
5ba675be,1,2,4
5e8022f1,21,,
aeec8f53,9,,
b0e05630,24,,
a3ed5a57,18,,
ed92182f,,1,7
b4f7806c,,1,
4b53c00b,20,,
585597f1,,,
752086e8,29,,
deb79bbd,19,,
36608b78,18,,
dc037a4c,1,4,
610bb051,,,
4441d969,18,,
34a793a0,,2,
f445a4d1,,3,1
9f45d709,,2,
fd6e7c51,,2,
244a678b,27,,
ae33aa63,,6,
e8df7f81,4,4,29
9b143b82,1,,1
828e5143,24,,
17d7f8fe,,,
9e193396,21,,
0a631ac3,14,,
d4f245a2,10,,
a89462e7,30,,
34dc899c,21,,
1be49ebc,,8,
f58c41de,3,,
9c4042eb,,,
ef5013ce,,,
226acd5a,14,9,6
ee6656a7,3,2,
f8bf4038,4,11,17
4e957220,62,,
64212862,2,,4
292d9f80,,,
c910f253,1,,1
eab110d0,,5,
318d0790,2,,
7d369725,,1,2
b558adec,2,8,1
ffd66faa,7,21,29
14456eb9,34,,
a24e4427,5,1,
c43145af,11,,
afa82c0d,15,,
2ce547d4,15,,
3671427d,29,,
fe39bc6c,20,,
fb7d3fe8,,4,1
b4d3e23c,15,,4
fdcb6a8c,2,2,
8739094a,,,
3e2d766f,,6,8
1acbe9b1,6,,
26fdeaac,11,,
4233d909,,1,28
3718dfd0,,2,
24b14e55,43,,
78de955a,5,,
84956990,3,,11
e5abeb4f,,2,
dfae1453,30,2,
e6a0bbe0,6,,
9c643cd6,28,,
1b9353c8,5,,
54c6928b,20,,
ecac42f3,23,,
2e119a5e,7,,
e422edad,,7,10
a219184b,,,
e704d296,24,,
13eec7e5,1,11,7
f876c6d0,16,,
62254d9b,,19,1
fe2d2a66,,,2
9ad123a6,7,2,17
19577503,9,,
57279a1b,6,,
d1916221,,,
edda728d,2,4,2
c598b937,,,2
647455b0,27,,
fdd26c7c,1,9,4
98633dce,9,,
50054a21,3,1,4
a6ba135f,11,2,
9e641358,,,55
7bfceb34,51,,2
5a184d4e,24,,
f3c99a7f,13,,
67261595,,,58
20b9f1bf,24,,
b9b230f8,1,68,87
c99bb7fc,2,1,6
a57103de,,,
8ea31542,11,,
178af4e0,2,5,9
026c9717,14,4,
8746b525,125,,
79d9649c,7,7,2
2f83bec2,34,,
76e2c354,36,,
172c6c95,,2,
db2bb252,53,,
70ae331c,9,,
1a730617,24,,
f04ceabc,,14,13
20669dc6,31,,
7c6a0874,3,,
84f0d7de,49,,
d2880044,27,,
806c17b4,19,,
612b9a13,,,
716e7c21,,,33
ef34fc65,13,11,63
6e994240,,,12
37360b9f,15,,
9f9024c5,,,
fd790bef,7,,
c499ecee,4,,
ac8e04b6,1,,
3184c49d,12,,
faeaf0de,12,,
c2574997,25,,
df782e42,,7,6
d66d02ce,6,,
06c3b5da,16,7,34
4f5ccb90,6,,
7ee3e577,,,
213a6e2b,,5,
3ae96995,16,,
75e04738,,,
d0c7340d,,12,
50ad7320,1,,1
04b9bd03,,2,1
590cb07d,1,2,1
52663a6b,41,,
c9111e63,17,,
b97651ae,14,3,43
2bb31e54,14,,
b7fbefa9,2,,3
18b56311,3,,
ed7c1694,8,,
7c4016e0,50,,
9e3e240a,2,,
ee2ed99a,10,16,24
61bea849,15,5,3
3aba63dc,,7,
79c91fdb,7,,
f03ed854,40,,
ef740048,2,1,8
1b0d5f0b,81,,
2cde0e37,,,
87049b63,6,15,36
a6a58f40,5,,
0fab04f1,8,,
b5077409,1,2,2
91b0efcc,44,2,
bfc6d480,25,,
02677606,1,,2
53227eaf,9,,
547b5850,41,,
ed926b37,,,41
9048d521,41,,
fada609f,7,3,
eba5b938,12,,
0144471d,7,,
4ca15c90,,,
5a5f3fa4,,1,1
b11496ce,,,
9cf53365,6,4,
3a04c3ad,10,,
b92470e1,3,2,6
6786eb13,27,,
ba4257d2,8,,
69b4a05e,3,10,4
74aa2c9e,,,
fe11e8f7,3,4,1
53f4ec5f,4,7,2
f73893bb,70,,
80f63319,3,,1
1028ad79,3,5,
b6d47b00,55,,
080a4234,,,1
4b1d0217,,1,
ed082d36,19,,
3def35e3,,,15
dc43aec4,,,11
25c476a0,,,11
5453e675,11,,
4591eecd,,3,3
4552b808,,2,1
920167f5,27,,
f18c993d,20,,
b00ec6ab,54,,
40dc5475,20,,
5b785b3a,,7,
41c35cea,,8,12
e59ecbc8,10,,
4453358b,47,,
0529906f,4,,
61135ac4,18,,
cdc9f8f9,11,,
4732bacc,19,,
4c88eebd,,,
3338f51c,33,,
a48ded75,24,,
137e182f,35,,
97c12913,,10,
71ddfeec,12,,
c17d19ff,42,,
29e34375,85,3,2
4b2e7a5e,,10,
a5d5460a,,6,54
b840f156,3,4,56
8fcb5494,,,10
5b030252,13,2,9
25de2800,4,9,1
49ce0279,,6,
9184693a,18,,
b7b1693d,12,,
d3597a84,14,,
3cf4dc5a,9,1,
8bb276ca,20,,
8edc3bfb,16,,
0b108e38,13,,
98e768c8,16,,
3bf80a1f,30,,
96004dea,9,,
689a72dd,,12,4
8f3039b2,1,3,1
fe841fe5,50,,
b135086d,19,,
994ac4dd,6,,
efd2c2bd,9,6,1
8c8c01eb,34,,
99c7a915,14,,
7c653668,,,5
0ce35bb1,,,
b9b642c6,9,,
49724d16,22,,
c9cd50d5,20,,
77203839,,,1
a2e21924,7,,
2bfc5bd9,,,2
cc2142b2,4,,
4ded9c02,9,,
3b133759,8,,
4fd99ca7,58,24,58
28adbeb5,14,,
45e16d40,10,,10
d1e4eed8,15,,
02d153b9,,4,
7ceac32f,17,,
489e0e01,8,,
378d20f0,153,,
3a34f906,2,2,1
cfc44ecb,31,,
d1cc7066,,,
e09ba8e3,10,,
e338d3eb,23,,
fdfbab93,2,1,1
70680ea7,8,36,8
7728d58e,,,
54d13651,,,
6d4682fa,18,,
88e27db6,,,
74d4c4f7,7,2,3
3f22a70b,20,,
dacc694f,8,2,13
9d681528,24,,
ee770f3d,,12,4
faa15d50,4,,
91be1eaf,,4,4
9e644af3,,,
ce43d80f,28,,
ee79ac3a,,2,
e2aabe81,109,,
9f88ff0d,12,,
15fe1f09,1,11,3
adb4b9bf,,,
924b9607,,8,
bf71b344,2,,
286c2555,,2,
a5cd330a,2,4,3
46ee027d,1,2,
a041c38d,,,
d894cfbf,,,
94e7cfd9,2,4,2
1130dc6b,,,
4d53bdd9,,,4
514164a8,,,17
48cd6f87,531,163,592
5a58aacb,2,2,6
d46af17a,21,,
0c973f49,2,,
00ecdb4a,,,
9ec6e185,26,1,444
1cc1f703,15,,
d8cf6533,,,
e0b85586,,,
2b374fa8,,,
47a97d31,5,,
1a10fda1,39,,
b2828f59,5,,2
98ec0ac0,,,
ace7ccd5,22,,
075eeb15,5,16,1
d172d2d6,3,,
35042964,16,,
44b0f6b0,1,4,3
e5cccec4,,,
61385334,3,,
609ba4ab,19,,
5cfb7b09,8,,
dd3dab15,,,1
9fd2a911,7,10,
e8e32346,,,
c53095a3,6,4,5
b29cb580,,7,
6e589636,17,,
c0164a3d,,1,
d67d03bb,9,,
4e8a466b,2,1,2
9f031bb2,45,,
737d2e1b,7,4,
aada5952,843,135,2
382072c5,,,
4541f7f5,35,5,5
1fcdc131,28,7,20
1b82b2e9,,,
35a90d9f,122,1,4
70335889,344,209,207
52d32336,31,,6
16acd9a0,21,19,2
94c6de19,269,28,55
55322252,,,1
8b39484a,15,,
52d1fe17,,2,
a8b63370,,,
9f9dc877,8,1,
f88d4044,2,1,2
7a96484b,20,2,40
caab7829,5,,
2a3030dd,,,1
c70ee03a,13,,
2648a4ec,4,11,
76673a33,44,,
4b19cb6b,12,,
e37ab29a,20,,
aa08d126,19,,
4c6b5295,,,
bc6bcc3c,,,3
5e1e320c,,,
699cf9d7,,,2
54d24521,42,,
709857b9,41,,1
f674f12e,1,10,
74688cf3,,3,1
553c368b,,,
dc561548,,,21
33fef603,,,
63c84230,,,
6c181db5,,,
1aff8ca1,40,,
7d6bf290,23,,
a1e7463a,,,
76409e6d,9,1,1
c313256e,,1,
99a0b6e2,,3,
b7d64875,65,,
5e0d1e88,30,,
389927d9,16,,
14909f6c,,,1
2b8ba178,3,2,3
a5879bf8,19,,
782c5565,4,,
891f0ba9,,4,1
91082673,18,,
e3a45f50,41,,
2f34e895,22,,1
0b98f0d2,,,
e32c6e5f,48,3,14
3286018d,,4,7
6cafa3d5,1,1,14
3fb4e03a,46,6,2
c75daff8,2,1,2
b5e4c4e3,10,,24
3fd20f64,,1,
34aa697a,,,7
1a288b59,11,,
a826e70c,35,,
cc276589,,,
a5de78c2,27,,
60332bb5,28,,
60c2edaa,,12,1
13a42ea2,18,,
190ce77a,36,,
f5437fef,,2,13
6bf3659f,3,,3
a3926e42,17,,
196ea6b5,,4,
7ab1e373,7,7,
d87e0663,5,4,
69965db1,26,,
fd8e872f,8,,
ad0cd72d,59,,
2dfd789a,,,1
57fe1fce,2,,2
806d2d87,20,,
bbcafe2e,,,
cb9c16a5,1,34,11
eb26f83c,13,,
50ff1d18,10,,
a4f43011,4,,
8da820b3,11,,
2a76b9c6,2,,2
e7cc4564,,12,1
4d08f3db,,,
0f673891,13,,
1a05305b,7,,
77d270a4,7,,
44e63c68,17,,
09329512,,,4
54615ddd,15,,
d361c91e,31,12,1
c3b73c5e,311,2,
077d745b,,1,5
4b9aa548,31,,
0b17547d,7,,
15a4a230,3,2,1
87be4ede,,12,
2c50b4f1,6,6,
09d4c6f8,,,
760692b8,,,
aaf5a3e7,,4,3
3c334e6b,,,
4c84fabd,1,18,3
0975123b,,12,
4daef511,17,,
626db733,,2,5
d3590de1,10,,
99688e9b,16,11,2
ce589cc7,,,5
e28dfe6a,,1,
ec089be6,9,1,9
47dfe6b6,57,,
ea345fa2,6,1,5
b63ef448,,6,
361df076,3,2,
6fe77897,30,,
6e2dcfcf,3,,3
17042f04,8,,2
ef91c379,,10,4
70d8fecc,3,,
0bc9bfba,7,,
a18d7792,9,1,
85969c69,,2,20
0c8aa7e4,4,,
6a0e1420,22,,
1c1c557a,66,,
427077eb,34,,
e6836c01,25,,
d3e57d38,28,,
52eb7c2b,4,7,
052c149b,12,,
de29cd56,34,,
e62f8fa3,11,,2
9b48f77c,,,
21f9df63,7,85,124
669f4d6d,,,
efc2043e,,4,
b6e271f1,,,
9472f0dd,,,44
c3764e3f,2,,
2aca6e08,5,,
092d883d,,,66
11cdf67f,,,37
44f5742f,24,,
3140ea16,29,,
319dd265,66,,
d0b0debd,,,
94e1fc2d,,,19
2d556cd7,8,3,1
e884e3f9,26,1,
b01c2c5a,11,,
e71358a9,24,,
d66703b5,11,,13
bd237b21,4,,
eab4a5f8,,,
faea5eb5,,,2
60bbd6de,26,,
78f87104,332,,
07c0e84b,35,2,
9c755ee3,2,,
b95a014c,18,,
b4b2ad3e,11,,
29645fc0,7,,
64c2ef15,61,,
ed70f6b3,,,
3accbf88,1,1,1
0b78cc9e,10,,
04d8fed1,10,,
d35f7d01,3,,
202a19ac,,,
9d0cb1e2,23,,
ae6514b5,42,,
dc90aace,2,4,16
99bebe80,6,2,2
fbd5d1d2,29,,
a794db31,6,,
dbc2c49f,19,,
26b5ab86,68,3,
de29f6af,,4,1
21aa1275,3,2,
f6e570c6,9,1,
5cd552a1,27,,
61660f5d,4,,2
52ef5b38,,,6
46b1f93d,,,
b6c32dbc,19,,
4a773e79,6,4,5
d32d3edc,6,,
b7e74ce7,45,,
19ff2eb4,12,,
13b8a8f8,,32,
b2b53494,34,,
dc142e84,4,,
2f3f4904,8,,
dda35bc5,3,,2
e8faa73d,,,1
84c71b3d,,,
86eb5495,,,4
ffb24cf3,1,8,1
e0d59494,,,
0647c315,21,,
805868f7,1,1,1
ea26d420,5,,
fb7b2c79,,,
80b222b7,51,,
71e0d800,,,
64ec3681,4,,
e46484df,,,2
3de9a69c,,,
8dcb9af7,330,,
6e00fd16,2,4,2
273394fe,16,,
a5f8bf91,14,,
00d42129,11,5,
6ea120d6,4,,1
3abb98e9,3,9,1
3de5b732,1,,13
a4192372,27,,
c10d2a33,,,
fde269c5,,4,
250cb7c1,,6,14
656afd6f,,,18
a7bafc07,43,,
6fbf90fd,18,,
623b2b9e,1,2,
f57af2b2,,,
7355266f,32,,
7a929095,10,,
f07985b4,,,
e1d13636,3,3,3
1ff8b4c6,33,,
57259c4a,23,,
5392bdd8,,,17
6cc10132,7,,
f0c4486c,1,5,3
492b21ca,23,,
31b7ced8,58,,
c83c449f,11,,
181688a7,,1,4
348adc87,,,1
e9d84718,27,,
8b5faf9b,2,8,3
13fbd271,1,1,1
a8fa0770,32,,
9004d90b,13,,
e109c5a6,,,
f57a7dda,19,,
6356fb6a,28,,
23489a08,9,,
b0e74104,53,,
beaf5993,23,1,
41bf9ddd,,,
36f79aa9,7,,
5421a352,,,
e302aaa1,8,3,8
52a3565f,2,,
442c0054,48,,
1bfc944c,15,2,2
29882a1f,41,7,1
5930f9dc,,6,
8617faf9,17,1,
288d464e,1,,1
065640b8,13,,
1a067bc9,29,,
7f20437c,502,12,
325466a7,45,,
d4576d97,,1,
86029a34,,,
db5dc24f,50,,
413bddc9,10,,
afee31e0,7,,
d260fb2a,9,,
9dab68a4,19,,
9c5ecd8f,3,,
c7c3d822,16,,
d67ace8e,4,,
355931f8,31,,
f64e24e6,,,
07876a28,4,,368
9f108905,369,3,
93162b93,23,,
a6f24517,15,,
41fff7c0,26,,
72d5bfca,31,,
b8026539,,,2
d3d11a18,,,61
a75ed7e7,8,,
3371c904,4,5,
fda362f7,61,,
99dbc3ef,,,
30fccad5,20,,
99c8ee52,,15,12
6d9c24ad,555,147,78
23696a24,27,15,13
1bf70b8f,85,,
ffd17c1b,23,10,1
ad104bfe,,,10
93c704cb,10,,
4771252f,,,
02245b75,,2,1
f69deeca,1,5,1
bd6fe726,,,2
4d562416,,7,1
896a193f,,,1
1cc01c49,8,,
d87926b5,10,,
5c4b5508,26,,
b9c4496a,,1,1
a44ea958,29,,
a1312e9c,,2,
c350e8b4,1,3,60
3522c053,,,
a312ce5e,,2,
1a10caef,836,,
1b1b5bec,,,
c60d15b8,1610,127,53
b2fcd4a9,13,,
03902d25,1,,1
ff29b0ca,2,4,1
4119fc9c,1,4,2
016d02ab,7,,
3116a73d,,,5
de446f54,,,6
2710fadc,6,,
ac84f1b3,2,,
b6bb1e18,3,,
4018d45a,3,6,4
11fb8deb,,26,
12966e0f,,2,
5e60c508,7,,
4d8949f6,2,7,
4305025d,7,1,1
08896d72,3,,
07cfaecb,1,,1
0e163811,4,,
373f336b,2,4,2
2c99d93c,7,,
fa50144e,,,
b7b54633,11,,
de3d64b8,24,,
4a96076e,14,,
76485ab3,,,
cbf878ba,5,,
07364d0b,,2,
babd9da4,118,,
c5b67b56,,,
06f10646,1,,
20bbeb3e,16,,
bfaff068,,,
ed89b85f,,5,2
c2717550,29,,
428bfcc8,6,,
69f902cc,,,
c3feed80,,,1
338deb18,3,1,
e3b3dff2,,1,1
1a17166d,23,1,1
5226c5f4,,3,6
4f1ac2e7,20,,
0467e93b,,,
0a9245cd,,,9
eadf45d6,9,,
ba897222,,,
3b6d7091,73,,
acdea70d,12,1,1
8f21e2bc,,,
469164ca,5,6,
49970912,149,5,11
7d6b72a2,4,,
a6485735,,,
32ed4d62,,8,3
c9bc20ec,,6,
f938c893,,2,
3b53e82b,,,
69cd5e0b,,,6
0f8a0223,,,
f73d5e91,,,
a3e62362,2,,
3db2e80a,,26,
6038c514,5,,
f17f9c9d,19,,
d727a324,38,,
2dc0cf6c,,2,
5679aa4e,3,6,4
c75a9864,,,
e75e0097,659,68,48
f3b79ff2,1,4,1
aecc8503,,,
510dbeac,136,106,2
9cd64f8d,,4,10
7f6130c5,10,,1
a88c500d,,,3
63f7ffed,257,21,11
58e704a0,,,1
ca01d230,117,12,5
f5f771d1,1,,
134c4ca4,,,
77c5ffbe,,,1
826c536d,835,217,463
8564e482,15,,
e6b8446d,,,1
3e7760f0,,,
52def2bf,,,
bad9a350,,,1
66b618d9,,,1
70c342d4,4,,
1bb1a74b,,,4
9255a839,,,2
c7551758,,,1
2777df61,,,
a66aeb11,2,,
2a7b598c,16,,
a310184e,,,
72c4fd84,,,
61b51e1c,,,
846006cb,,,
b7ec6f3e,,2,
798e72a1,4,,
66dfb6fd,,,
2bea888c,9,,
1dac21c3,,,1
1c775ef0,,,
199fdf21,,6,
ef7c2cb6,5,,
bde6c183,30,,
35009ad3,,,3
668605c4,,,
b4f778a0,,,
e9f3cfd7,,,
903c9c52,,,
1e9d1a75,,1,2
167d2de4,,,
7667d25b,,,
091d02af,,,
04482ef9,2,,
29950465,2,,22
f9ec757a,,,
6c509ba7,1,3,
db2b93a1,8,,
67b3d62b,15,3,29
66c5db02,2,8,
bf887e71,,,3
63024cc8,7,18,9
eb2fc383,1,,1
c4638f1b,1,2,4
6a7e380e,2,2,
e92dbccb,,,
08c9791c,7,,
d2ede5b6,,,
96bd3371,1,12,1
65cd2dfb,4,4,2
c0d4eee6,,12,
82065d8d,8,,
51729209,,,
856be0a0,,,1
eb7650ee,2,5,5
2aa2f43c,,,69
d7ba3baf,,,
148928ea,46,3,1
d011f2b7,38,9,25
61ea026e,,5,
e1abedf1,,10,
6eaf0f73,7,6,14
64d5a038,2,,
1296f2e4,16,,
8ec4c8c2,,4,
05c68594,1,2,
ea39b9ca,,2,
ece6eab7,2,,
db25745f,5,8,
1dd86be0,1,,
3dae7f53,62,,
36134289,11,,1
2ef8bc2a,,3,2
f12e6ee2,1,1,2
0dc81197,,3,10
1ecb726d,,,1
4a19a6ba,,,2
8a3c918b,25,,
ee3db428,10,1,3
455c71ae,47,133,7
222c4b6a,10,15,28
72b2eacb,11,6,
c5fd46e5,4,,
62fb8b25,2,,
df25f34b,3,,
1b57da55,,,1
c250fa59,237,3,
a9dff7f2,21,11,8
52911fed,,1,5
eae09bb1,,2,1
a351667a,,,
f24282cb,2,1,2
5b29f1bc,,,
94355ee7,,,
5a10df33,1,,
03ebc025,1,,1
b0a1959c,10,,2
043a6bdd,6,,
eaa04c6c,,,1
8fce6c44,29,,
6243fa31,,,
19798c4b,,,
bc8fd9a2,,4,
468a6233,1757,53,29
cf53bc65,5,,2
9b52b7a3,,,29
0c1ad4f7,11,,
f2ed42bc,6,,
a47564a0,21,,
fbff04cb,,,3
05bef7c9,,,
01b75f25,3,,
ffcd8369,19,,
b53e4624,47,2,
3b100597,,,
1e862df8,,2,2
de43cc2e,4,3,8
9c9a0b23,,,
603955f3,33,,
f32ce200,48,,
ad14e7c2,2,2,1
ea867019,28,,
152d9b38,,,
bf78a04b,,,
09d6e185,13,3,
cd2a749c,6,11,
5a172a79,3,,
8881fdca,39,8,1
ebe87032,13,,
0d1476ca,47,,
1fa1b166,,,
172af885,,,
94be7093,,,
4bc3153f,,,
532d4ad8,,2,
363c543e,32,8,20
04287862,5,5,
34414b2a,,,2
b9c41268,3,6,
11241eab,1,6,2
2f8dc9d0,,1,
f4348cac,8,,5
cb8f58a9,9,2,
3efa23b6,121,,9
e4a586b5,16,4,
15abd8ef,281,3,3
a2c12b06,152,59,4
bb7b2f22,10,2,
16a94920,,,
fafa0892,13,,
30f00a34,,2,6
57336768,11,,
3b9e4c7a,,,
eb244dd0,345,21,42
85410e32,72,18,29
428f3403,447,19,4
aaed0434,628,23,
794e084f,5,,2
46cc39ed,4,,
27c1ed31,81,10,5
193adf82,1,3,1
5635d485,,3,1
6e6f7c4e,,1,
ef530020,12,,
f972513e,40,5,7
9b04dff6,28,,
b1eab751,18,,
bcc31e18,8,,
9844cd68,25,2,1
9c1d1b45,12,,
b572a906,1,1,1
fbd2d577,1,1,
3896065b,6,,
fe22d59d,1,,
d2ca517f,,,1
a72def9d,5,1,2
a58a896a,6,,
8bd5e122,,,
06adf29a,6,,
c8a48185,10,,
f83d3dcc,10,,5
378d0c08,,,
f5bbd2c5,18,,
29deacf3,,2,
0adca437,,,
4f410a7e,,2,
398b0e30,20,,9
0ac51eca,22,,1
0815d31e,12,,
4ab9fe66,,6,
2ce4f5ac,14,4,5
ed1c562b,26,,
3a5dc3d7,15,1,
a6768e6a,1,11,4
d575f443,,9,
923f5c41,11,1,15
08c8d82c,8,2,
d64c9e47,,,
12c7f4e1,72,3,3
9aff8164,4,,
9b262c93,9,,2
2f9524ae,,12,
988140f6,,1,
697c349f,,9,17
8892b7bc,133,,
40b84aa9,22,,
4e16ccc0,30,,
1864c122,13,8,
212596c8,45,,
643c4faa,13,1,3
2e9e6c17,28,3,1
ce68b89c,7,,
574c9f6b,2,,3
94c9d956,,,4
c11c10b1,2,,4
9e3d7a3b,,3,4
d2d15f81,61,,
eba672e9,,,8
91b65dac,23,1,
dd56e25c,169,25,15
a2989da4,,,
c467ca73,,,
b292a486,17,13,28
e7dd8906,,,34
a8d6622c,,,
535bd9a6,63,,
c8a84157,,,249
3a901e0d,,,108
631b011f,1,,153
1657b40f,22,,
d3bed131,6,2,
03010d8f,4,2,
6724a749,,,
70ab0196,,,6
1083bad8,37,4,
54131bcb,4,,
fb06c3f3,,,
b8f1f23d,,1,
bc216b14,3,1,1
8d7d5b6b,13,,1
f8b8a5d7,4,,
11461268,2,4,16
595c1c2b,,,
87392e16,16,4,4
a7a28893,21,,
3e49abbd,4,,
f8258e92,10,,
2b378747,11,,
95bc7e51,13,,
e38a4d77,5,12,1
54a1235d,1,6,
9d6f56c4,27,,
185f9aa3,20,,
e58f0b0e,,,
a44e7bc6,39,,
ac38b952,33,,
45358317,17,,
5d896c28,,,7
645e7a0b,42,,
9c60f320,,1,1
a4b39205,41,,
1ba1bf2b,30,,
dffa1d25,,,
b5aef667,10,,
b79d8798,9,,
ddec979e,2,5,
e2527695,,,
a4373260,28,,
95e2d063,,,
fc59834a,27,,
9de8a4a4,,,
da40afee,14,,
002d0864,1,,1
bc128cff,,2,
500a3f1b,22,,
2e5b1ac4,,,
bec77d6a,,,
e8bfbd78,9,1,2
87713111,,,3
a25f807e,,,
b3878dad,30,,
7653328a,16,,
c88a29d3,,,
2e7d2a15,11,,
7cd58457,2,,
226e23b6,,6,1
825940ba,94,3,8
e238c6cc,4,7,
699c3d5b,,2,
17c59d86,10,,
d0d0406a,22,,
92d4f6cb,9,,
30650337,2,,2
33d51f77,,,
5154c5ba,,,1
959eb432,,2,
1e686f80,,,
b87f6d30,37,12,
868c754e,,,
1b38cdf4,8,,
6b10b326,,,
4a029959,,,
f921036f,10,,
e4e8042d,6,,
3052a530,1,,4
f3936e2c,28,,
c5eb1c57,,,
93d6e3f6,,,1
eea69135,,,
3c478d04,17,,
1a0d627c,,,
62fd1e6e,,,6
41910d7b,41,,
5c27cc68,38,,
bb616698,23,1,6
f0284f3f,1,,2
30f53b76,2,,
9d9664d8,11,1,2
c654cb18,51,,
bd802e00,,,
114b1ed4,2,,
50cd7009,1,,
eddf74f7,,2,
e3645ce6,1,13,5
eee2ed8d,17,,
f60b24c7,2,,
93b74b18,,1,
c576a3cb,6,11,3
ccd18242,27,,
cdcc25e8,,2,1
bdf0fcb1,17,4,
bf3bdd9e,,,1
91a63c4e,1,,
2ce07595,6,,
57dd2a1b,,2,
813a56da,29,,
c8e67be6,24,,
fed27fb2,13,,
cbeef917,14,,
1da86e7c,,3,
1ef53e2f,39,,
501f1a1a,33,,5
1c58ff37,26,,
93eddd51,,,
ef7bd85b,22,,
a5375cb9,,,1
6da1ecf3,2,2,
198bee10,,3,
cd5d4527,,,
17220048,9,2,8
2c393c05,,4,1
aaef43b2,,2,
08dd4e8c,6,18,4
79447114,4,1,1
0b5295ac,10,2,
7f78499b,22,1,
7a7ad7b3,5,5,1
b7822cc6,,,
7036c278,2,,
6ef3de5c,,,
ebcf6c8b,4,,
0b42f56f,1,,2
4631f7e9,,,
c9aba4ee,2,2,2
acd6d7e1,,,2
22453707,8,,
ed2b7e4e,,,
6b10bee0,,,2
722b3dc9,6,,
446bf7fb,13,3,
393c1eac,16,7,2
7243b16d,4,1,
3bc0b756,3,,
75b533ef,,,3
556b7ca8,,,
10cceaa5,22,,
f2d083fa,69,20,13
2e7f18bb,31,1,
f651954e,4,2,
9c55a217,24,,11
ea227f8a,7,21,51
73a63d00,,5,
90937c82,1,13,
5de9fb3d,,5,1
d09c9813,,,
4051be22,,,
21b973d2,24,,
5dcca02c,,,
6c6cc61c,18,,
3bb91d54,5,2,
22452408,20,,1
f03d62c5,5,,
f38af8b3,1,1,
fd6d9885,2,2,9
e4a301dd,15,,
8b372c1b,,,173
de5fef01,37,1,1
f1fc00a1,,,
524e05de,1,9,7
6ce5db30,,,
be4c05ad,,,
df2a789f,18,,
fc6fd3e0,3,,
0b035221,,,166
365a9726,2,1,
02ae0e10,17,2,5
57585f9b,6,2,
5913b4a4,2,2,1
9f9ddea2,1,3,1
ebc83338,,1,
bd99b722,5,2,1
799c6120,5,8,5
424c7709,,3,
cddb1ed3,3,,
1175f22a,8,15,6
91ea275b,1,7,
f880c5f3,6,10,2
608d2dbc,4,9,5
be841b1d,7,12,4
114bf972,,,
81ebbebf,2,,
fbb574ae,41,2,
4448dd6a,,,
458a7a80,28,,
f944af11,2,,2
2fbe17c9,14,,
877d3353,,,
deac7873,12,1,
5cd2c3b5,,,
7fd1e582,1,1,1
0e7f86b8,,,
bac964fe,,,
8d511164,,,2
8732875d,4,1,2
052f2feb,,,
6287aa44,10,2,
d6f24fc3,9,1,
2abdf14f,,2,
52ab9490,,1,1
f6447e70,1,3,
b6f5e734,,,2
6260f49d,1,1,
8abb2ee0,5,1,
dd14fd01,,1,
90ea4484,5,,
0b198c0b,4,2,
68f567c7,,,
7208be12,2,2,2
7724bd24,,1,
29fb3263,2,4,
5199880d,,,
2c9dece9,,5,
fee0f90b,,,97
42448fc4,6,2,
a8d31ab9,4,3,2
f9248df5,272,12,
3133aac7,5,2,
1ebefa3b,2,,1
4c6e0c8a,20,8,15
c2488dc4,2,4,4
cc759f1c,42,1,
a9834d20,3,1,1
bace2a44,,,3
c89cbd6b,8,6,12
828e7813,1,,
ec08b04f,,,
c6d85605,4,3,
45954f1d,,,
7ae4b801,3,6,3
b79277e4,1,1,
357d483e,1,6,4
5993e792,10,2,
43aec325,,,
9fedd671,22,,
538274b4,,,
e9f24632,17,12,7
4acb3eee,4,8,3
ea3c108c,3,3,
452a5fc5,29,1,3
308222fd,5,1,
52e4ea94,1,2,
33f0d77c,4,1,1
3c76d11d,3,,
92d28cdb,,9,
f333a60a,,,
506d0f40,1,,2
1d026ac0,11,3,45
77710977,2,,8
6f9cf436,55,4,1
99170431,1,,
7539be6c,,12,
e2781826,,3,2
12dab9fd,12,2,1
8a15a502,1,6,6
b4c54fdb,2,15,10
e667993c,25,1,1
bf72c56a,65,4,7
7b531f0c,9,1,2
54c49c7f,5,6,14
fff145eb,2,,2
aa989f6e,1,2,4
f0e18fc2,1,2,4
425c6818,41,,
d000971c,,,6
2b1243e6,7,23,8
300ff44b,,,1
f479bc8a,,,
a4d5bb42,,,64
be43627a,8,40,7
05e2e58a,9,31,12
4ad6cc93,,,
07f20a87,46,,
5bfbea1f,31,,
9e1ae6de,84,1,
92e593c2,31,6,3
c4def2db,,,1
721eda40,,2,
31b5fcf9,,2,
9133c66d,39,,
8fcd7163,2,,
796c71a2,,4,10
e5b7f52b,14,5,10
6af6b01a,19,4,4
7b40f74b,6,4,6
55f1a9b1,25,15,10
aa369faf,179,,
ff38ebf0,,1,1
4179c843,3,,5
59a2a422,3,,
2b86a786,4,,2
7a6439c8,2,2,
081b9269,,14,
2d4ee756,,2,
366098f4,7,7,7
f4758569,2,,
560d6709,,,
fc6d5527,128,,
e714f825,,,
983823db,4,,
8396d96a,11,,11
087ca5ce,4,,
f5eb81e8,,,
9ee44f1d,,,
5cb9449d,69,,
3fd4c341,26,,
e3b9215a,4,,
9163f109,2,,
44c93939,77,,
277ba785,137,16,7
8483143b,16,9,6
b66ba36a,5,4,3
32584a22,46,,
2e26648a,1,1,2
d53d544b,2,1,
ae19710c,,,
e7002276,,,
8f960128,7,2,4
393616f9,,,
ef46c6f7,34,,
229e262e,,,
c6cc4675,,,
351f86cb,10,,
e0e6d3c7,,4,1
9c2395e6,8,9,8
14849eb8,,6,1
6e96338f,1,2,
bbe2806e,15,,
9e7d3307,,1,
96129b8d,10,8,1
0a449b04,6,4,3
ff366b8d,8,10,8
84d3367a,1,,1
e033518f,1,,4
44aa281e,,2,
f46cb713,,,1
80f1d955,14,12,15
3899aa3a,,3,
72279b8d,2,,
d8e4f042,,6,1
bdaa3362,,4,
b17e5916,15,,
6668c11c,,,
cc520298,1,,
b349d6bb,,12,3
133b9c66,16,,
92def6ee,1,,1
d5f3c844,,,
7327cdeb,2,4,4
b30bd3d2,3,4,3
cc2bcb78,26,,
222fb316,17,3,12
0de98366,24,,
5ba5027e,4,,
2c9fa6a0,,,
2499509a,,,
bd697c38,36,,
b8620556,12,,
fee266e7,36,6,2
a05e2fd9,1,,1
477a9b90,2,,2
12b73b9f,4,,
37aa2715,4,,
ba38b2af,15,3,
1c5796c8,4,,
1020ce23,,9,
2c382d9c,7,2,1
ec5a0175,,,
be8a2f50,33,,
ab113fea,,2,
4a0dd47f,,,
91774ece,,,16
ffdca4ca,51,,
e201a3fe,,2,
eac0fd4e,,6,
12b5d784,,,
6e16b335,1,2,
7bff6bbb,9,1,1
bf8bc8be,21,,
9b0dfc44,6,4,
922eb787,29,,
5ce071d2,18,,
5742f310,7,3,5
149bdeb1,,,
fe24adc6,87,6,1
4cad6d14,,,
2a5d5481,2,1,2
3fd34753,8,1,5
28bc11e4,,,4
426af122,1,,5
0e3c0f36,,,2
851d7c0e,12,,
f6a25f3e,6,1,6
b8102b97,6,4,21
fa424031,10,5,1
102ef52a,39,,
686fdd8e,,,
eb55fdba,,,9
2080f93e,7,,
7400fdff,7,,1
71ffd8fb,,,15
7da44d21,,3,
6584041f,2,3,
782216f2,,2,7
2b879ce8,,,
ee27f3d7,1,,1
42d17c1c,4,2,
e8a6b469,7,17,6
895e273e,2,1,2
eb3925fb,1,4,1
c9f92be3,3,3,10
9254032a,26,,
ac9b66df,8,,
75968ea1,6,3,1
c00ef532,9,6,7
2e48d26f,10,10,10
ade4f147,29,2,6
01625ede,9,,
7bee5f63,20,8,3
12220777,1,,2
33b6d5c6,6,3,11
464a60ea,,4,
af81fa53,3,,9
8118f458,,,
16b56b6d,91,,2
add60364,,4,1
cbd92a85,3,2,3
c1e7dc0d,7,1,1
5aa9389a,9,,
df385e01,17,,
a9c3c086,,3,
b5ed6316,2,13,5
14613583,,,
bddaaa63,18,,
30749203,1,,1
04f7919e,13,,
706ec1d6,4,16,7
e42eab8d,2,,
a32f9673,,,
f94d6ccc,4,,
bda2923a,,,4
0d5c627e,44,,
b8fbbc3c,1,2,26
979cd6e3,15,,
6c52dfac,13,8,4
120da934,2,52,9
092b3213,6,,1
02ecb42c,88,,
8228e34d,7,,
bc29b044,12,,
8b17941e,17,,
8438a27f,7,1,2
c3f0555b,,2,
40dc518d,1,12,11
fc6e8af9,,4,8
2b704f93,2,2,2
59917554,9,3,7
0a76200a,12,2,16
279b527c,,,
3aa3ac24,4,,
97dca03d,86,2,2
a4c585e4,11,2,1
e5c20ff0,,,
a0a53976,13,,
0c7f7080,2,,
a48a53ad,15,,
df3b2605,6,,
7e5f20e1,11,6,3
d8a7a0b7,11,4,4
59cd8a8b,11,4,
f18520d3,,1,
c1fed77c,2,,
a910ebae,,,1
89d3f723,4,,
e60010dd,5,,
1f02eeaa,4,,
9ea45636,1,,
25a64f5d,7,,
0e97dc86,,,
9c3ff77d,10,,
bb662b42,,,
f0b106ab,1,,1
65bf9a0a,5,10,3
b4c1aceb,1,,
8f7f048e,1,,1
423d49fc,13,,
7a10897e,4,1,3
2819b313,22,,
d06f8f87,25,,1
56369e71,15,,
da60bb96,15,,
2084d90f,,13,3
36724980,,,
39b7570d,6,1,4
6da20ff4,59,1,1
ffaad441,,2,
4e2e586f,3,15,2
83ccbf07,,5,4
19281407,3,,3
221e5dc9,6,20,5
2030aeb6,,3,
4bb514dc,,9,1
8a13a58c,13,,
3d7ca2e8,17,16,16
f4104354,22,,11
f7bd1ca2,22,,
5f3ca56a,18,,
c970f326,,,
e3962992,,1,1
c2a67996,22,1,
ce91d778,26,59,45
07419451,7,2,1
c17010d9,,,6
80c3ca19,,2,1
a4f71ef2,16,1,9
15f753ce,31,52,38
34fe047d,130,,
ca815da9,3,,1
c5ddb0b5,4,8,7
05523630,2,2,2
3e87601c,19,2,
a086b8ff,16,,
a039490b,34,,
ebb75abf,,20,
a45c572d,21,,
cab8e4d8,,,
1805d42f,9,1,
50c94d73,,2,
06b521b4,,2,
528ef210,1,2,1
9d100238,5,,
860285be,,2,4
8939fff6,,,7
18cdfdc6,1,2,3
4a4cf849,10,,
648493db,1,8,2
281cb6a3,11,2,2
c3820519,6,2,
5b91988d,13,3,2
4c5bb1b1,15,4,2
29f02a2a,3,,
899e7afe,,,68
e04d2cd2,68,4,
52600ea3,3,12,
0f9fef53,14,2,1
ff141b5a,12,4,6
1a217c46,18,4,2
a47c533e,20,,
99573ad0,9,5,
82fe27e4,5,,
0f8409bf,,,1
72edb72f,4,,1
71c8dffe,8,,
f06b24be,1,,
05cf9b75,,2,
36d84332,5,2,4
faefaa50,5,,
458db435,9,,
52a6046e,1,,1
c2c3b5ed,21,10,
71122adb,9,2,
8e647b88,,,
bce77ee8,25,5,1
c7ce725c,12,,
33fee76a,9,1,1
1af3eb4b,9,2,
c0cc59ee,7,,
36134321,3,4,
b08f53ce,,1,4
3130bcdc,15,1,14
afbb4c60,15,2,
0480ef73,,,
3b8ee235,5,2,1
b3fbba5a,10,2,
42b09f34,3,,3
951a83c6,1,,
ca62e147,3,,
bde8a4b7,4,,
a4a6fcf5,9,1,1
cfafcc57,14,,1
6633f5b9,15,3,
ba8559ab,2,2,1
82995423,2,4,2
9543f1f0,7,2,14
1a12a44c,3,,
2d61b547,14,,
eae3624d,5,,
ee37eb8a,33,,
b76928dc,6,3,
62fd8f89,2,,
22ebf4a2,9,,
d9b9c30a,3,,
aa0030d5,14,3,4
8118dd3c,18,,3
666f17e0,1,,1
c4b0cfcb,35,8,
e4df951d,12,,
858e786f,,2,
799e702a,4,2,1
ccb9c4a0,20,2,
e597d29c,,,
9d954b0f,2,4,2
502e405f,26,6,3
5e462746,,1,1
78abeaf8,6,3,
ca5d33bb,10,1,
ca3e3531,,,
e088098c,12,5,2
62e0386a,13,9,
134248ac,3,2,
6f9026a1,35,4,2
c9d4d73b,,,142
611dd456,152,,
bf18f6d1,12,,
afb78146,1,,
d0a08ef5,,,
df46e27e,,,
9bd70309,,,
b9176ba5,,,
43757b19,,,2
75784390,,1,
dac56fd8,,,
f58149a0,2,12,4
4e7ef2e3,,2,
1ea85b4a,11,8,
6b45feb1,11,,
2448ea7e,1,,47
fb407c84,47,,
6ed93723,9,,1
a66b72b2,11,,
ae6082cc,13,,
311e86fe,9,1,1
3a3b0cb1,,,125
ab9969a3,128,,
cf73a09b,3,2,1
625f4e12,2,,
c257a339,5,,
b97de291,11,,
6af58dce,5,,1
79d73136,3,,
3d0def73,9,2,1
e2371cec,15,,
31de9bbf,11,,
2a544247,9,,
b19a5af1,4,2,
8c81ec9e,2,,
83f2c36c,2,4,2
4557807f,7,,
be8ac5da,21,,1
77b1225f,4,,
930f2c3b,5,1,1
e491f953,4,2,2
361111b1,7,,
49594e49,,,16
359b9252,16,,
4686bf0a,,1,1
e412b138,,,3
63332746,,,
2c1e9789,1,,
ec9b1669,6,,
2fcc1187,15,,
f9712c2d,2,2,1
380e14bf,15,,
62292a5e,,4,28
14c76d37,,4,18
5a1c890c,37,3,
c82d342e,28,8,
c7a1377c,13,,
e07fbcf6,,,6
b8514173,6,2,2
cc7775d6,30,,1
f6e6b977,,4,10
3bbfdf17,20,,
f147b8b0,64,3,
6c3a03f9,22,,
8ec7ccd7,1,,1
7da1bc0e,10,,
075dd7be,25,,
429fe667,19,,
3433af92,35,,
5b2fd4d0,,,2
a72cec5f,,,8
98890ad2,21,,
cb6ee368,1,,
1157dc6b,7,,
1f5cf715,,2,
21199814,,5,
863f6e4b,10,,2
7c23ee9d,,3,
aaf7a647,,,
2b9f237c,15,3,7
b3c95777,52,,
17da3821,,,
6a77eb56,3,2,2
33cc1f29,5,,
fd416a00,,,
d6f20b1e,,,
e1d9737d,,,1
abb54b91,1,,3
813295c4,5,,
c3ef5ed5,,,
e9e91d80,,,
819fb33d,,,
8641b957,,,1
3d729427,5,,
1e7f8dc2,10,3,2
a830caca,2,3,
7d17c4dd,6,,
91a244e8,1,2,37
67844d33,14,,
1b2cf960,52,,
4232fa18,24,,1
ce7f1f11,6,,
7bdb8ec6,1,1,
aef5e030,27,1,
6458f2f3,,,
495a1353,,,
984a0bfa,,,
3a1897d6,2,,4
909f05af,,,2
cd5e64c6,13,,
1fd1a2e0,,,
11e6c4ad,,,
095329b1,,,35
5489a6a1,,,
105ccb06,,,4
fd6fb973,,,27
76351a44,95,2,
c1d0444e,,,
e7819aab,,2,
10cff430,44,3,
8871fc80,,,2
27d0f435,,,
f380ca54,5,,
843c3361,15,3,1
bdc54a57,10,,
561ec822,,4,
270bd5b7,,3,
0b375c6d,,2,
125073a9,1,,
8c532286,,1,2
0b4957e8,,,
e6837987,,,5
4610d3e1,,,5
b51efabe,,4,2
0fd0f229,6,3,12
6f8e29db,32,,4
3201a925,7,,1
bc0ca7a5,48,,
79269f8a,,,
0eea508e,,,
d28c7a14,11,4,
16966273,,,2
56c520a6,2,,
e5e92b6a,1,1,3
a2e7741d,3,,
7175867d,13,,
2cf72a18,2,1,
044e6a33,,6,
9722a641,14,,
f5af87c8,6,,
a7eeabc8,9,2,4
52995a51,9,1,
dee468a1,5,,
de6dbe89,,,24
a7464803,9,1,3
5fc81e08,,1,
829521b2,,,
210be2e5,1,1,
830a6c61,,,
acd6f043,1,,
2a64bb22,,,
b0692e8e,,,2
af424e26,,,
6ffd867e,1,,2
8b409e07,2,,
279ccd2a,13,,
66f6623c,5,,
3572f7ec,,,4
74bafb99,3,,4
9ca6724a,,,
a57fec09,13,,
59bd37ec,4,1,4
f5990cb4,13,1,5
343a7432,2,,1
94f9a60d,2,2,4
8555b952,9,,1
7245aa57,9,2,1
8b070d27,12,,1
17228e37,20,1,
144ce58d,10,,
e85fd01d,4,,
e84500c4,7,,
dd8debd7,8,3,1
38361e88,3,,
34c89649,3,,1
26e6d6eb,3,3,3
cb1c8cb3,11,,1
fbb5402b,1,1,
c1dce2cd,6,,3
f50f4eb6,,4,
2bde87be,13,,
2035877d,,,
7cbbf265,1,1,
011d6a1f,3,,3
1a8b39bd,16,,
780300b8,2,,2
ecaeb5e8,46,4,10
bcfc7d9a,9,5,3
71a230ef,,3,1
dbd5616f,3,2,2
676bc5d1,56,1,
2b7304c3,6,,
f82c1030,2,,
c5ba7852,8,2,
852c5b96,11,,1
bccc8fc6,1,,
0f71d7d2,1,,1
b7d6a537,6,,
4a1370d1,,,2
b30b2ffc,1,,3
158195c7,10,,
e23d9ce1,4,3,
80c15f30,,,
fdfb24d9,3,,21
aaa1111c,23,1,
15ec7c16,3,4,
a7ea6c8a,,,
4f0baa25,3,,
174f3fcc,2,1,
c3dd5900,,1,2
5ac1e624,21,,
aff48b8b,,,
38803691,2,1,
480edf4a,6,,1
015050f9,,1,
e8ffb362,9,,
dfd157bb,3,,
2f9a9965,,,
2dbcc247,,,1
1083636c,3,,
9d0902f2,5,1,
b72a8653,6,3,
a568f987,,,
35fbbd78,2,,
45c0260f,2,,
6f5111ac,,,
,,,
