630c8271,1,,1
f60d08fd,1,1,1
53b2dea3,21,8,4
620dad0c,3,1,
9b08dbca,8,2,
0dc71cee,1,,
952eeb8e,8,,3
d67d639f,4,,
df08467d,1,2,1
8186c9aa,1,,
93d2807f,1,2,
301e22ea,,,
cf713d03,,,
4b9125f9,,1,
a137291a,10,17,3
6afab517,,,
09207389,,,
cda4f88c,,,
fef462c0,1,,
7f955061,3,2,
804d8434,10,8,7
253522fc,10,,
83710cb2,,29,
c321e8ea,3,11,
ecc238be,1,4,1
5b1fe611,8,3,
28187300,2,16,
34b25dc9,,2,
d5d1b898,1,2,
05e5ab1e,2,4,
a214f2eb,1,1,1
f164759e,1,1,
06f3574e,,4,
8f012598,2,14,3
5e42e758,1,1,1
00afb19d,,2,
fa4e28ba,3,1,
9ffdec30,3,2,
0337ecdc,23,15,7
4a8d3a27,,3,1
cb420a9f,,5,1
8687e1ee,,,
4c709be1,1,,
9b95b8ee,1,2,
b1d4b2af,,,
3fb1b992,,7,2
370de7c4,,,
12f6500a,19,5,
c7c8e6a3,3,2,
3e3e5155,5,18,
35215309,,,
400ca873,6,1,
abe77511,,,
6208c9b0,,6,
1611acf4,2,,
a4393831,,2,
48911e0b,6,2,
b53cf045,,4,
d133bf06,7,3,12
ec91c40b,,,
4b728cd5,,,
f904c63a,2,,1
9a331150,,,
8a857615,1,3,
c3637ff4,,,3
030318e5,,9,
19d1f4ea,5,1,
4d6b006f,3,,
583fc272,1,,2
88f0586a,5,14,3
987c4438,,30,1
7727649b,6,,
8ae126aa,,5,
c3d29f7b,1,,
546ddd2c,4,27,
47985c11,1,1,
0bce0450,3,13,
932d77b8,7,67,
69c644bb,2,17,
ed54ab03,,,
1d09efee,2,,
30a02b44,1,13,
09d9daf1,,,
dc0cf3e0,,6,
cff87de4,,1,
369d64c3,4,10,1
cbe9ed8c,2,,
f01a5901,1,,
a0ed6ec0,2,4,
437849bd,,,
18b170bd,,17,10
54c3de0f,2,,
d03bd44e,1,,
358249e5,4,23,
b8332860,5,7,
a598c3b6,1,,
095dadcb,,1,
c60263e8,3,,
bd800fa7,1,,
0261e006,5,2,
dfeb4b15,,2,
c0ae5e69,6,4,
b818852c,10,7,2
f4d7e8de,12,1,2
eaf17713,,3,
b47fb817,17,,2
010dbe3c,1,1,1
1b1f7677,5,,
f9604eef,2,1,
4cd39cc4,6,1,1
3ec29455,,,
0f34d887,3,,
0b690a99,,1,
a4146b70,1,,
81a7d141,1,1,
f874a37e,1,,
da2e91b3,1,2,
3f244a94,,13,
401b1966,,35,
76c5f6cd,2,,
f8ff834f,28,1,
587afddb,2,5,1
c58069f2,4,6,
0f4001d5,,,
a95fd91b,,4,
ee9057ad,,,
473f6a6e,4,,
74160205,3,,
602ee544,16,13,8
9d51a40d,2,4,7
8d78893a,,,
cd4594d2,11,16,2
965734a1,2,,
ed066838,8,10,
b309271e,5,2,2
62d8a5e9,6,,
c75bc1f2,5,5,2
2e92a2f5,1,,
d60cd023,16,7,1
fc3b145c,2,,
40af10b7,,1,
6e6cfa06,86,,
6e5fd931,,,
352e36a1,,1,3
2c90b623,3,2,
0adccfdb,,,
de082bf4,,,
b0823761,2,1,
f6251c82,,,
bd772d12,8,,1
6eb9674b,,2,1
d1055e06,1,,
c11b23bb,,1,
bf8cac49,1,,
48df2f66,1,,
0a8e1aaf,,,
12ccd40c,1,,
ed46c4ed,31,,
a53f716c,,1,2
06dcca1d,2,,
d2d3e6ef,1,,2
c6c0984b,1,3,
f40ecc3f,1,2,
ce241bd1,15,2,1
1e5fafe4,,,
15560530,1,38,
268b9018,3,2,
bc8e0226,8,8,
e00f2496,,28,
756854e9,10,,
c1d0d88f,5,,
ad6af325,3,,
73f23c5f,,,
650406c0,,1,
02b7507a,30,20,4
4f982be9,2,,
108fbe52,,1,
7928a6fe,1,1,
8b273983,1,1,1
6cd5e8b0,,,
01e46ed0,,,
4ed961f4,,,1
501662a7,3,22,9
40ae4fef,4,,1
1e70d309,6,2,
7bbb4ef8,1,,
46e66b45,,1,1
fbbaf2bd,,4,3
011841e4,1,,
2923f335,,2,
5257ec49,,1,
3f3d309a,1,3,
978a46cc,5,3,
fe5c69bd,5,2,
95b9b0af,,4,
b874edbf,5,,2
d2bd36fc,6,2,
e72c197a,,44,
3e6b54bb,12,23,
c795e889,3,15,
6e6edb59,,,
9dd5c928,,,
7f23c34b,,1,
0db65227,,,
614b9e0f,3,,
b423a357,2,1,1
b1695fe1,1,5,
c43dc336,,,2
9ba942e5,,1,
e975c5f6,,,
49d1db41,1,2,
bed74d83,3,1,
36304e1f,1,,1
4afabd3f,3,1,
1879433a,3,,2
1df5b02f,3,13,
8a095d02,1,,
f0c76cac,,6,6
b640797d,5,1,
c0e84070,,,
4921f62c,19,5,3
b769ec09,,,
2d815fa7,6,2,
27ff1531,2,1,
4c1e0f59,8,,2
e305488c,7,1,5
46dac128,1,1,
336bea9d,,,
3ae57cf3,4,,
031bad60,6,1,1
f72f162e,,2,
322a0621,,,
61dba950,1,10,
1740f366,6,1,2
e6c9ac96,1,10,
6ff48dcb,6,8,
f3c6da32,,4,
819b870b,2,,
062d9269,4,21,
d6e60054,1,2,
33ddb83d,17,4,
ab9f0a0f,1,,
83bca872,,,
e24e06bf,1,27,5
2b4f6677,9,,2
b6c42f65,,,
adf2596c,,,
ea73e47a,,,
336cee9b,,11,1
e004b4a3,,5,
6b033c51,2,1,
c9668ce4,1,37,
e329ca1c,13,7,4
942b993f,,2,2
144716f6,4,1,4
0c5014b1,,,1
1cf26872,,,
94ab0dc4,1,10,
f9888acf,2,,
55ef09f1,11,,
5f0342eb,11,,
45486865,18,,
640a22df,1,,1
79ed1c68,14,,
661bd868,7,5,1
af2f3436,10,,
5ad35a15,5,2,
0276b6e0,4,,
1988cd04,,5,
63bae095,,,
1453f8d1,3,24,1
805ac002,2,13,2
0cac1a6c,2,1,
b215794d,22,21,27
f2b1d951,,,
3f101caa,2,,2
aabb73a9,3,34,
ca1e1fcd,,1,
251bb1a7,,2,
95b02e49,,,
d7c977dd,1,8,
ec368fea,6,,
7cced557,3,,
32746c53,,3,
3c8f4b81,2,,
09a05b68,5,14,
9ef83234,2,,
d8cb9ce0,1,2,
460d1251,1,1,
65cacc9b,1,35,
f9cadc0a,15,,
c1b1d626,4,16,
433dbeb1,,10,3
12a413bf,3,10,
7aca99f9,1,,4
7d213240,4,13,1
e420f857,4,,
7f4ade7e,8,2,5
e5e4c18c,8,2,
a3e41ba6,,10,
907ed790,,6,
93b144b7,15,,1
0a47c590,15,,
e6126215,17,8,37
844d804a,4,6,3
a8bb9dc1,2,8,
78522cf3,,8,1
48b4502d,3,,
d976dc10,8,7,
c921742a,1,27,
f115bf50,2,,
3648ab03,,,
72a21662,1,,
25d14603,1,2,3
0013567c,,,
1f1a60ae,15,,
2adb8bd8,6,16,8
cc069722,3,2,
3554646a,2,6,
73e8122f,2,,
ef5ebb40,1,2,
7511c151,5,1,1
8c5eeb58,2,6,1
8618a335,21,,
e7f02b1d,4,18,1
570d96d8,1,1,
35b0cd58,16,11,
bcad9dbf,5,18,1
e0bbff74,1,1,
93130b17,2,9,
fbe0e350,5,28,6
7321418e,,1,
fa584c14,,,
ad1f0d46,1,,
cdb2a278,2,5,2
7995afee,2,1,
58e74e9f,9,13,
911b2acc,1,2,
413c7c2c,1,18,5
424bb09d,4,1,3
8aeba78e,8,11,2
e62e6df4,,,
92b786e2,,5,
dcbbae7f,2,8,
baf273ae,1,15,
55b501d0,13,30,10
d8e187ff,,,
dcc39e5b,,1,
521e8798,3,4,
dcb828f0,4,2,2
dc98eae5,,5,4
d93c607f,,,
740c68fa,,,
4793daa5,,,
50a067a8,,,
17e1a26d,,,
09dd6a5d,,,1
55809744,,,
1b0a5459,,1,1
16b1dbdf,6,4,4
9bcf3197,,,
3fe1f715,3,7,1
5eca326c,2,,2
d3ca087f,16,11,1
83a19d56,6,4,
940f15f0,,,
bb1833f2,2,,1
ad548a6a,,2,
06da0ceb,,,
78786e60,,,
47f016bf,,,
5a6ee27c,,4,
e069079a,37,17,3
c3298a38,,,
003c8cc7,,,
28d25606,,,
1ff2e1fb,4,,
70c5c48e,11,4,2
4d5f0e7a,4,4,1
9d56439a,,,
3c8c7fc7,12,2,5
aa8bdb5d,30,16,38
80b8a91b,3,4,
282aa356,,2,
44bb3b6f,7,1,
b32cd26a,,1,
b1332bf1,,7,
14189140,11,1,27
8c877966,11,,
901c66fa,3,7,
bf0a5317,4,4,1
15611dad,8,2,
de9e6664,,,
e4046905,,,
d2cb51bc,1,4,
c0396818,,4,
a739d897,,1,
e5007550,,2,
870b5f5e,,1,
5c572f0f,,1,
0fffc844,2,2,1
379ac890,1,1,
bca35b04,1,2,
9bd6d812,,6,
7528e5a1,1,2,
cc336ef2,5,16,
c891c9c1,1,44,
f5bea11e,,2,2
d9d0e633,,,
6780183a,1,,1
0b0de76a,,,
89ecb4b4,9,13,5
dd9ad15b,1,,
c80fdc82,,5,
1065e0f2,15,7,1
c93e58c4,,,
6e859469,5,,3
b18a201d,,,
cbce95ea,3,1,
566566db,1,14,5
2beb5fc8,3,,
fe2dd973,6,11,2
1d7c3fb7,15,,
ba274566,5,,
0234878c,5,,2
03d89c22,,4,
123e07ca,,,1
5de38051,,,
da86b85a,2,3,
053e6184,3,13,
5d9a5d3e,2,1,
34690044,,,
e487db78,4,1,
0774c914,12,2,
4875a2aa,1,2,11
19dcb150,,,
e249b453,1,1,
505993a2,,,
52e19d5c,1,,
8be9a63c,1,,
08284dbb,,8,
74f24a5c,75,52,48
3a2b462a,9,3,4
5380c7c3,59,41,17
8cb5d0fa,,4,
d0c43c9e,1,7,
0bf614d9,,4,11
1ba59204,9,,
ce4b4da5,1,5,7
85f5d6bf,,3,
b30c4f89,,,1
e218759c,1,,
f8b495b2,6,1,
bdb0a39c,,4,8
db478128,,7,
34874560,,,
0f8ecdca,,4,
918fde82,2,,
237a4da1,14,11,
d56f403c,,,
d63bb481,1,,
a75ac747,,3,
32f49776,,,
4bb89dcc,34,34,18
4448b8f4,1,3,
8320a45c,1,4,1
6ab9c177,,19,
2988fb8e,,,
068e64db,1,12,1
21b7ab1f,,5,
580ac8cd,,2,1
8adb30bb,1,,1
d9d3d657,,,
c5b5d363,2,2,1
60250f37,2,,
339131c6,1,,
fe8ecea3,,1,
732b1458,2,,
529025d9,2,5,
359beff5,,6,
efb2d141,,32,
34fdc7a3,2,4,
486f9622,1,3,
d8f4547f,2,3,
452fd362,10,1,
2fbce6d4,,17,
8a25c359,2,9,
d141ba11,2,2,
06f64948,16,1,6
f897507b,1,4,
3cdff368,6,117,8
e5a31a42,,3,
a91df58c,31,13,1
4af47f0c,9,,
ef22e65b,2,2,
08748344,3,1,
dbd82e07,18,,
0afe4e09,,2,
d125adec,4,5,6
96e06aa7,1,,
c43e09da,,,
b8d3d965,2,3,
3e9f6175,6,18,54
64a3e6c6,,17,
0ad99310,,2,
f1e14d0c,,2,
e6a399a7,,17,
d4b9f3e4,,,
4c14d119,1,,
96f52e05,1,6,
61529900,5,1,2
43ae9748,,29,1
b249714a,,10,
e5455d31,,4,
74140dbf,,4,
81fb2eed,4,13,
7cfe4161,5,,
24263c2b,,,
86e653e0,19,21,3
f7b3caed,35,63,8
df568c73,14,15,4
83db2b07,,,
ec490b2a,3,6,
016e00bf,,,
d3581b57,1,1,
d040c939,,,
4d51eca2,,13,
c318fc7c,4,13,
6d80c641,13,11,2
449befa0,2,3,
1ba265ad,2,1,
91b62da8,,,1
1df8f2cc,2,,
8d0e0922,8,4,
f3504776,,,
b7a5743e,1,5,
32b3f58f,,4,
bc46a99e,4,4,
d3c44ef9,5,,3
773757f2,1,3,
dd69a813,12,8,
3b5dd4e9,,,
ba3616da,2,10,4
322fe8ec,1,,
cc1a2091,,,
c8a23028,,,
efe37e0d,2,4,1
d672a5a4,,1,1
83de77fb,,,
c3bd1245,,14,3
01eb428b,1,8,3
1767814a,5,16,4
1df722f6,,,
cbde38f6,1,6,
7baef4fb,,,
9ad74e72,2,1,
6cd08605,8,15,3
5934ae8f,,14,
8f8be312,,1,
6b25909f,,,2
6d029ad3,1,4,
81f9434e,2,5,1
82a43727,,,
14ea69cd,4,,1
7460d90a,,,1
575baf50,1,,
e597756a,3,26,10
b8a418d5,1,5,1
aa38b6a7,14,5,
94c0ef3c,10,22,3
66c83f7b,7,13,2
ca5ed7c1,1,3,
3f0085c2,,,
f00638af,1,1,1
1cc4607f,,,
051e0ad4,2,1,7
acc07fac,,,
80aa5dcd,,16,1
f208b147,,,
047da110,1,3,1
79227575,,,1
629b83e0,3,4,
ed5fcbb7,2,2,
1f0d47de,12,1,
b03b0f22,,129,7
e06cb82c,,13,1
9fa3e556,3,10,
f8788a9f,1,1,1
24f801c7,4,22,2
270e9d66,5,7,4
4aa80025,1,16,
eee0ec39,,,
b71abced,2,,
742ee764,1,,
d56a7560,1,,
3c4dfed0,15,17,12
b419bd15,,,
ca9d1658,,,
61efd819,,1,
2f8fe2af,5,,
12a57545,3,3,
2db4f255,1,27,
6a8532ac,2,2,
61b11651,5,,
201d9b65,,2,
915bf5f5,,,
d768c5e6,23,5,4
ba5d1880,,,1
e4531918,14,16,1
0f1a2ca5,6,11,2
4c6d946f,2,1,1
732948b3,7,4,
f20063d2,,4,
0ee49e6d,,38,
d88cd23b,,1,
5643cc6a,2,16,
a093b89b,3,3,1
dd837fe8,2,15,1
ce2ce9d7,2,14,
c053c514,1,16,
94e9448a,,13,
ec935c5a,1,15,
63f5cdb0,2,,
14108999,6,33,1
cd80b6c2,,10,
cf26227c,2,1,
963cd22a,,1,
f65885fc,1,6,
aab89b05,,,
174f4ea0,2,,
464ae9fb,8,6,
02a2738c,,4,
9a0fd3a7,,4,
e70fbe31,,,
a3e496a5,2,,
3cc40529,423,80,27
2d38a445,,,
e58095c4,,1,
ed37cf20,1,1,
92efa3c9,5,1,
ea1cb20c,1,7,
b1cb0595,4,,
ffd69115,,,
5a2d0468,16,36,4
231e6a5b,1,6,
b662afee,2,31,6
8b13d965,1,,
57d33935,2,4,3
9cb858fc,7,11,3
a45f9d79,,14,
d21f2adb,8,4,10
7f3b75a5,,13,4
98beb777,11,8,
e78ccd6d,2,,
799350c3,1,3,
c6ad9338,1,1,
7214740c,17,15,
34ff9cf5,5,2,3
c663a943,4,5,
4dd6c14b,1,,
bf0beb77,,1,
970d310e,,,3
0692bf1b,1,34,3
38483e87,,,
a0fcb72e,2,1,1
e482d933,18,29,
fb113dce,,,
1b0b8f80,11,,
11938387,4,,
38b054c6,1,,
1dfd852d,,15,17
cc5d1d0a,18,15,
7bd09059,1,,
7b6119a0,6,30,2
4c77e7c5,2,,
dcd322dd,1,,
155983f1,2,4,
08646afc,1,4,
1bc5bc69,2,13,2
c37267d6,,8,
077a1988,63,29,2
34e0007f,2,4,
225d10e1,,1,
e8da5e51,,,1
4bcfa07a,4,,
00bf06e9,,,
51638694,,2,2
c4832cd9,,,
21562d88,20,,
b041f1a7,,8,
e074df2a,1,13,6
36c6a61d,2,7,2
0ee36fef,11,1,2
1419f5b6,44,95,26
f4c635d3,1,,
ed1071d3,1,1,
40bead56,,,2
ef21d5f4,20,5,
493a8135,,1,
5c1c1428,5,2,
016629fe,1,4,2
71b338ce,,1,
13cd69c5,,4,
6036b3f6,,1,
74671066,2,,
bf08ed0b,,1,
aa2f16f3,1,2,
9c1a1916,7,5,
9e6e1a3e,1,3,2
476d2aea,1,1,
61f53c4d,1,9,
e12f504a,,18,13
01012fc5,2,,
9ade81ab,,1,13
c6a3cae2,3,,
cfebaa36,6,,
a94b23df,,,5
2993760e,,22,2
f49bf4b2,11,22,2
10d9f82f,1,10,
3ad33568,12,19,4
8b21cd9e,,26,
d702c47c,1,,
a2304287,7,37,3
e18c85b7,2,,2
1e5d33f8,,,2
a9d7c72c,,,
6bb66130,2,15,
3861b7de,,,
743d2d37,32,7,1
53fc6939,11,55,
2cff9180,,8,
675980c7,,1,
1f678289,,23,
f9001b9f,,37,2
7e7e10fb,,,
52aecabe,1,,
1392bc35,,2,
0514b0c6,8,7,8
461f9a12,13,9,
93f5f62a,,2,
d1b02257,1,3,
79e24d1a,2,,
d675febf,,9,
ca2c349a,3,31,
a7fe6c01,,1,
4734ef61,16,,
70bcb408,1,22,2
90a61046,12,,
c0cd3db5,,,
22ccf6c7,,1,
d73477c7,26,,
7aff6b03,,22,1
4f78bae2,4,,
325cc84a,6,2,
a80d3411,,,
deb90923,1,,
943f4ec7,,,
7d08b4fc,,1,14
77e65fe6,3,1,
7feb9295,6,7,8
0623c6c5,,,40
634a8afa,,4,1
2a72c876,,,
e148b53c,12,,
b1436e80,,1,
e08a3b1f,1,1,
08e0c612,7,13,
2dffc2f9,1,,
c57a1bdb,,13,
d0a38775,,2,
ad51cda2,40,,
d8e6fbb9,26,18,1
67be7c5b,1,1,1
5de4029b,,,
56694ebc,,,
fbf0e5f4,2,34,3
795f318c,4,4,1
4d7d478a,,,
6ac5f350,,26,2
0befcd84,,,
f3dd4101,14,5,
9ee4cc0a,,,
1843b318,1,19,
8a3a3245,9,,
b2f7e864,,,
4431ad89,3,20,2
544d7711,,,
d59b4840,2,,1
84188395,1,,1778
847359fd,,,
43a23153,2,,
c92565d5,3,6,
b7acae03,,10,
d60e37cb,2,18,
c521c721,,12,19
84ebb4c3,,,1
fdcad315,43,12,
cd3bf3df,6,55,1
591293bf,1,1,59
506f0d8f,1,8,
90bc6054,11,23,6
78586a99,1,,
f09a721d,1,5,
371c0ca0,4,1,
adcde842,3,14,
0cf3f54a,,,1
974a251d,3,,
f7c8cf9c,1,52,3
34ea09e5,,1,
9b2b3e25,1,,
54339c08,1,5,
d8596d2d,,,2
413d6eba,,1,
9ce74d46,,5,
a1b5b5dc,33,21,2
6765e9f9,3,,
b91dd067,,,
54c9ecf6,29,13,
667cbe99,,1,
81f9de42,15,32,9
64abef5f,,,
64838f15,5,3,
c95517f7,1,56,1
d06990f4,21,27,18
007048dd,5,6,8
9d45f514,,,
3462a86a,,,
14b902fc,10,5,5
ccd1d777,,,
6353c229,4,13,
72916b99,15,,
a7c0ff66,27,223,45
42c03598,1,,
661ff253,15,16,3
8a5e42ad,1,1,
66b9be3a,17,11,
48f6541c,,,4
756b78b7,21,3,
0f9b7395,2,1,
b9abd3c9,,5,
1a05463c,,1,2
d688e35e,,,
1d128c7a,,21,4
3482651e,56,94,60
6e5b2573,10,10,
66b17310,4,11,2
0d5b665f,9,7,
ead99389,2,3,
7736534b,4,7,
f10f8a31,1,1,2
94cb389c,2,,
7a39afd0,9,11,
91f050d2,5,4,4
e13da218,1,15,3
81735c25,,3,
8dda984a,,,
f4c2c192,7,2,
5cd81334,2,,
44add3c5,,3,
9bec25a6,1,,
d5093659,1,10,
a416b79d,22,2,
640ef615,20,1,4
90772698,1,,
e9fa40d7,1,14,
1b313972,2,,
ac5f701a,7,39,
3344cd21,31,66,2
2d113315,1,,1
2fd42cfc,22,58,13
ead87b7d,5,3,
71efb0b3,,,1
cf8e07f6,21,51,
d55c3213,4,9,1
cd9008f9,,2,1
0e654f77,,1,
9a4aa617,3,6,2
86020a28,,,
141554f5,,2,1
fac0ca83,3,4,3
4f6ef695,,,3
0c482658,,24,6
d7ff71a3,,2,
d37702aa,2,12,
91951a51,2,38,
82150171,2,,
b701da8d,24,11,3
3ea807e3,6,2,
c590e3bd,,,
be8c16cd,3,7,3
dd055c01,7,2,
eb5dc4bc,8,,
84410f97,1,,
d771526f,,8,1
ec3d077e,1,,
3c5e6779,,4,
7a4b0c32,1,,
631077c7,,,
583a59ab,2,6,
2368f238,,,
72c9fc20,,,
c1830c8b,,,
2457f386,,3,
a8950dfc,,1,
68a941c0,25,6,1
56ddc47f,,1,
0eeeb764,4,6,3
074075de,4,,
31da0ddb,,19,5
28c39a31,1,,1
3d113341,15,4,1
3f82b53b,1,,
7c630fee,,,4
16ddf460,2,4,
cfd8fb10,,6,
06e7627b,69,,4
fe2b55ce,,3,
89cb50ae,,10,
cd458f10,9,15,
89e93968,12,6,110
cb139043,5,6,
4639d565,,1,
712c16ad,,10,
f6ac8b5d,,,
3c92f2b6,5,19,
24b39bc2,,3,
2055f4cf,4,5,2
41ea9fa3,,,
002c99e7,,,
eed6791f,,6,5
13a8ebad,,,
fc1cdc99,1,8,
c2f4daa7,26,20,7
7ce0f35b,14,28,6
0ca2c301,1,46,
ae1234c3,,2,
f332a00e,2,12,2
39aefdfa,,7,
243b2b9f,1,3,3
2b8fd8d4,3,8,1
fd0ae840,,,1
2de64422,,,
5bc447c5,,,3
feae0435,,1,
6dbec418,,,
d1c8b099,,,
f70757da,1,2,
ea0ddc0e,5,3,
55c291ae,,3,
7dac4fdd,3,21,
b9959c86,,,1
f6b37a38,,,
ba95c401,,16,17
4e2530c1,1,1,
f755e584,6,16,5
93063335,2,8,
f289ebf7,12,21,2
a25101dd,,,
eb4d317b,6,4,3
886a7aae,1,2,
9b7fb2f3,22,,1
e5070b72,,4,
0b3122d8,1,3,
782b7bcf,,17,2
a043cf4a,3,26,5
c2565d8d,,2,1
edc48423,46,3,1
0bc30a12,71,352,8
a0e375bb,,1,
4bce554c,1,4,
9725a4d0,,9,2
4bba7526,43,2,1
e7631867,,,
86bbf242,8,14,
2c78902e,,,
c8575c42,6,7,
c4e96d01,2,7,3
c1932a85,5,9,3
d479e939,2,7,
00fc2399,,6,1
baac352f,1,1,
75728faf,,,
fc3c9c95,5,31,
e47da7be,8,,
705e3f62,,5,
3f20b8ad,6,5,
5b5f6a60,,1,
895a92cb,,,
f0f0edbf,2,1,
5eebe9a0,2,2,1
b4e59654,,,
b3fa9760,4,,
e3cb9935,,1,
4ee361e3,4,4,1
42fba015,1,3,6
eb7f8e4d,,3,
8269e0f0,1,3,
273778c9,,4,
bff951ca,10,2,
b2379e62,,,
23f033ac,,,3
9cfa4675,,,
cfa5b850,2,,
efca9d18,,,
c9918de3,1,10,
af8ef3e4,,3,
97bf3c0a,5,,
0b7bf49c,1,,
7e62f9fc,2,6,2
8ba5b5f7,1,5,
eb1dfb8f,,4,
6c8cd023,1,,
efd118dd,5,,
39997814,6,16,
be8b6c6f,,,
e102a008,,4,
a09e5685,11,7,3
3cf7ccbd,,2,
0b939a96,,,
540c26bb,22,40,16
f0100335,25,11,11
d1d954da,1,25,2
01af0baa,,,
1c588ce7,4,,
15ac6c4a,,,31
cf8f6e3e,1,,
5bb677e7,,1,
3240e974,,,
789c9a53,,,
149916d0,11,,
6a6d4227,,,
3a8b8c92,3,5,
5986c229,1,,
0d2baaf6,,1,
506ac2ca,2,11,
dd1ba2a2,3,,
4145fae9,3,12,
9a18159b,3,21,
8d6f0a3c,,,
4a5340ea,,,
e94db103,1,,
e3fbfe56,,4,
3c62a205,,4,1
2c4a7a25,20,8,
c57d4bed,9,,
da8734a6,3,2,
0b5e75a6,,,
908464f1,11,12,
e3462a79,1,3,
eb7f751b,2,1,2
4a18a143,,,
4beb075d,1,3,
51629245,,1,2
9008e72c,,,
245fb52c,5,5,1
d2389a93,5,3,1
67d3a781,,,1
05fb6981,,6,
6bbf3213,1,,
8566fd10,3,24,3
b604a223,,3,
e3aca1f3,10,2,
dfa3bbbf,14,16,1
bd7806dd,3,11,
af632278,6,21,2
147d427a,,,
4af68556,,,54
3103f055,,4,
30fe2e86,,2,
31cbb850,1,3,
515f8964,,6,
8cf90f05,2,,1
463b5cf2,2,1,
6fd8bb8c,,,
eb450d8b,4,1,
3051df89,,,
00c0664e,3,1,
4477eb2f,,2,
f6c16f48,,,
f97866db,8,3,1
d0dc02d8,,,
1fef3872,3,3,1
d3cb95ef,7,10,
3a6157e2,1,,1
a01519e4,3,1,
5b46cf25,,,3
acb40a87,1,,
208893aa,4,1,3
4accd300,,2,
a8b8553a,,1,8
ecd6e5ce,8,1,
5e148d56,2,,
2c1f17fa,6,3,13
43626ac6,,7,
8ce7e73e,,,
2d111e09,1,,
e4154bcb,,3,
8d1e46ff,,,
3451b3cb,1,1,
9bc3e566,,2,
5fd239c2,,,
6d70f4b3,2,1,
382f8eac,2,2,
d568cfc1,,1,
e7449b1e,6,3,2
00f74b92,5,3,
8d043cc4,,5,
fb3dc84e,,,
fa6b0e26,,1,
15222c08,,5,
b9635959,3,5,
3a4d30df,,7,
00deb2ef,,,
f73c4f24,,,
21e8d84b,10,11,24
95ee705e,,,
c1d50669,1,4,
4d74bf39,1,2,
765e944d,4,14,
47d55339,2,10,
979d775f,,,
be77dfb1,,3,1
cb5f7178,,2,
fef2940f,,2,
ef159db3,,2,1
1abdbe6f,4,,4
a4ad6823,,,4
129aee8a,,,4
1bcc0709,,,
65dea8ae,,,
9fef4ba1,,18,
e44c5629,22,2,9
54e41df6,1,2,1
a6dfd088,1,,1
32629078,1,,
30a293c7,5,2,6
d4401718,15,2,
7d774584,32,74,14
3fa8f310,2,,
aa6e6ae3,2,1,
76a3ea69,,,
e5b45f12,4,36,1
5513514d,,,
c6a13e28,3,1,
fc14ca31,19,,
d3dc9c9e,1,2,
c13908ad,2,,2
0b086a96,,2,
3bc97962,2,,24
a06afe8b,1,,2
26aa3485,7,,
f769bb33,3,10,13
b427a8c8,1,4,1
82b22d6f,2,,
a80ea46b,3,34,8
6bd81021,,2,
b2f1ef57,,,
ba80fbbe,1,6,
1975fcef,1,,3
a4d8f930,,1,
e85d4373,1,5,2
f585806a,,,
82b617df,6,7,
d92c5f5f,1,9,6
7f8b5f8e,2,,
5f4f2956,18,2,
835f901d,1,3,
b97a36a1,3,,
4638df20,5,1,
445a5472,,,1
dc6c6d95,,,
cebf2559,,,
01523e78,,,2
d315f1b3,,2,
fe4af7e3,2,,
8d4cfd90,3,13,
f25f1f25,,7,
9c0d1a99,,1,
7db3e014,2,4,
94d7557d,,1,
3ebbd968,,4,
2ce1d29d,1,14,
87551fc7,1,6,2
91517395,1,3,1
fa84e86f,,2,
bb3c4a43,10,4,6
b8400f96,,,
d262f7c1,,5,
73c0fb0e,,16,
e00b7979,3,,4
3d7ae973,2,,2
32851046,1,2,
3a33f5eb,1,12,
27520f52,22,2,1
c735b3e1,7,4,7
afafadd3,2,2,
771cfaec,4,,3
f2ce28bf,,,
9de90d07,,,
77770374,4,4,1
cfd6db79,3,6,
b37a41a5,,1,
ce95c504,13,,
50a74e95,8,1,
79c8ec4d,28,12,2
061899f2,5,1,
64bf1674,,1,
4baff691,,2,
02850da4,,,
29fdb160,21,43,1
6492cb98,,2,
4d8132ff,,2,
e3c8a924,6,,
c393374c,,,
195d7476,2,,
0fbb791a,,,
df033e15,1,3,
44b942e5,,3,
d97129b4,,2,
987ebb90,,,5
00968048,,,
b0a5d4c2,,,
be3e6972,1,,
5c124ae8,7,1,
181c159c,,,
34d8b514,,3,1
8780062a,,10,
9d933091,2,2,
6af56ffe,3,1,5
a7f7d9c8,10,10,6
f3dc483c,,9,
57672d98,5,2,5
bd0a74fc,1,,
857ad736,,,
df41be6f,1,,
3613d15b,44,15,6
804e058e,2,6,3
5e649850,21,32,13
3a69adfe,2,9,
70651cc5,14,5,1
2546d998,,,
ee3c8e05,1,,
2562ef7c,1,4,
f0a5ee06,,,
73c4ad5f,2,24,
731f52fd,4,11,
a0d4fb16,4,1,2
77c6d7a6,2,1,1
d495792c,,,
7c1374dd,1,9,8
278c36af,,,2
f52b07de,,,
b4d4c003,9,63,10
a725b970,,,1
d964bf6f,,21,
31e0ac1d,,,
6aa5f76d,1,5,4
9687d77b,7,14,1
e8456700,8,65,111
16be36a5,4,6,6
3288cacf,4,2,
f2efd68c,1,9,
e4d21abf,15,6,
e14a385a,7,,
ee0897a1,4,4,5
9602535b,11,,
c7a0a0f3,,,4
87d9ecc2,4,5,
65d1fb47,,24,
4a1e0ceb,2,8,
f5eea469,1,,
8ccc7953,,,
8f3a5e5b,,,
41855091,,3,
3dbbf06e,,12,
328a1ec0,,,
819b26b4,,,
fe569ea7,,1,
9bfeab2c,2,1,
a7496ed8,4,8,
eb1d9324,1,,
428c6167,3,6,
cc580e3b,25,,4
c3abb914,4,210,74
398efb1f,1,,
88dbd963,6,26,4
56a2f646,,,
78356742,,6,
829be862,1,,
9e2c400f,4,2,
a14eda7d,,,
79f2e360,1,,
b461c9d5,6,6,1
7137d229,,,
ee5969ed,,1,
584fbac6,4,4,1
3a7dcde3,11,4,4
9bd94ea0,1,,
dc816e98,,,1
e847ac04,,1,
f8b306f6,4,,
f7cf00cb,,9,
6fb5b14e,2,,
3d29bcfc,12,13,1
f6ad9df8,7,6,6
af7b0a04,5,,
e200e481,,,
bbed3304,,,
1dfcfc17,,,1
c43b424f,,,
844976a0,2,5,3
db6b72da,7,,
339b512e,6,15,1
dcd93e3b,,,
528b83e2,1,16,
86f53083,1,,
79a06eae,,1,
b3c56d5f,11,4,
f5d58e2e,,,
2618c2a6,1,8,
26a175cd,,1,
7b25402e,1,30,4
a5006c19,7,2,
a729e0fc,3,18,3
0838f223,,1,1
7547a448,1,7,1
2a14f749,29,2,2
e10dca76,1,7,1
d41f0764,2,,
2e352b75,,,8
b83ffcc4,,,
43e91c24,1,,
e59d0e9e,13,7,
a425a855,2,6,1
da469289,1,,
f11a35af,1,17,3
ea1f60db,,2,
55dd7d03,3,48,2
2b340df4,24,8,2
1cb706ac,31,33,4
a517cce9,4,,
8fe3c83e,12,41,18
3a9f4721,73,213,14
68cd670e,24,57,37
a56ef03f,2,,
f44f3e79,,3,
877767da,,1,
c2499267,2,,
27a392b8,7,,7
01109dd6,2,,1
c1827114,2,2,
775dd139,6,2,3
89eae945,6,3,3
1f8e192e,2,,1
c5faa142,4,,
979dc3e3,,,
341a235f,,11,
690ab563,2,,
5ffa3b1c,1,1,1
30bb3094,,,
ea61b5b5,,,
4b24b0aa,,,
4d2e91a1,,1,
24784bfc,1,3,
d580245a,18,47,46
9ce84dcb,20,,
f2ed3e6c,10,8,12
9229ed98,,3,6
b39c53ce,,,
2472d8c3,,,
b17ee606,,1,1
9f5eb7d6,7,14,2
b2bb72b2,1,18,
c745ac0e,,1,
2b652585,1,8,
06436efa,,,
ef13d19b,1,13,
ce1ae0eb,11,,
a974fff0,8,,
d0cfe249,,,
0557927b,1,1,
9b9819c1,1,,1
9ed2f018,,,
cf07f984,15,,
7db9f454,,1,
6b427aae,1,4,3
467e5a10,3,9,3
5b592506,1,,
946d0333,10,,
5eb0127c,22,,
04e33fd2,2,,
f60698a5,2,,
e08a361b,,,3
38d05abd,,,
03638869,,,
d6987466,5,1,2
96455a95,73,,
6108b729,2,1,1
7c734fcf,,3,
0035630b,,,
1861461d,1,8,
7d3ca7fb,1,1,
4ddb81f3,,,1
2537880e,,,
0b078314,3,4,
57063b6d,14,4,5
de2515dd,,,
718bf2fa,,1,
379ad2c0,1,5,
4652223d,,,
abce89d1,3,10,5
69070c37,1,2,
200ca39b,2,,1
9498d1a9,6,5,2
eb14e5b2,4,,
cfa258e0,,1,
2ae97946,,,
787a5587,,,5
d0818511,,10,
1b4a5609,,,
a0b28d6c,,1,
9a63aafe,,1,
32cfe251,,,12
c1a3cc32,12,,
84e281ce,,,
bc6adab4,12,2,1
0bc93dda,1,1,3
562d8d22,52,,
24254b15,,2,
e053b96b,10,8,
5b48fc28,41,30,27
7b121c26,,,2
c024dc92,2,1,
88b093c4,1,,
4fa5d2cf,,2,
d0943dcd,4,11,2
ea3ffb85,3,,
8033faa0,3,4,1
9fb86a38,5,26,1
d6022772,1,,
7fb475a2,,,
f46cfbc5,2,6,
105df33d,28,,
ea943366,4,10,
4e779cd6,4,,
1d23e358,,,
b32e07c7,,3,
fcbeebf6,5,1,1
516e4933,,,1
4b38b72a,10,4,
441aa4c5,2,22,2
4a18bcaa,,,
3e5dcb5f,78,1,3
9d4fae30,7,,
0c839d9e,3,17,2
5d76daf3,7,6,
2facb7af,,,
86b96561,5,,
4950a523,,4,
84bbbf7e,5,8,
f0f014d0,,,
61cfdd76,,,
e24a5d88,64,,
5eab79a4,,1,
99c85ef4,,7,1
6bf7e243,5,1,2
9a183ec3,6,,
26967782,,6,
2c390ae6,,,
3d115349,,,
d6bf3883,,,
3ad55eb8,12,7,3
a11412fa,1,6,1
e7b7b77e,,,
ee4d2c4b,,2,10
b0242585,,,1
9ebb4b71,7,13,2
881ff3cd,2,1,
48506f5b,2,2,
42419d91,1,,
93306310,1,6,
4e1760c9,,1,
b26652a9,,1,
ebfb2832,,15,1
15b1a94b,,16,
4e3a4130,,3,13
fc099292,1,2,
8ec594c6,3,3,1
d7474383,2,,2
0320ccb5,,,
ed9d6c79,,3,
8d499a24,,1,
5c023976,11,23,26
daa4efcf,,2,
8dbf5d02,22,22,4
01835fdf,5,,
abbdc70d,2,1,
6e840d8e,,,
c3c1b4a6,5,,
6796604f,,,
7d12333c,,,2
83c349ff,1,2,
acbca192,4,9,
b88a9804,13,2,
26811b53,1,6,1
6a2425b8,,18,5
45849b2f,27,4,1
e3bf6799,,1,
4fb58596,9,,
52bfaae1,3,,
c65165c4,2,,
97df3cb0,1,15,3
35771dd1,4,1,2
e7ee6abd,2,1,
404666d2,,1,1
bfbef036,7,21,12
bd6040a3,2,2,
3d7cec63,3,17,
58c63b78,4,,
45d291bb,,4,
d09547de,14,6,1
d0f7f98d,,2,
e2f5012f,4,1,
ef8dcae9,,,
e2d4e222,2,,
d8658989,,1,
4095cb25,,,1
900353af,,,
68bbd4e9,4,3,4
0d3eda38,7,,
4b5b2308,,,
9aac6dac,3,3,
c4fbc064,,4,3
94f27be5,,,
a2e113b9,,,
0bea10b0,,,
5ce50407,,,1
6423e1b9,3,5,
b4265666,1,1,
c7aadb54,35,,
050ac709,4,,
6e9d2bf1,1,,1
83c4aa6a,1,2,
23f7fc67,,2,
41d0a816,5,11,5
839e2ca5,,1,1
0b1c82b2,,,
74495fd2,2,,2
f0f0b69d,,,
94f2748f,,1,
333f55e9,12,3,
ccb08706,28,19,3
b1126735,,1,
06e29e0d,15,4,1
c6a3729e,36,9,8
fdc6a5e8,1,,
691bc169,8,8,
56e6e07b,1,1,
36aa1193,1,21,2
f43dc7d5,9,,
a15ff326,2,,
f59392d9,,,
f10d66b4,1,3,
65b34704,4,4,
61f812ea,8,2,
0f91ad84,,2,
0f3d4719,,2,
a51e2c87,2,4,2
d9f938ca,1,,
19907030,,1,
465a190c,9,1,
08a7ca37,3,1,
7ef6db3f,2,16,
a0758e7e,2,3,
7a562943,3,3,
ef0e0532,,3,
075a54af,2,,1
eb1d9da7,2,8,
e220c568,7,2,
a06708f8,,2,
6312c2f0,5,,
7a7160f1,1,1,
a75dcb27,1,,
d97f1706,,,
f990f998,13,10,
5fb18e34,7,30,3
4d6ab1d3,,3,
17df8171,2,2,8
b7415a33,2,15,
b354868d,,,
2a9d392a,,7,
501c35af,3,,
11bcb879,11,3,2
8ba4b63c,,,
46068905,1,13,
78b508a7,1,,
c3e5604f,13,9,1
3616d9e8,,1,
e1d34ef0,2,4,
af39cb6b,8,4,
a2732c65,1,6,
ee2558bd,,32,3
e8850072,1,2,
ca305d86,,12,2
d4a16659,,,
a6fd8a96,2,2,
af4f70ba,,,
58a038d3,,,
40fd9979,,1,
7090d133,2,1,
ff11fe89,1,2,
6dbb610f,,1,1
d1ef33b8,1,1,
ae4e9ddc,,8,
7494e842,6,26,5
391a4112,,,
38f27b06,,,
3785ca93,12,4,
7b51412c,6,10,
7bcae891,2,15,
cdb70d31,48,11,
e969b691,32,1,3
9e76b531,,1,
1848e73c,5,1,
b9ae4858,6,,1
7dba13f2,2,5,2
f7c83c85,,,
8b123a55,,4,
3c5abaa3,7,6,1
4d854cc1,3,8,
45674baf,,,
f41aa306,,,
da01b1da,,5,
9ae155d2,,2,
6fe0db40,1,,
5c05629d,,,
751ed6cc,,1,
b4be040f,10,13,4
0c733e14,,1,
1bee71fb,2,,
e578134b,6,1,
4eaa59d5,1,,
a157528e,,1,
4cdbe392,2,10,
9e1e4f79,,,
bf2a9951,,2,2
619d82b5,,,23
8dc164ac,,2,
bc2559ce,,,
1b0adb33,1,,
78c4bd47,,,
8716b9d4,1,,1
79634e66,3,1,1
0ae6f172,1,,1
0b16c3c5,3,7,3
f9003293,,1,2
6ee5341c,,,
79bc90be,,4,
87327452,,2,
ba22b0b9,3,14,1
0efb6795,,,
475d9011,1,,3
a96d52fe,1,,8
fd5316ed,10,14,1
d59bf84e,1,2,
507feb56,,6,
80f45d6a,5,6,
cfd6793b,,,5
80cff236,1,,
e3d5ca82,9,,
7b2f55ec,1,35,
e4cb163b,,,
f22ad97c,,2,
b5d90388,,1,
72acccee,,58,34
9ac430f1,7,8,
c22f1aa4,,2,
7c160212,24,,
f750d6e3,2,2,
693633ee,2,8,
63426fc3,4,3,
ee56a4a5,,2,
9b171beb,1,,
1a2162ec,,33,5
dc615eca,160,12,3
b39380ad,3,3,2
412f719a,34,41,1
b62c5290,,,
904e70a4,54,3,6
8d4db050,19,20,13
4e467f5c,3,,
dd9fc289,,28,2
2202e8f9,10,7,7
253cd694,1,11,
eb577c5b,1,1,1
6393506b,6,28,1
89ff831a,,2,1
e8eda1b9,,1,
e5386b05,,5,
1d0b6ad7,,2,
32933821,2,,
1f6b9573,,,
f4386fb8,2,,
f31be517,7,12,
c6d43667,,,
d67fea60,,8,
088ee712,,,1
6257091d,16,2,
2fefb2f7,,,
a3bdd8c9,,,
43ebbc3f,3,26,9
c1f3200c,,,
9dd68d0c,,,
ef3a9b0a,,2,
0ec34b5f,3,,
4978266d,12,1,
0f9492c9,71,37,5
641505a5,1,3,1
8cd25989,4,34,10
227e6790,3,9,1
3fa46031,,,
dbaeb331,8,59,37
79ab756f,,1,
cfcee579,2,5,11
41e03adf,1,,
6cb62826,,7,
49cd00da,,,
7bee318f,1,63,
1f3fc983,9,11,
cfa76f63,,1,
2d2e0757,,7,
edb2250d,1,4,
2a2059d9,34,,
b640de2d,,2,
2a65ae25,10,1,
64409ad1,,,
96f9b0b9,2,9,
a4ebdd0e,2,,
8accc52b,122,,
b4b79135,20,21,1
0d71744d,2,,
120ffaf8,3,,1
a18416df,,,
035053be,,,
2f813645,3,,
21e27da4,,,
6e108cb9,33,7,2
187efca9,3,2,
7cc320ce,1,,
3eb65797,,2,
6504d52b,4,14,2
a4f3e72e,,,
98eb69f1,,1,6
91b8ef3d,2,2,3
1b2e43e7,,2,
8f334885,,,
c7cb104d,3,27,3
dbbdbe11,52,77,34
19658e9c,35,139,56
07d861c5,,2,
d0f3cd38,,,
c9364616,,,
2e36ac45,3,,
94e907fa,2,,
a47685b2,3,1,
ed98cd82,3,,
d66520db,1,,
2100a83e,5,1,
e121c68e,11,,2
d93f9062,6,,1
85236d54,,30,4
8687475e,2,4,
2be4bb74,5,1,10
992f8db0,2,,
b90685d3,,,
7d4c0774,26,21,11
f30a51b9,11,9,15
27c68647,,1,6
5a6238ed,,1,
b7e94770,,,
bd4df20e,,20,3
8f13e333,1,,
4c287d4e,5,,
8c93f4b1,1,,2
2aef4a50,4,6,
4aa19a09,2,,
0555b0ae,1,,17
9697afc1,18,,
ffe7aafd,,1,
077af8c0,,,
6ebf4d1f,,,
b58036ae,6,1,1
30dc1c1f,2,,2
42e6b8fa,9,3,3
0740f703,,,
99b11c95,2,,
2d7e957a,,2,
81a913ce,,1,
11e8163a,1,15,2
66c3c58d,2,,
fbaf5d06,4,,
e4195334,,1,2
2f8bc24c,,,
32231ee2,5,5,2
b2399c24,2,,
dc6cb754,1,2,
67ddb61e,,1,
d4680c55,8,3,1
06c3ae07,,,
5deec963,10,,
284e3702,5,7,11
179cd9a4,,,
1485a87e,2,17,10
2ffe7bd7,,1,
ca44436c,4,,
2adf6e53,15,3,1
c8a941d0,1,1,
0e9545e9,23,40,5
7ab132f2,11,14,34
2766fc49,1,,
93011dd3,,,
74753340,,,
956a757d,1,3,
115d3576,,,
c4710658,,,2
6c6c369c,4,10,
4f40913b,,4,
c372f691,2,5,1
c116c35e,2,6,
ed4928f6,,2,
edb91afc,,,
7adc1f9e,3,2,
24c94070,,,
276613c6,,1,
ec209026,,,
6241bb05,1,1,
a1d0207e,7,89,4
c7e3f6c6,1,3,3
1d4d5fe3,2,14,1
2a27d581,1,6,1
2a4276e1,,,
15450af2,,3,
59600f18,1,2,
076d4ed5,,8,
cac51ab8,1,,
30b30f77,2,75,1
6e3acfeb,,,
2dde3a38,,4,
ba11879c,,,
f89dfb0b,4,75,24
47726991,13,20,8
250a09df,16,,3
7049d8de,8,4,
58dc7f79,12,2,
070f1470,1,2,1
983920f2,,,
50d1f0a6,,,
30a77016,16,5,1
1e763b65,19,33,
41ee9148,,3,
0736a3bc,,1,
7a9a3159,1,,
de7f9d49,1,4,
acf1b0f9,,1,1
9b45e9d0,2,7,
1252f745,,2,
e556958a,,1,
e1bf9d62,1,1,
d9d488e4,,,
0c835420,3,,
407d5ccd,,,2
d3dcc7f6,,46,4
e37069b9,40,17,2
50cc6478,,,
03659279,4,21,5
6d473e7f,13,,
1a9ea2d3,5,4,
97f5b43a,,,
d45ad9ec,1,,
5987cddf,,,
4bdd8dac,2,,
56cc0bbd,,2,3
5498fd12,,,1
b6a4f5de,1,1,1
c8fb2a84,2,1,
eb1c97b3,,,
cbc38e93,,,
73f472b6,,2,
75efe016,,,
14dc5719,,,
e280251b,1,3,4
719d1dba,2,11,6
99d6a97b,2,17,20
6046adef,1,2,
85c79dbb,27,2,2
a55df36a,,,
ac9ae14b,,,
1fefe9af,1,,
e59ae12b,4,7,
50b97689,,,
4feafc4a,2,,
08477eaf,16,50,2
ce6931e0,6,19,18
559f1b11,4,,
c2d5a531,,,
9bc322a6,2,1,
34dfa7a2,2,,
a45e8443,,1,
052a171a,,4,
ad0b7ca5,2,,
1856ab3a,,3,2
fdfe3149,28,24,11
fd9ca8bb,,5,1
08b73bf9,7,8,
beab89be,,,2
a7135e86,8,9,
e796c99b,5,,
ba6ce544,133,178,140
e6ca9882,1,4,
75af257a,2,,
fd27c403,4,,
d2683c39,,12,2
a4261d48,,2,
2d4bef9b,,1,
5ac84760,101,52,5
9d417c16,,2,
5d011b88,2,7,
0be53f29,,,
cf171ff5,67,49,19
b714297a,4,,
6fd0a0c5,71,39,56
7bd64728,1,1,
209aa285,,,
f65717be,2,1,1
5ed89648,,1,
9236a8d1,,1,
a91e6485,3,,1
a7713069,7,2,2
083dbe5c,,7,
b33c7b12,1,13,
623d9d72,,5,
94f65ed7,,,
296649cf,,1,1
93fc3c6e,1,19,
ecc01da9,,3,
c3ab557f,,11,
bd429871,1,1,
57d28dd4,10,8,2
1a5dac17,,,
0d73907c,,1,
5fb349ca,,,
05dae57a,,1,
d1344345,1,,
74dd7f85,3,4,
f1c5f0e0,1,,
d7cdc469,2,7,8
b9582638,2,,
9747ffe5,11,66,2
e6ed3ce6,2,9,
80c59864,,,
aaba1b9e,4,1,
60c59f39,,4,5
e949dcd9,2,2,
cdbf4359,16,,
6e044b08,3,3,2
8650679f,1,1,
ab43c78c,1,,
9660e2f6,4,4,7
8d1c6ebf,2,7,1
18356911,1,7,
a9d2b5ce,,7,
61b9da47,,,
a7f83aa2,1,2,
ecacd11b,3,12,7
ba84a596,1,1,
0f95b85e,7,19,6
0f6559d1,1,,1
11f9e908,3,,
dd6ac55f,6,1,1
ae163d68,,2,
8c90d602,,,
ba6319eb,3,3,
b39223e2,2,2,1
c53dbb74,4,,
bad8e0d6,9,6,15
391df054,,1,
05ce33f5,25,96,
1ecc37fb,1,4,
e1e8a59a,,,
e0ef01cf,,3,
29ac2ae3,,,
4a0d68c5,,,
09d826ed,2,,
caa15050,19,24,
3a4d64bb,1,,
43a558b9,2,,
d1b7f990,,13,
b169a76d,,1,
0ca65f13,2,4,
950da2ea,,,
73d79a4b,1,4,
e72d0450,1,,
4570f30d,1,6,4
5c22a015,,2,
49b0d6ed,1,,
e9a2cac1,2,,
cf54c042,,1,
a485ae68,,,
6f9eb2cd,,,
49643fb5,2,4,
d2615ab5,25,,
2b0dfc4e,1,23,
07750894,5,19,21
afb46b92,14,8,10
9bcfef0f,1,5,1
ed3d26cf,1,,
5d11be58,,,
311532fe,3,,
09ecc349,3,3,
0bd6acc5,,,
5121fba4,10,5,4
4d79be44,2,1,
5f59591a,,5,
c7b164b4,,5,
2a848ce1,,,
9f5a3e55,,,
81fee66c,31,2,
bac2e3a6,,4,
6fce3b79,4,10,1
f2ba221e,6,7,
ab1bb913,1,3,
dce0dd9b,6,4,
d5f1dc66,4,6,4
0f28bdf7,,,
757671b7,4,7,
08d234cd,,,
ad7f033c,,,
9d675def,,,
4877fffa,4,,
e4af176b,6,4,4
c20b3837,4,1,
e903979a,5,5,
1a5254b5,,,
f3dcad32,,1,
271af7c6,73,4,2
b034cf18,,,
88b8558e,4,2,1
33e443e7,,,
9d568586,2,,
92bfeeca,,1,
781a8552,25,5,2
c6d61f9b,,1,
04c0d772,2,,
9bf63607,,,
b9342577,3,,
fd22af83,4,6,4
f6299d94,4,15,3
864f196c,,,
61dced3d,,5,
bb5f9fe0,,,
a2cd01b3,1,1,
2dd59e44,,19,2
2927cdd5,,21,
74627483,2,5,
bace371c,1,3,
f963401d,21,16,
79c17cf1,,,
97d871a7,72,65,33
c85b770a,,,2
77d00423,1,3,
f6c2c99e,,,
e71e4005,1,2,
57e7571c,1,6,
f839f65c,3,2,1
0ac14b3d,,,
3c60c9ce,,4,
e276cb79,1,1,
868eb49c,,,
52eae1c9,20,43,6
488d9055,,,
d711eb82,,4,
5f5cdd10,1,10,2
c94e7f74,,,
b0a30cbf,6,4,1
cf66edb3,,,
4ae8bdc6,4,10,
60a94f0c,3,30,1
a3cea186,1,9,1
5e0ee6c0,,,
9d70cf33,,,
abaaa75d,1,6,1
518119d7,,7,2
63a02fc0,33,26,22
8271c8af,2,47,1
ce8c916f,,1,
a5c8e145,,5,
56c98839,74,,
6c025b20,3,11,
05f95933,,,
ad9bec4d,41,8,
af0dd721,,,2
f250dfed,1,2,1
891be30a,,,
c4d69e98,,,2
31a6ab9b,,,
3440eadb,,,
1cce998b,14,5,
f67b14bf,3,15,
f812180c,24,36,23
70a26083,6,23,8
b426fb16,,1,
ee9233d8,19,130,1
a7d1dc36,2,,
ab925abc,10,20,
26a7a5ec,3,2,2
abccf184,,2,
541137cc,,6,
f467d695,,,
8b1f247a,5,,
62057f73,1,5,
77e112a6,4,58,1
ccde870b,,1,16
bb692816,,4,
a123c495,,,1
bdfdf309,5,17,
b4b14ea1,8,,
3850cff0,,,
2b8104c8,11,,
f3fb77f4,2,1,
e48e6e45,,,
c2de195f,11,8,
221a9f50,,,
7aac50a7,,,
4e70523e,,4,
854859ba,1,1,
970529e1,35,1,
e36c1436,,1,
9a7a85db,68,126,14
0d9ba81c,1,1,
05498ee9,,1,
6c3f5ab3,2,13,5
bd224286,37,122,
e48b8f5c,,3,
ab158a6e,15,,
c388f3f0,4,4,
cc7ee002,2,2,7
4a79c589,22,7,1
4d02c3a0,,,
18627749,,,1
aa1e537d,,5,
d8e5d421,,,
7094c7b7,,,
1e8a2e69,,4,
3e42292d,,,
a87c86dc,1,4,4
aebbb862,27,69,2
e3374e5b,1,34,2
3354296c,,,39
c9adb416,27,20,85
6496d2db,,,
83ce8a91,15,18,
d5d932a7,15,17,2
3ae343b7,,,
86edc884,,,
190cbf55,,,
609e065f,,2,
9517edd4,1,,
e5d01c4c,3,4,
e40c27d9,,1,
330bc39d,1,,
35b9aa93,,2,
ef729e70,2,2,
2e509f7b,,,
7f2ddb21,20,24,
ba9f2143,,2,
9737cc6c,1,22,
44eeb5f6,2,5,1
f4e527c6,2,,
6fbca14f,6,12,5
cb63e34b,2,5,
a2428c7e,8,21,38
ab74dccd,7,2,
0d3a6e05,13,12,
2bf592c5,,,9
bb059c07,,2,1
2dda917f,82,1,1
23f881b3,,,
d857b16d,3,1,2
18abc6d8,,,
6dfa1f2d,5,2,2
2ebf07e6,,,
8e04d706,,1,
9bad408d,1,7,
3405aee2,,,
d5e67032,,,
baa5990e,,,
61859eef,,,
0fe67cfb,,1,1
1d061bbb,,,
a97e413a,3,36,
c91eaace,2,18,6
fe12d08e,,,
d5963e06,,3,1
18443efe,1,1,
44615f6c,1,14,
3df7b4da,,,
88beae68,16,16,3
0767da12,,,
99c40431,,,
8c135cdd,,,
01f80d96,,,
944e11c0,,,
068132f1,,,
1a83232a,,,
6d5c3889,2,11,
4500adb6,,,1
d6016b7b,,2,1
91db4b71,,1,
e3edec25,,,
237b393a,,4,
5bb13770,,3,
88dae15b,,18,
93343ff0,,29,
91538d9b,1,1,
a7095538,9,15,7
7aeafb9c,,,
d3e7a0bc,95,,
1e094096,,,
5b1b334f,,1,
fa646255,7,,
c53b8d5a,90,14,6
99bd43ed,13,,
6e508e60,3,,4
4b83eee1,1,,
b8d26d1d,,,
41fd857a,3,1,2
daba2b33,,,
976db926,168,65,151
865a83c1,4,,
daa04cb4,1,,
f20439b6,1,9,
a69fbaee,6,5,
aa891711,,3,
4e6cec0e,,8,
a1efd187,,,
730ec357,,1,
720faa4d,,4,
ed98ce27,4,18,5
27a25e29,16,1,
270e0785,,9,
8b5f2d77,34,8,11
abf7afca,2,,
afa9e71e,24,3,
b984ca79,20,29,2
bc76bfa1,,11,1
3030b4af,13,38,
f771a975,44,73,6
6d072644,,,
86cb41bf,7,3,
50a857ce,,28,2
8bbfcb05,36,51,25
b19a12b9,,,
3c6cbd40,,1,
200c6efc,,,
6b8ec6b7,3,11,
c66da296,,,1
8bc21ecd,,16,
4619e88a,,7,
4bafb4f9,,3,
c5bd8fd2,37,,
a9577c0a,,13,2
bc97d7d7,,2,
8614b88c,,1,
c6bfc92d,1,1,
2d24e1f2,736,8,3
ed105132,32,2,3
f0181a35,,21,7
c4a5c396,,,
27a2017f,,2,
0fc097cb,,6,
7d102084,1,29,58
0ba4d320,,,1
c2982301,105,,
279187ba,,,1
70541eb7,,,
e1a53e61,,,
7f907e8c,3,2,
392fb764,,12,
1bb818bb,18,9,2
3ebe2ee3,2,28,18
fbc0ce47,,1,
edb93a6f,,1,
04dd8854,,3,1
c4630c03,2,,
cb7ab1f6,,,
50af9b91,,1,2
98731a51,,7,1
2c3f4a37,,5,
85fecba7,1,,
df186f38,,,2
1d344f48,,4,
ecfa2417,,,
650bb535,,6,
20d818cc,2,3,
f398f2f7,1,6,1
1173699d,3,7,1
405cdc89,7,23,3
ea5f3895,,6,1
7d50f786,7,7,3
a093f00b,17,6,
155c0e2f,,3,
a666acce,3,,
f26be2e9,7,8,
aa42287e,20,13,9
a77070fe,,27,5
26811120,68,12,14
f0e306c2,,8,
b8dd95b8,,,
8e6739dd,1,,
8a1c7f2c,11,,
7423db0b,1,22,1
fb3b16d9,3,53,
fe796fc8,23,,
cf6eb70f,,2,
5ba4fdf3,,,
5c57b5de,,29,
1729859c,1,4,1
15ca81a5,5,16,8
393e3ea3,24,43,7
473c23ae,3,,
87eca066,19,7,5
682df517,29,27,16
79bb200f,,,
b7e82b2c,2,,
66294892,1,,
a69a39c8,2,,
699e6e3b,1,,
563bf244,1,23,5
4f7632a8,,,
98a2bb62,13,8,1
c7b407e2,9,3,
9ee75126,1,1,
bd6d0f3f,2,,
8d4a97e0,,,
cbbf5eb9,2,1,
0bc08515,,,
73c0f85d,7,1,1
dfd0cc5e,1,7,4
e7cf1dcb,4,17,2
6ee069ff,,2,
e72b2235,,4,
3cd94822,11,10,
12c9ce7f,1,1,
182c91f0,2,2,
d5a24d4f,2,3,1
1dc1831a,15,11,4
298e7af6,2,4,1
9ff234ab,,9,2
2a426b3d,,,
9b2fede6,,1,
3957a88a,1,5,
1ef6f147,,,
3dbca4a9,,2,
8206cc6e,1,29,
23db94f5,,,
7f927714,5,3,2
a7946676,1,,
54a39a94,,,
46576fd2,2,,
bd8a5bc9,,,1
70a91c72,,,
bf58f871,3,3,3
8f77c807,12,,
bbe880f5,,,
a37c4ad7,,,
46ef370e,,,
2769ad42,3,,1
f4d3f81d,6,1,
e1273147,,,
d33a80da,,3,
88aa9e7c,,3,
247d5b1b,,,
040c340f,,7,
338b6082,,4,
9da42509,3,3,
948eafdc,1,1,3
c29e7032,,1,
ef11a31a,1,1,1
3ebc1ab3,1,2,
35db3c67,5,17,18
17654293,,,
0795ee61,2,,
6f80fdca,3,8,1
e09ffc7d,5,11,1
1db8b83d,,7,
cff98fff,4,,
fda88082,1,14,3
07fbff35,1,,
4279efde,3,8,13
9ba3126b,18,,
72a611a2,1,4,
e8259550,,,
53fbfbb5,,,
4ce994dd,58,217,29
50e06442,195,124,24
f2678a31,,,
06217aef,8,,
16fb44cf,,2,1
04f77b76,115,30,11
746c8cab,,,
7e65c093,35,4,
06ea226a,,6,
7fbd66f8,6,22,
c0079840,,1,
9826d9bc,,4,
a653a8ec,,2,
cf4c464d,4,16,5
a7a654c8,,1,
d5962937,5,,1
0666924e,3,,
789e323b,1,6,
67c68ef8,2,,
eb415fde,5,15,
a1af3531,,11,
f3ef94d3,,,
30060b60,,,
dd5b2c30,1,,
5f94d7a3,8,9,3
7ddc8a44,,,
f3a2c227,1,6,
d6341375,3,,1
e1787e68,,1,
c811d50d,,1,
b9eb8f0e,,6,
e848066c,108,13,6
ab2e80fb,,1,
87c82d48,,7,
2309a75d,100,5,
f8349f8d,,13,1
0b935b85,3,3,5
9839990f,,3,
fe05b6e5,,5,2
4a45d231,,,
a6448424,13,,
01e3bcf3,3,,
f7405f2c,,5,
80ae2c91,5,,
9589e0ba,,,
547a0b04,17,5,1
a6b3fd8a,,,
43681b56,,7,
4eb1529d,5,5,
b828e823,,,
ffda229c,1,4,
eef2ad7c,1,14,
48f13988,,1,
858de569,,,
a25c585f,,1,
8988b3f4,,,
f76a6f40,,,
57f48e0e,,,
cf5aea52,12,,
08cec3c5,1,1,
f7616d22,,,
003f9716,,2,
3cf65e39,,4,
6379075b,1,6,
9428d51e,15,7,2
646753c2,6,4,
4e62b51c,7,,
98a533ae,,,
9b99a611,,,
2026f15b,,1,
8cb6b779,1,7,
b2018777,,,
fbf85337,3,,
65686b6c,1,51,1
1504d204,1,,
09100e50,,,1
2c9d1daf,,2,
246b65c6,2,4,
56fd33df,8,,10
5b3b4840,1,6,
a9da2f9d,,,
b285994e,1,,
bcbc2391,,,
0ca84b35,,7,
52232a79,,,
88c27336,9,25,18
02643e41,,,
9ee51fc4,,5,
9b99ac0b,2,,
dcfdad9e,,6,
ca29be5e,5,16,
fc1429c0,19,133,50
1a050045,264,2,1
dcd3cade,1,12,
1971bd1d,2,3,
c8841bc9,74,,
d0b5fb95,2,4,
1aa20e86,,,
f3110124,,,
d315bbaa,,,
061d5bc2,1,2,2
0dc6a8dc,,,
0eac4fce,1,4,
a7d1f983,4,1,
f89907db,1,3,1
ef572d85,1,,
de3c0507,1,3,1
536141ba,2,2,3
bc1379d1,83,1,1
a0c466a2,98,,
60764200,,2,7
de724063,,2,
2d36caa9,8,,
286b8993,,29,1
02e7e53c,11,2,2
486de446,,1,
af268263,,6,3
23d3b842,2,5,
d5fd5726,,,
a9ae80fc,,3,
8e1007d6,,2,
fd813f76,16,1,
073ec8d1,,9,
8fce6316,,,
869687bd,20,30,40
e33f12f5,3,,
cc33417c,,3,
8263a620,1,2,
a5ccec5e,,12,
20dffa8e,2,3,
74dd295e,,2,
c1341975,2,22,
ff9cc74b,,12,
1f95e5db,1,13,
3c4321ce,,,
9a654d8a,,,
a35233a4,,1,
77609cf6,3,,2
750eed18,,,
168e2dde,,,
e09d2f32,,,
f88cd623,2,4,
d5b7c131,,3,
88bd6e7a,3,12,15
5b2bdd84,2,,1
e1cc1fba,4,4,
b029800b,,,
4bde0449,5,8,3
9734170b,17,,5
48165336,3,13,2
99cf6f07,1,18,31
830091c2,1,2,
ca87cc88,,7,
923a0e71,,1,
ae9963a4,,,
07024a4e,12,2,3
c8531921,,,
2e2abb0b,1,8,
695fbc91,4,10,
9939c005,,8,
faf9ac9a,,21,
702ebbc1,4,,
b83df4c6,6,50,11
dd429b24,,12,
dc9d933d,,10,
ad1389be,,5,2
0cc3eccc,,,
53141b04,,1,
aa66f556,1,11,2
7e615387,4,1,
14096d85,5,11,9
89593a71,,,2
4db6c655,14,,3
89261fd8,10,3,2
ed7240b5,337,26,2
3c6017a9,58,,
7d8d9b2c,,,
f88dfd04,3,2,2
93c30660,,4,
c75783ab,,,
8b0bc7f3,2,3,1
8edfde3f,,9,1
909d1f2c,6,1,2
81126ab4,,,
17280116,,20,
deda8f15,1,17,1
fb22d349,2,8,
ac8ac591,,,
33a810a5,,,1
97825598,,3,
5b87cdc8,8,4,
11fdec3c,,1,
cde7157c,,6,
f8c95c38,6,2,1
217fb0de,1,5,
a1974ef3,,,
d0b355b2,,1,1
aed13ba5,28,,
10623ae1,,,
fbf1bdbe,,,
3c6bc0b4,,2,
d0912f27,8,124,32
36b80c25,,16,2
9594a81b,96,19,
461d3c87,,2,
79195da0,,,
2fa0b83e,,3,
776f3aeb,,,
8bf82520,1,7,
2c0ecd9d,3,,26
90c65b71,2,9,2
c4441642,,,
76cd3a37,5,,
b0e5c9be,,,
d2e385ac,2,,
4d2b78ca,1,,1
937f790f,,,
5f889d92,2,11,
c0462c0c,,,
dbc011c3,,,
69a6ad94,2,,2
56d732d4,2,,
31211487,,,
8a75ba35,,10,
4b4f4e61,4,5,
41d44a81,60,191,8
5275f37f,,,
030bcaae,12,2,1
bf85af57,,,
448b0105,1,5,
45fde9ab,7,29,
33b9bc02,,,
cde319da,,1,1
3c21b1cc,,2,10
f9021a60,42,,
12a3e23e,,1,1
4036eda0,,4,
37b07a04,2,,2
cdaeb54f,,,21
f4472085,,,
a368f9d1,4,,5
32aab3b0,5,1,
cd8e35e9,1,,
00d2cea8,,21,7
1ba5fa4b,117,,
e274a654,,,
3900d1c6,93,52,25
8c25830b,,,1
d7b2affe,91,,
02a6dc8b,27,,
f67ac5e4,2,2,
6bd8c5d4,2,,2
81e5f1ad,1,,1
f0551006,,1,2
371f8066,3,,
3d3ec475,2,,
085a61a3,51,57,71
7ee18e92,,,
061cb216,,1,
ad86ec79,,,
375da788,,,
4d60ea2a,,,
066f95d0,,1,3
984b0aa9,,9,
776ac4ba,,,
c076c339,6,25,1
681d4609,98,18,76
2a2a21ec,19,1,
3d81afb8,5,2,2
8180f792,,1,1
e3c76ec1,21,,
8074b5c6,2,,
f402350d,16,36,
61dbc353,22,,
a852ee41,,,
8b0a0f9a,8,18,16
a8143eda,3,30,23
b2860792,104,,
d1b90774,26,,10
a79b69ad,4,,
c1d6ba05,,,
eb27cd27,,1,2
13c0cfde,2,4,3
08c1f55d,,,
7d9374a5,,,
af4c30fa,,,4
e79ca269,15,6,9
b0ddfb9b,,2,
5b2a01a1,,,
d0f3bfd4,1,1,
8583dd03,,,
c255f386,,,
ea3dac07,,1,3
e5ed6924,1,,2
0cc264b7,7,4,1
8df9dd7d,,2,
223efc5f,155,127,338
c7825f63,,2,
2f8c13e8,2,4,1
5ce410c6,3,15,6
27b67e98,,,
ac968fbf,,,
d318f526,,,
861ed1e7,14,12,10
c77375cf,,4,
c4fc6b70,,,
7252934f,3,1,
4882377c,3,3,1
ae61b12b,2,7,
28c390d8,2,4,
167a685a,,,
91250607,,11,1
b6c0c0c9,121,60,28
2d9e0f53,6,,1
d547b5d5,,3,
2f7d60f2,29,3,4
d69ad2f8,7,4,3
880acbca,,6,
59d92ad6,,14,1
c5e4c229,,1,
1a221866,4,12,
8a39b9fe,2,51,
13513492,3,14,2
326efe5b,,1,
1d9c4316,1,1,
d713f015,1,4,
9752f37f,4,,
9dbcf1af,,,
6c1af903,,6,
93fab1d5,3,6,3
0aea9eae,8,2,
3ba856a5,,,
80f1dfae,3,10,
01ef614e,,,
e8b5f19b,1,2,
2f082cf9,1,7,
d8d822fd,4,2,1
1492b32d,,2,
0fceef8a,,3,23
d765f6b8,,,
b9039eaa,6,11,
8c3eaf3b,1,1,4
a2f1f216,4,2,1
db3709e6,11,28,3
65ee10fb,,,
81b0e2af,,1,
9afb56c3,,1,
ff4a89b5,,,
7ae40ace,3,1,1
b5ab5150,,,
a31f36d9,,3,
af9ab8b3,,3,
d854d3a6,,9,
d6ec44c8,,7,3
97553069,4,2,1
e9161147,1,8,
9e02a9bb,1,,
18e2a45d,,,
9b670d81,6,2,
199d2b49,8,4,2
20ef4690,28,28,2
91b37800,41,3,1
6615d72d,9,1,5
40bcb17b,,3,
2e8e7e48,1,1,1
71f5bb84,54,45,
7808b992,142,15,32
15d11289,2,,
17334a0a,1,2,
837ddc01,,,
7a6fa739,12,,
ceffa82d,7,5,
88481131,3,65,
cb9660f8,,3,
1087160f,1,,
791c38be,,,
fdb1db90,,,
3eec26b0,,,
772a9d26,9,5,
4fc9afa1,5,18,
cf9c1f94,,9,
2a4999b6,,,
844362a9,35,28,18
6d4c4d9e,,,
aeb6ba56,,,
7dc63ccd,1,6,
1e3b7d82,10,7,4
924113ce,6,1,
4332821e,,,
007694b9,,,4
ac5e8383,,3,
32ccdcdb,,,1
6bce61bf,,,
110878fe,,,
74f418ba,10,,13
2215ed0a,1,1,1
b5c97bcc,1,3,
3613d2d5,1,3,
ff179c34,7,17,1
8429ecfc,13,5,4
19422972,4,7,4
9fe97103,,1,
98565631,,10,
1bce46db,,,
c87db9b1,,2,
bd9ad4b5,6,5,17
1a72bd09,,,
2de65e25,2,,
218bb8b0,,,
afcc7fb7,,,
9a11c434,,,
4f5f4cdc,1,,
397f81f2,2,23,2
1334d34e,1,,
16a85e6c,18,8,2
69d3cf55,3,,
50e95383,,,
adcc2d4b,,,
e57cf9d2,5,,
1e4c2245,,,
cf275237,1,6,
722f6c5e,1,6,
386cc2cb,10,,
d63c9f2b,,,
4f069e5c,3,,
99995876,4,2,
f62012cb,,4,2
01daefe9,,,
d89bfc59,,2,
7c4ad004,,,
37ee6ef7,,32,
95ff172c,,,
8afc2cd3,1,,
918dd54a,,,
156f311e,12,2,6
1f5b7476,,,
dd38c8fa,,1,
9fb23545,6,7,2
fcc6b544,,,
d3ffa1b0,9,29,
ac5592fc,,,
24fc1b9b,,,
cd6b5def,14,2,
7d62594c,2,4,44
cc419897,,,
8c68c5a3,,8,
b32316b3,15,9,
47fab2bf,22,22,26
78db65d0,27,70,10
1884a569,,,
b02531f0,,19,5
738d3f77,,,1
874a66c8,,1,
2c4aff13,3,19,
e278b574,1,3,
fcc41a62,9,6,1
91376263,5,3,3
dbb21988,4,5,2
ddb6e367,2,4,
396a81c8,,,
b1f27d9a,,,
eb143d6d,,,
6bef9c84,2,2,
1c9c797e,,12,
5612472a,,,
91da8e22,,1,4
5a369e60,1,4,1
a0378af8,1,2,
728417ab,,,
9330172f,128,,
a0e74ff9,8,8,
99beb188,,1,
33197c76,1,,
fbd43855,1,1,
f0127ec9,,,
0e4c80b9,,,
abcb39b6,,17,
c6711032,,,
7e1db4fe,2,1,5
dea5c688,,,
5226f75c,,3,2
51349352,,,
8837afdd,23,51,
0235244e,,,2
45e70d99,13,35,4
7e60877b,5,,
77d1f97b,3,5,
4b0634b0,2,,1
574480e3,,,
1d577a8d,5,1,
d97f72d2,1,,1
2b84314f,,,
df346a02,,91,1
5e69955d,,,
457cd2f6,,,
502ccaba,,1,1
ee857182,4,12,
086dbd1b,1,11,6
2d5a3b58,31,,
9bd44a1d,2,,
b17a7656,,,
fcb32a77,2,,
6e23cf8c,,,
516795fc,,,
9840de82,,1,
b592a18c,2,1,
ccd231b8,,1,
acf7dbf8,1,7,
a8bc7209,,4,
86c4166c,2,12,4
fab56bae,,,
d417e3db,,,
26fc8452,,,
0ff98c98,,,
d31a3e41,,,
215e75c7,,,
bea2acdf,13,14,8
2351b8dd,46,,
f03c32e1,,,
a1526bed,,,1
183bfe8f,2,2,1
3d874f0b,,,
fbed6224,,,
a9150ee7,,,
2e584971,,,
835b4443,30,1,1
f6ffc5c1,,,1
c78544cf,,,
eb308cff,8,18,
78051647,,6,
40003ed2,20,1,1
ef4bc998,,,
fa33529c,2,5,
81248160,,2,
d748113c,,,
71b6439c,,3,10
3dd7fba3,,,2
a327a25a,,3,
20f6f7e0,155,,
ebc78dab,1,,
a5f33f40,,3,8
651c7b05,38,9,7
499033d4,3,,1
b533a136,42,4,29
573b54a9,,4,
2d96b321,,4,
a65f097d,,,
517da2b4,,,
7e5aa4a9,1,4,
a19fe069,,,
60acd54c,,5,15
449ce0dd,,,4
85ab9b59,,,
faaff9bd,7,,
69a36b8b,,,
62ebe889,,5,
80e6f9ad,5,5,
7041a923,12,10,
d52dc3b7,,,
96b0a949,,26,
041d37e0,,14,
0e71da30,,,
7e0e4c63,,,
084db044,,,
e592d063,,,
060eed9e,,,
87602fde,,,
87b853c6,,50,
78cf0e37,1,4,3
2e064ee8,,,
9ca71f2d,,,
f23d68b4,,2,4
103a08e6,,9,1
309ee68c,8,9,1
2598223d,1,2,1
c4c71e6d,4,7,5
9bee78f9,10,2,1
3d531231,,,
85a997d5,,1,
dddfb149,1,11,
417f7264,,20,2
69a10959,30,,
147e08a3,8,5,3
40f4b5c9,2,2,
38d04c92,,5,
64c3f582,,,1
f94b563b,,7,2
0f737915,1,1,
37e65888,,3,
80ed1476,,7,
9f7a9077,,,
6e8ba291,,11,
0bf5ca22,2,2,1
293e34e1,,,
9b0e5b91,,,
407e12d9,4,9,
6b790f18,1,,
bea7039c,,,
22494372,1,,
f0c7c901,1,,
5f8a0cc1,2,,2
9a9f98ff,14,,
b1392050,,1,
da5da8e2,,1,
149c7e82,3,,
95bcbe5e,,3,
f3482670,,,
2389c71e,,1,1
9b38e877,,5,
2746688f,,4,
39b8cc34,,,
faf8becf,2,17,2
89307099,,3,
e0b0a998,,,
75b03608,41,,
ac332dfe,,,
99f9c6db,23,1,2
437a9403,,,
2df690b0,8,,
03b0099b,28,1,19
f66be21e,,,
237ba274,,,
3373f83c,,2,
febc53da,1,2,1
b8de4748,,,2
cead74f8,,,
06cbac92,15,13,3
5cb9ab0f,,,
1326ba54,,4,
eca56135,1,,
3ce35c71,,,
2c3f02c4,31,5,21
8d431679,,,
b24494ab,1,,
a3fb9fc8,,,
13d65d7c,,,
751943ed,1,1,
de5abdeb,2,,3
bc21443e,28,3,10
0bbc3fac,,,
393f7b23,1,,
b9bbded8,,1,
dd8f4bc0,,,
7d90c5b7,1,,
dd49b1cf,,,
fc2e6916,1,2,
bab22721,1,1,
1fcd19a2,,2,
b889d3f5,,2,
89a7cb8e,8,3,1
47d0a857,,3,
0052d83d,,13,
e9f09ea9,,14,
0f76b3c3,34,10,2
2b09d92c,,,
3444c066,2,2,
f7a38815,1,3,
d7d4ea8c,,6,1
ceaebd37,9,,
82b6e75b,,,
c3891a3d,1,11,2
6447777a,16,6,4
db59b38d,3,36,26
49587791,2,,
c1704039,,1,
e6eb7fa4,,,2
39ae2dd3,19,35,6
a79dfe74,,,
e136227e,,,
e9653183,,1,
bddfc38c,,,
419b5a8d,,1,
0097b904,,1,
dc9537e6,,3,1
3812b897,,,
4116de83,,1,
02703e8f,,1,
b3d8c815,7,83,1
51428004,,1,
40001a7a,,,
2102cb06,,,
e506581e,6,61,4
128c4b96,,,
5d39b1fc,,,2
04a22498,,12,
4f6a591e,,1,
e8817249,8,,1
65b522a2,16,20,9
7c7acdca,,1,
05c10fae,8,22,
053c512f,,,
14600167,,,
818bc602,,4,
3f7b674d,6,27,
0918f3ed,,,
3dace666,4,2,
7f57c5ed,39,11,7
14327706,1,,
313365cd,,1,
407f0a36,20,,14
8753412d,1,6,
04e8d257,,,
fd4435e6,,3,2
7ec70d02,7,1,3
80f72a82,,2,
da84afe9,4,3,2
90309f90,,,
a159d3eb,4,,
fd776274,,5,
54d3c994,,1,
b5a587fa,,2,3
5de4b23c,,4,
8bfbf77b,,,1
c4130e0c,9,17,2
b65b4199,,,
7231be59,,4,
e83fb821,,8,
b00f8c63,1,,
e4f391f6,,,
ec104093,,,
ba3bc0c0,1,,1
11f95c78,8,10,2
7dddbbb2,,5,
77054d7e,,2,
d2032254,3,,
c7b66545,22,2,1
77b4ec7e,1,5,
6cd9045b,,,
54db9ec7,,24,1
0d1567da,,,
51ca4f3e,,3,1
e9967e55,,,
4f5c5257,,2,1
e1baa3f9,,,
72c78ebe,,,
2712ed9c,,2,2
285f51d5,1,5,3
40c9de1b,3,5,
31c15132,,3,
16d32ed3,1,,
b53fa5dd,,2,
af1ac4ca,,,
1c2352e6,,2,
8986245b,5,,23
8930cefa,1,2,5
544d68b3,2,,4
e4358ae6,5,3,1
926479e9,,,
4ce49a61,,,
79562d58,,,
35cd13d1,,1,
45524ea4,,1,4
bcdb3e88,,1,2
14e3c2c0,,1,
9fd8bf32,1,10,
a6b4eddb,1,3,2
68b61672,1,2,
53fcff2e,,2,
df442b9b,,4,
068c75a0,,1,
812b0d11,,69,
951dcc6c,3,69,
b5f51753,3,6,
ff6a06a9,2,,1
1542b36e,1,10,
c9b7f1f1,,1,
d9466595,2,,2
beda02fa,,9,2
1c73be21,,2,
c5f6760c,,,
d7f9b1ee,,3,1
e307979a,1,1,2
20a16ae8,1,4,1
00f99dbf,1,15,
c0936fc8,6,3,
5317995a,,1,
8f612660,,,1
3739ee90,,1,
ee192f03,,19,
7e6649fd,,,
f70ceeab,1,18,
be126395,1,16,
013ac44d,,6,
6d09e57b,1,,
b4fa8af0,1,4,
2b9a07ca,1,,
a74149e9,31,8,1
cf4d2582,,,
ef936a6d,1,12,1
ae904a1f,5,2,3
29d34c67,,11,
ce58e76e,3,,
910ed31a,3,,
a2624a83,,,
23baef8f,22,,
c0bbde48,6,,2
f034f90f,,,
f1d4f813,1,,
3957ee32,2,,
22439702,,4,
cd275ba6,,,
357677d8,5,,
f4f04a08,,,
7d9388a3,,,
a857994d,4,6,5
451e91d1,1,,
36c8ac5e,1,4,
00650068,6,4,2
af499b5f,2,,
ad0c4562,,25,
845a7c57,1,,4
92cec8d2,2,1,4
c97971b5,,,
25c226a8,5,14,
5416f231,3,2,5
0007fb81,3,,
4a5c8402,1,,
79518284,,,
b8866aef,,,
aedd631d,3,1,
5ddd7cee,1,,
51a536fd,,10,5
7a381637,6,13,
3aa77f54,1,10,
12fe7b52,,,
6a4131c1,,,
32deb2c2,,,
5e9b1992,9,,
65d24a76,2,3,
80d30c3d,1,3,2
77d4222d,1,,
f76c01c3,,5,
005d33a7,1,4,
7aefd0cb,,,
8142aae7,13,,1
9ca20b73,2,,
51fa7958,,,
206dc2a3,,4,
9fd35d09,,,
6a2f340e,2,1,1
fb619f23,3,4,
217b8e25,,1,
15cfa47a,,,
caf91b9c,6,,
20894bc9,,,
a383988c,3,13,11
06e250e4,,,
9e7529b2,5,11,4
d1f59257,1,13,1
39cabcd3,16,9,
9acf130a,,,
65fd9c0b,2,3,4
48eb73f9,,1,
f8f19d15,,,
cc12e400,,,
b9e27906,,5,1
7d319433,,2,2
73755d12,,,
9a88c50f,,4,
9f88552f,,2,3
280afda0,,,1
8af5ea8d,,3,
59c2fd88,2,,
c1d787bf,,10,2
72395bf4,4,8,3
0d6a6bde,,,
9d8c4ded,,,
4d062185,1,,
26ddf084,,,
1547876e,,7,
b54937ab,2,,
f40a3f34,,,
fc621360,,,2
b456adf4,,8,
194b64cf,1,,
b934b600,,,
5ef30b6d,,,
5b6e762b,,1,
48a7a215,4,2,2
60b88937,1,5,
ea1dca81,,2,
3b941548,1,,
20a010a2,,,
de44917e,1,,2
87b17e19,,,
17b91f41,,,
4d064d85,,,
ebee56ef,4,,
487c28d9,6,,
a06295fe,2,40,5
81de2275,,,
3b1881b5,5,31,
3049f5dd,,,
c79a3cde,4,6,2
ca29f1a3,2,,
e81368af,8,7,9
acb28e3a,1,23,
e09aea59,2,1,3
d4b8f16d,,1,
56646920,,,
9da81ace,,,
4222610b,,,
00f1533f,,11,
0cb3541b,,1,
5e703e74,,1,
6ce8571d,2,2,1
3922c518,1,4,2
bf2430d2,,1,2
ca59c120,,2,
61b1214b,,,
15279b25,,3,
cffbba94,,4,2
6278d88d,2,1,
5f363e8a,1,7,
241f856c,,7,1
fabefba7,,,
2b3ac3d4,3,20,1
6ff87cc2,,7,
6873111d,,6,
d5bf1a11,,5,
8a673db9,5,11,2
5e416980,2,2,
ed9527ba,,,
0b175867,,,
7903697c,,1,
a89b17fa,1,3,
f4e128b8,,,
764741c5,1,4,2
d4aa5b53,,,
35802207,,,
dbc74fcc,,2,
ec370e1d,,,
70e7bcc9,1,,1
2bbad8e4,,1,
ada07cb9,,,
25f96b16,,,
81612f8e,,,
0f6cc0cc,,2,
12507095,,,
f478fcd3,2,,
feb8d101,,,
fa4e15e1,3,4,
7f86550e,,,
80f92f90,,4,
60529ac3,,,
674f4bce,3,2,
6c9c151d,1,,
a4d0341e,,4,2
eb3283c5,2,,
90438511,4,8,
4d69848a,,,
19c92ceb,3,3,1
4f6ba4fe,,,
762adfcb,3,13,2
f96a8e59,4,19,1
0653efcd,,,
d5e202d7,,,
67919841,,2,1
faf8b76b,,1,
8178322c,,,2
fef838f1,,3,
7215c011,,3,
8828d532,,4,2
5e5df6bd,,1,
4cd7e625,20,5,1
46ea0d4e,10,,5
4f0a9522,,,
bcef796d,20,18,21
fe59ab1b,,1,
ac6c3b85,,1,
28b8573b,,,
57d591d1,,,
0f2542de,7,5,
ef17a9c5,,,
568166d5,1,2,3
473af5c9,,,
e2859495,1,4,
9c8d980a,3,2,
f0a3f849,,,
939fd8d1,,,1
e53738f3,,1,
88cbdb50,,3,1
5f235eaf,,,
31ecd172,,3,
cc9b9567,16,6,
a8d67b02,2,10,
66c4c07e,1,4,
b9bae2b5,,,
8e711861,,1,
dcf78961,,2,
def3dbe0,,,
22be7970,,3,
ed729255,1,,
b8200d97,6,13,10
e8798480,,,
e1c78b47,3,20,2
2de491aa,,,
d5f052f3,,,
df5daadd,,,
7522d530,,7,
9b9f6216,,,1
efd08efd,,,8
cd516740,,,
2f7759a2,,,2
3140282a,1,1,
0393ffbf,3,4,
ecb215c1,,7,
9dfad354,,,
75997545,,,
c20c8526,1,,2
43d22f6d,,,
7254a5c2,1,,4
32b671f4,,1,
a07abee5,6,,5
910c5fd5,,9,
2af7db36,,,
2871079c,1,4,
a215ba6e,,,
a8af5774,,,
660729bd,,,
765d4705,,1,2
45699460,,,
edb6786a,,,
99716993,,4,
e10e9d38,,,
85a2ba37,,4,
6d1220b5,,,1
529d904d,,1,
e2fcb06d,,1,1
43f12569,4,,
aa64c13b,,,
4e604a65,,,
023201f6,1,13,
1a7d1f70,,4,1
030d9fd2,,5,
3a4c7c9c,,,
98c6a581,,,
c38db2af,,,
be963d4c,,5,1
c77ab7d0,2,11,4
d8479a04,,,
3db3a9a2,,3,
23804618,,3,
daa79f3a,,7,
64686dea,,,
e85ae721,2,,1
10097bf8,,,1
c0580cfe,,47,1
1d577b1b,,,
d23c3b33,,,
12ea35fd,,,2
f47fa76b,,,
4d94f1d1,,,
9c49322b,,,
46f6e1d3,,1,
224f05e6,,,
b5527e90,,9,
cf9ee928,2,4,2
2adf3932,1,,
40bbe213,6,,
4d44b379,,,
b7a7c33f,,,
b57d9f30,17,100,18
dd763698,,,
da5c6add,,,1
768152cf,,7,
488ffb11,,1,
d83daf05,,,
e062f7f6,,,
276d619a,,1,
7bedd8f2,1,1,6
26e9d704,1,49,21
354de0a8,,,
cbd88179,41,381,30
1d196c5b,2,12,2
75229e14,,6,
7396f9f2,1,30,19
9c1b31d2,1,8,1
39b57b88,,,
65c2a6ed,4,6,2
40b4c355,,,
1bf2f702,,4,
a52ac692,,4,
553cd034,,,
a4f2789e,1,,
2b2f8db5,,1,1
1fa087ec,,,
ff97d1db,1,,7
70df5a6f,21,,
378626b3,532,808,453
da5a5af5,2,1,
5010fe0a,1,4,
086ae353,7,9,
7dda4b9c,,1,40
dfc05a6e,,,
b63f3488,1,5,1
b26e61d6,,9,
eb8df35f,,5,
b7e6a86c,,,
0b9235f0,,9,3
ea85054e,,6,
9f0f6535,,6,
d900f8c2,1,,2
2bda1b53,,,
cad7c1f1,,1,
1fee1ef7,,1,
45d20d5c,,2,
08b75e59,,,
cea87328,,,
f64a121d,,,
998b408d,,,
79576d15,,,
7ec12d32,,4,4
32896948,,,
824bb341,,3,
a4ee2841,,16,
956c0f8b,,,
54378358,1,,
8dfbcbda,,,
96337699,,,
efd9c947,,1,
26b56d3a,,3,
720de2e6,,,
4b11aff0,,6,2
43da2249,,1,
a6bdd7cd,,,3
5d88c423,,,18
617ab632,,,
0c8cf5cd,,1,2
4dab51b6,,1,1
e234abdb,,,
ea963c25,2,,
1b40a0eb,,5,
5f1aa6af,,,
591dce56,,,
d4665f17,,3,
1e0146da,,,
7cf88a1a,3,,
0dcf352f,4,9,
094d0187,,,1
52691488,,,
ac39cad5,,5,
9804741f,3,,
98531313,,,
b5bb36c0,2,4,2
792edf63,36,,
4dd9b6ef,6,17,2
734ec51a,1,9,1
1c57e383,3,1,
a52eafd7,,,
cfd514d0,,,
c7c9e743,,,
bc483724,2,,2
1f27c3b3,,4,
a1632e7d,1,4,13
58b968b6,1,,
e8ea9801,,,
dbab41cc,,,
e0805ece,12,16,1
c77f03d8,,,
c9d01b2f,,,
e06fcdbc,2,4,1
ad73dce7,1,12,3
cfb3b977,,,1
a2f23272,,,
dba3aa2d,,,
c07b0cac,9,1,1
c86155e4,,2,
a9696135,2,5,1
bfc9c6d8,11,43,13
6c5c119f,,,
dc6e2cd6,,,
58c33d71,,3,
39d71440,,,
96c5ab62,,2,
c7038ed8,,,
b6fdac7d,,2,23
63403884,2,10,
32aa6616,1,2,
952e7bbe,,,
6f86f38a,1,8,
f0ad0797,1,6,1
0d9aecbb,10,31,5
14f2e29a,,,
cce74efd,,,
6a9f965f,4,12,
4bf5003f,,,
0da48e7e,3,2,1
fe40d4b6,4,9,
25c51279,,3,
30bfb989,,8,
a0c08249,,,10
86e95dd7,7,,
8edee327,,,1
dc070a00,1,,
9100256a,1,,1
0e16b22a,1,,
a1a86b9d,,3,
fa277eda,,1,
427d9c4b,1,9,3
01d9f10a,,,
ef21ab62,,,
ca1a37a3,,,
32bf3054,,,
6d1cd0d0,,,1
7eb0f610,1,9,
f178b8d4,,,
175526b6,7,,2
283feda1,,11,
5131c024,2,2,
96380e75,1,2,
a403da30,2,3,
78d8f05c,2,,
2088d1b4,3,1,3
78c69259,,,
c6886f9d,6,,
1e5f266a,,,
d1a3806e,7,2,
2320a13a,,,
be695636,2,,
3fc6e02f,3,,
79e236df,3,72,
fd0084ec,,6,1
17492109,25,8,2
786501d9,,9,13
7a155063,1,8,
2d7c6f8e,,2,
9396246f,,,
5b978497,,,
341f7757,,,
bf046492,,,
c3034c89,7,4,
7a5cf48b,2,6,
41af9a1e,,4,2
85afdda3,10,1,
e3ec124c,,,
16e12b45,1,,
e4a985f6,1,,
f2f6d68d,,1,
b1b1a906,1,,
bf5960e9,,,
3ce9ab2e,2,7,
c8ca3299,12,55,17
7f7bf304,,,
d9806c81,,,21
68c737f0,3,20,1
383bb80d,3,,
92bd4d2f,1,,13
7234a00f,1,,
e9c64068,,,56
65e4161e,,,
fa205def,,1,1
3be25694,,22,2
9449efb9,,,
07858a3b,,,
e71a5212,,,
fa6999cd,,,
d9af92f3,,,
f2d8a745,4,,
ccd43e0c,,7,
14158070,188,428,220
fe711f65,,7,
bc20107b,,1,
89f1f3f4,,,
f7931af7,1,20,
d9c700e9,,,
aa96b4b2,,11,3
f5dc482a,,8,
d31ccebd,2,9,
252bd258,,,2
0e8fb215,,2,
a3b4cdd6,,,2
5398792f,,8,2
50ac0cdf,7,3,
83dcf829,,,
9c925b10,5,1,
1801ecfe,,,
9a7addbe,,,
548540bc,,3,
c1cbe8be,,,
50433f7b,1,,2
620c3e02,,,
bd223096,,,1
aaca9df9,1,4,
8a5e249d,1,,
abb4e20d,1,,5
a8830aee,5,,
6942dba8,2,14,
2a7bea2a,1,,
699ef078,10,49,8
fd1d31e7,,21,8
e58af1bc,,1,1
3a5aa120,6,2,
f92cfba3,3,,2
7140e4e6,3,8,
e1a378aa,6,25,2
f8410567,2,4,
2040b078,,15,
dc13b686,11,38,10
670d3f53,1,2,
a331c87a,2,10,
dbad7136,,,
57a459d9,10,2,19
55df4fc2,24,,
5c187ca0,,,
f4ad6173,,3,2
3268d6fc,,2,
c8de4f03,,2,
268b059e,,3,1
80f4c0b3,2,8,2
c406647b,,,
18bda09d,2,2,
b65c8716,,12,
6c0b2be4,,27,
c07234ed,,1,
e48bc9c0,,2,
5dd867ee,,,
6cbc6e98,,,
97bdabad,3,70,
a170f05b,2,35,
a4a92ee1,2,,
17e50491,1,12,
108c7d9b,,,
c230afae,,27,
128bbe32,,9,
7b854072,,,
d8a250ab,,,
e05fdb35,,2,
2a15f658,17,2,3
1e0c83db,7,10,4
bc96c4b7,,9,
2e0dd652,,1,1
23d01784,31,159,4
9128d4f1,,,
ee433ea9,,,
a48ed71e,,,
57a8a9fd,5,1,
6646db17,,1,
61327b58,,,
d92bcff1,4,5,3
a218eb6f,1,2,
8bb6d5b3,,,
3a2b099e,1,1,2
73c35aef,1,6,
7884574c,,9,10
1b3d7f53,1,,1
99b99976,,,
6282b31b,,,
7c5dc363,1,3,
5dd35448,2,1,
c72b5341,,1,
a68d39fc,,7,
cd26da96,,,
24551ccf,,,1
8a4e7088,,,
cee0dc6f,,7,2
322449ee,,,
c37b53fd,,,
656d7ca0,4,5,2
b5989e24,25,32,3
c95796d9,,,
7452d05f,,7,
be1426a2,,7,
d292fdaf,4,,
cc0ad9f1,1,1,
f03b2cde,,,
32fa4c07,3,1,2
94aad586,,,1
9fe50481,,,2
87007d4e,,,
f149cf52,,9,
5d5c60bd,,18,2
8e2e22c2,,7,
d85757a0,,2,
e80fb65c,17,14,3
9c4bfa44,4,8,
9a5f45a0,,8,
f979c17b,4,,5
ab685de7,1,15,
c01d37ad,,6,
9b89c303,,,
c987dd55,5,,
2640832a,,,
58466935,,,1
47503953,15,24,8
1cdb9e0b,,,
ca5554df,14,19,18
4a5dc322,9,3,
58bfd6bf,,3,
18dca2a8,,,
8884e311,1,,
9e890f0a,5,,
70eee55a,5,5,8
4b1df148,5,5,
7ee57196,2,18,2
e69033a4,25,16,20
391c0117,,,
713b200a,23,11,
d8387fa4,,26,
4a792151,21,8,14
5bfb408b,,2,2
2600f46f,,,
15ac4127,,,1
e556232a,,,
b3429af1,1,,
725156f0,4,6,1
3b867373,,,
4746e741,4,,3
73db1f88,2,,
e8ee6a27,,,
b58e6787,,2,
da174f42,,,
0efebd5a,2,,1
067a2af7,,,
60cfb547,,1,
9308625b,,,
51de21f2,,,
d34daebe,1,,
2a162eb1,,,
2508c76e,,,
ded09fc7,,,
3305a7df,,,
b36e8150,,4,
8632d901,,,
d299eeb4,,,
0ac31ae8,,,
05bc0ba1,,,
6dfa455f,1,1,
4505e7f1,1,,
c03179c8,1,2,1
3b999445,1,,
03955428,,,
015e60b0,7,9,7
c25fd78c,,4,4
788b88b7,,6,
46540578,2,4,10
8a672c28,,17,
7ee2adb5,10,24,9
1675e61f,1,32,6
94ef7dc1,11,25,
98282671,9,11,3
c3559ddb,,,
baf9ecfe,,1,
8fef5113,,,
af4b71a0,22,67,7
cd0b5ec2,10,8,
117ad8ac,10,4,1
312a35df,,3,1
b7797917,5,111,2
3f8a8309,,,
2ffa083d,8,12,
0f3dc040,14,14,4
bcb0b83b,,,
f95dbb7a,,,
436380c4,,,
2e3b8f13,,,
d9ac6638,,,
6a9d055f,,,
a0fca931,,1,
96bf71e8,1,,
05850da8,2,22,6
8e23ab68,,,
b4b0be4e,,,
5a7f049f,,,
14a47075,2,7,
a97cca50,1,1,
4a9ab4f5,8,,
71727e42,,13,
4eb01722,,,
20d76610,,1,
f76e3859,,11,
4e60c395,,5,1
f136fb36,14,,
c71dc9d4,1,15,6
915cb8b5,8,1,2
4bd9c019,1,,
624bda46,,4,
28576aa4,,,
19ffdd5c,3,1,6
69e5a0eb,,,
d525295d,,,
1bad0b48,,3,
34853e7b,1,10,
f6e0df12,,5,
1ab28134,6,13,5
fa02ffdd,,,51
6869a2bd,,1,
4097dee4,22,38,3
52c4e042,37,,
8fb80e91,3,4,4
9b208028,,,
a8723412,,,
f858a2fe,,,
4fa7e854,,,
b6dd5938,1,,
c08919d0,9,4,4
bd8d53ea,1,2,
cfa2f726,,,
2aa0bf73,6,1,
a9806381,6,2,1
8b722d29,4,2,1
2b014ce8,2,,
f008ac8d,18,,
ce87b627,9,28,10
5a882278,,,
f4c18c6e,1,1,4
97f2fa73,1,2,
660e6f4a,,2,
d3327e7f,,,
ecaba683,,,
7498e0f9,,,
e3d10ad4,,14,
b186342f,,,
d9c3f4bc,,,
835a40fa,2,,1
289d474a,,,
5fe2e7fc,,7,
0f351d2c,2,5,
60d9984d,,1,
70a51bcd,,1,
d2b13764,12,17,4
9c967911,,14,2
d55567e2,,3,2
f1ecb4ab,,3,
d19b575c,,,
9feb27d5,,,
4323fea5,4,6,
b86d3d69,,,
644d5abb,,,
8dcb1387,8,11,2
97b2feed,,,
42e31a44,,2,
5830875b,,4,
94a9096b,,,
b271774c,,1,
cef81f1b,2,1,
fe66f33f,21,8,2
17ebbdec,16,11,18
f2a35273,,,
c25513d5,66,72,122
559b860f,,1,
397830d2,2,4,
83cdbeca,3,,3
6e0e38f0,,5,
e1dd149c,,,77
c660002b,,10,1
acde9a3f,,,
978cf0d9,,,
2406a9f8,,,
8f5eaaa7,,,
806e9b1f,10,18,4
32efba34,77,,
0a1bc865,,,9
0504a442,,1,1
0ac5fd9f,,,
ed825de4,1,4,
4f2e3476,,,
fcd6beca,1,6,
7b4c83b4,,2,
b1775a32,,2,
8d7f1e28,,,
fd3f923b,5,4,
a9a29bdf,,4,
63116239,6,2,3
096e4c95,,,3
12f1d969,18,2,
6ac9b17d,7,18,8
41ab17b9,,1,1
16f4de7a,,,1
e66fc219,1,1,2
61d6c483,3,7,
9599bfd5,,1,
526dafca,,,
88cc8c17,19,15,16
0f8fbac9,1,4,
148abe52,11,,
303f8304,,,
88df53ec,10,34,16
3d6d9f39,,,
81ce0555,21,1,
6c3d5ed9,,,
1c1570ff,14,8,2
5f2c2cdc,,4,4
6e5bb872,,,2
c5f606e6,,,
4cb023f1,,,
8d88acb4,1,,2
a8a7c4f5,8,6,
307e6c47,3,6,6
256c931d,,,
faaff91d,,,
7e17f71b,,,3
e4aa941b,,1,
0e382589,1,34,1
1603d979,,4,
3ac78b03,,,
03525f4b,,,
42dad6d9,2,,
881bd8ee,,4,
b712b030,3,2,
6246825f,,2,
b6038534,2,4,
977b6f3a,,4,
d4d01ba5,,,
cb202da8,,7,
dc4c4ab6,,7,
71f25d13,2,2,
671f9d48,1701,3,1
f6744135,,,
334b6c31,,2,
d8f55212,,9,
98192d7c,,2,
709f2dfb,,,
0317baa1,4,,
eb2aa7f6,,,
a03bd510,,2,
30e7ab2f,2,,
4d969b96,,,
e45db60b,,13,46
434610b1,5,5,7
58c72acd,22,,
f6d88ca5,,1,
0bfa9159,,1,
7a8e9d79,25,7,25
12b392b4,,,
03b7b2d2,,,
fada7767,,,20
17641d52,34,1,
27394805,3,2,3
08e2914c,,4,13
dfbe4e48,2,1,1
32affc8c,1,,
0f46d4b3,3,15,17
a9a8d5d8,,,
9e67cce9,,4,
6568cbfe,,,
43ff36ce,,4,
3acb22c3,,,
25c7a783,11,10,
b644d4e9,,,
00310d96,,4,
c93f5afa,1,,1
8fdf788c,8,1,595
7f780f43,,,
5bda3a25,,,
74738fbd,1,9,
4ed5b07e,1,2,
891cf343,,,1
4e36fbca,,,
1c6ed9b2,1,,21
e5c32694,2,3,
2f737d4e,,3,1
60ee9460,,2,
189c2785,15,9,
dc43c2d8,,,
1011227b,3,,
c457c3e6,,,
7c002504,,,
6983f704,,,
54435a90,,,
742db71a,5,3,2
7b0bf2da,2,10,2
4eff91df,,,
53705734,5,17,7
53c27ef5,17,2,7
d0a3c2d9,3,10,8
e2c94878,,,
6fe6456f,,,
7cefd10d,,6,
87efff0b,,,
dc8ae16e,,3,
a1540a49,,,
a3cb3651,,4,1
a8216e7c,,,
7cf7d745,,1,
17e37fdf,1,4,
fcba5532,,4,
151cf0c7,,,
c1783cc8,12,10,4
30bcc72b,,3,10
ab3aa786,2,2,1
b258a6de,26,65,36
291bcab9,,,
6c7bd6d1,,,
d5105834,,,1
4aacf507,,,1
f98da736,4,19,2
707f910d,,,
aca0d5fa,,5,
bf0bfe9a,,1,5
6f8a69b9,,4,10
a22725d9,,1,
df53d6d7,,,
9228c975,,,
0e47fb50,,,
7e95be02,,,
ba71e3dc,,,
0e341c9d,3,2,2
dea1fde6,,,
a7b5d45b,,,
565e10e0,,,
775856b3,,4,1
e3b8f4de,4,6,4
547d4c20,,,
657f16bf,,,
33c94a98,,10,
4f6d0536,,3,
bd0729ac,,,
2f1a0b05,,21,1
b9996908,36,18,5
8f895a7e,1,8,
27190fcb,,4,
61bbb048,,,
46a249a2,3,2,
bd872848,,2,
8bd7ea2f,,3,
32687816,2,12,
319b7fa6,5,9,11
36f86305,12,1,
2ac79834,,1,
51daf2a6,,6,
77987032,2,3,
139b1b83,1,5,7
cedcee3f,,,
4df73786,1,,
ea6113d7,,,1
09b022e9,1,,
42b21222,,8,
3a12a2db,,,
43af599d,4,,4
9a676bc7,2,,2
e424a2f4,,2,1
a4c66dc2,3,3,5
801f563e,,1,
affd514b,,,
0746199c,,2,
44ea0a11,,15,1
9475f9ae,,1,
54d44c6a,12,4,
a3b46ec9,,2,
2f12f95d,,4,
ff5aec0c,4,3,1
ee189d1d,1,26,
01e65a01,,,
82c46180,,,
646cd455,,1,
1eafffbe,,2,1
b4eaedf7,,,
d385cba4,,,
76eb40a4,8,1,11
1640b1fe,,4,3
71136390,4,1,1
1033bec4,,,
fa1b49de,1,5,7
38ee5758,,5,
539418ec,,,
32e0b597,,,
e5616c85,2,,4
f9eff516,,,
df65b930,,6,
ac72c351,1,5,1
9319e3eb,,10,
d8c0bf3b,1,14,2
b8c07510,,1,
30e80f8c,,6,
ec51b359,,,
9aa9d8a9,,2,1
d4742bbe,20,53,24
7eed272e,1,,
a13246a2,,10,
582c6be4,,1,
f09b85f4,2,,
f24872c5,22,,
992d431a,4,18,4
46bedb81,,,4
86b4cde8,1,19,2
cb4b6734,1,,
2e44a1ba,,,
5b81e169,1,2,1
ade3cc13,4,,2
bfe44180,2,22,
2ec93279,3,130,
42c65cca,16,8,10
ec013bf2,,14,1
2ad1451c,,,
2d9cc9f6,12,,
071b067b,437,,
073517dc,,3,425
39357f38,3,8,
152c969e,3,8,
604b359d,5,6,
eeab6767,,,
82f876f7,5,5,3
97ea338b,,4,
641db5cd,,1,
cff2edf7,,,
33c9f3f1,,,
05d16cd3,,,2
b1b0319b,,6,2
1bb003d9,,21,
03de5f47,,3,
23438de6,,,
86135a40,,,
7c50c1e2,4,2,
bd0339ce,1,6,
64e6c402,,,
788d7e9b,3,127,1
291293a6,1,12,
3843cfd7,8,38,6
238e03f7,1,21,
c5ccaee5,,4,
a5421705,,,
d7bfd44e,2,71,
a27d1cc3,,,
cc278d45,3,,
9da01417,9,3,
b9aaf9a1,,25,
3f72add8,,5,
a25f7fa2,,2,
4ac3bace,,2,
54af70f0,,,
ee9f30a2,1,,
7b6cbdbb,,1,
a91887cd,2,,
318328bb,7,,
4192222b,,,
7316a3c6,6,9,
29bed32a,,,
082b5f0d,1,2,
b20e5972,,,3
c1e827fd,1,10,2
57e504a7,,,
76d7829d,,2,
1295f6d3,,,
d8f0e3fd,,,
b60e0b6a,52,26,87
e8636050,,9,
f2d84f75,2,11,
4dd462d0,,8,2
cfa300f4,,,
ba8c8171,1,10,
b5c87b0f,,,
d0afe6ca,,4,3
24acfe70,,13,37
2c7be323,,2,
16f729cd,,1,
677886f4,,3,
8a9e602a,,,
737a3508,5,,
4472fe97,,13,2
eacc474c,2,,
5a82dccb,,,
dfbecb79,3,61,5
f568aa42,,,13
ad15155f,11,,
d806e3bf,,,
5b17307b,,,
e95d3de1,,3,
4ee11cd3,,,
3b79008e,,36,1
540bc995,,1,2
34820511,13,161,20
f136eafd,,,
895bce6c,3,9,
b7de8680,22,109,19
506474f5,37,51,5
337f5bbb,30,1,3
201df99e,1,,1
983a7080,3,5,
c20d8758,,2,
1354b4a1,,3,2
57153079,,1,
573a723d,,3,4
e263769a,4,3,
a03bc6ea,2,1,
49bf02ce,14,,2
eb91a6d4,,,
04bae9bc,18,10,11
e5641573,,6,
75b2dd59,6,8,8
896bbb67,23,,
5b5b39a6,1,11,8
8975406b,,,
ec5ad7b2,2,1,
5bd8b41a,,,
340da3e9,,,
665d022e,,3,1
3fe9a58f,,,1
eb337ff5,11,28,29
3c9d9123,,13,
793a5714,,,
b5e6350b,,,
8cba7654,,,
4528c793,3,6,
c094abad,21,,
7755a826,1,,1
137f29ba,,1,
46e364e7,,11,
b9352ded,2,4,
8586d43b,,,
b6fcf3ac,2,7,5
b742dcc2,,15,
5d2e0688,,,
5c2be33c,2,,
102563ec,,,
ef692b0c,1,,
b58a8f01,,,
4a3d7372,,,
8d0785da,,,
8d5fd083,,,
aa69d628,,,
dd6b7969,5,37,3
7277536c,,1,
0d76e329,4,,
20aa2e19,228,,
26595471,4,9,2
cf2fbf78,,,
55261534,2,6,2
8f7fba2d,,,
3a52cc41,2,11,
bd093c4a,,31,
712a6cfe,,1,
2f6e17f6,1,,
364b7d14,1,,
ccb5409f,,1,1
37a3f2e3,33,12,
4a1aa377,1,,
0abfaf20,2,5,5
923dde7a,2,,
103edc44,2,21,6
218afba1,,6,
7d80182e,13,12,
2960af85,1,1,3
5161ca73,3,6,3
89a16fe0,,10,1
93fd73fb,,7,
8cf9f529,,,
1e9652b4,5,,
e0a6dc0a,2,4,2
4e77bacd,3,149,6
09098785,15,62,23
926a20f1,3,,
b49b3d9c,,4,
c80b1bb6,,,4
738d382f,16,6,
0fb0037e,,1,13
5d13c7d2,13,2,
213c1e3d,10,2,
e2b24079,,,
64351ad7,,,1
88838413,2,,2
a20aba87,,,
6db7250e,,1,6
5a4a52a8,,,
5adb37de,5,,
85e16840,,,
6b9f7065,,,
852f546b,,,4
5bd3648b,,12,2
2ea45950,,,2
a9fdb682,6,,18
71b089cb,,,12
ae859c2d,,,
e0d42df7,,,
6ef1729d,,,2
7d79587a,,,
e05b071b,2,,7
fc4b205b,3,,6
9098d069,,,
ff3dcffd,,,
b8140333,,,
5b44fe6e,,,2
8a7bc2c6,3,,34
b004066f,1,1,11
a819d26f,,8,
ef555d26,,,7
3e31af68,6,,3
e4ed5514,2,,23
7db47dd0,2,,16
42a77eda,,,
62bf98af,1,,9
7a9d9d6a,,,
5d6d849a,,,5
d2060ee3,,,
a1baeeb8,,,3
43d13064,,,1
94dc09c3,,,1
1f9d1655,,3,
695665a4,2,,2
db0459ea,,,
d9b26dab,,,
a1368f0f,,,
77c01d25,,,
11047aaa,,,
92f1a81f,9,,
78ccfeed,,,
937c0481,,,
e353540d,,5,
67da6e4b,7,9,1
35c01660,2,6,
fdeff385,,,2
b6e83dff,,,18
44142efe,7,4,2
4229b23a,2,1,3
3fc3401c,1,,1
43e40d6a,39,,
f6735f8c,1,2,11
7b0ec599,2,,2
8d89e481,2,,24
6d93c3fb,1,,5
b7b17209,3,,10
42d466c9,,,1
310a87a5,2,5,
5a467b69,,,
949435d1,,,
e59ac8e7,6,22,2
39250873,1,,29
3f9441f4,,,
8b82ff5c,,,
a8f5efdb,,9,1
ca93b624,,2,
def12a17,1,11,
03e68482,4,21,5
33134b13,,,
ba3c795f,,,
caa698f2,7,6,
6eb7de04,,,
42f6a272,4,,5
d8c569a7,,1,
eb23c9d2,,22,3
5ffb4957,,,
96dc3f98,,1,2
02a6e85f,,,
1f72e53a,,,
5a4a5940,1,24,1
8e1a6c6c,,,
9e973bbf,8,9,2
be6cc9c3,,,
d1d9f131,1,1,1
c4db51e8,1,1,2
e37aeb38,,,
6339feaa,11,2,
b47fc775,43,10,1
9d42acbc,5,4,
0c5fd38e,,6,
2704efc0,,,2
2903b91e,,31,2
3e783e1b,,,
321b18d4,,2,
bf834599,,,
312810d4,,2,
e5a8958e,,,
8be43903,,,
038bcfc4,,,
16b05def,4,2,
51e6519b,,47,7
a9af0280,,,
9c0b2ad7,,,
760cc951,,,
f9225df0,41,6,4
33c0c89f,,,
32f2122e,5,,2
717bde05,,5,
e45ab1d1,,,
5f9090a7,4,6,1
72e0acbe,2,1,
bfe2a965,4,6,
95e8ec1d,13,9,4
00c4b944,,8,
6208c628,1,11,33
818a7b42,3,8,2
c661c344,,,
91866648,3,10,
74749ec1,8,7,5
089d022e,,1,
40373526,1,,
5b68f003,,,1
d7d8503f,5,2,
b1cd953d,5,,
dbbc6ad7,8,38,4
81e2db10,41,95,25
2adebc4c,,,
ff14feeb,1,,
40e53b9b,,4,
fea74750,,1,
5d2b41c0,216,,
ef26ffe9,,,20
97d07253,,,
a0da613e,10,,
37d04c26,4,2,1
d28eca71,,,
46d71397,,1,
0bd73b8d,16,7,41
3b729848,,5,
efaa5c2f,,5,
d177fd5a,1,,
2d5028bf,,5,
45de76f5,,,
b3be1520,,,
9ac52238,,15,19
ec7849ac,,,
a05064d3,5,202,12
36c8eb02,4,35,25
6f284019,1,7,
aedf8790,2,3,61
ea4a0e35,,,
b195190b,,,1
15642f2c,,6,
f1e382c8,,1,
d78f5a4f,,,9
9746bb20,6,,6
4dce19b8,,37,
1cb589a9,,3,
18f1b1f1,,3,
aa7cd691,,99,2
361703b3,2,,
91a61d7f,9,83,
61d872d6,,1,
a07fb94f,,4,
fa805c4c,,,
1cc104e1,1,,
5d45880b,,1,
250c2545,1,1,
0b30bf61,2,5,1
b4f796c5,,15,
05c416b6,,2,
5a4b2ec0,,9,
f77f13fa,1,,
c77bac44,,1,
9f2c1c47,,2,
3f4b3314,,,2
4e0f455e,1,,4
d6a0fe54,,,2
0d0eb0ab,,,12
23883d25,2,12,2
5c57dd9f,1,,1
b9fbed49,3,,
958d04a4,2,,
211b4059,3,,
a5a19efb,,7,2
a9cfde97,,,1
8ad50a3e,,1,
27dc582e,,2,
b8f5ef04,,2,
58ba0de6,7,43,
bbcb0352,,13,
957154c0,,,1
3d364c7f,1,5,2
e21dc592,14,31,
8c0e5626,,,
96a76980,,,
8842f8ef,,,57
1ec7f55a,,,1
2ab38d86,1,17,1
57aa842b,,,
994a8db8,,9,
90c0481e,1,3,2
1a7e7a1b,,2,1
86b777a9,,2,1
d293e6c3,,3,6
36ac52a4,426,3,
4e325897,,5,
0526e1cb,1,,
87ba8cb4,1,,
8c659331,,,2
a9814fbf,,,
4696fcde,,1,
e726ff63,,,1
122051ba,1,,4
939ce470,1,,
97038ea3,1,,
9551af60,1,1,
71254e4b,,,
5a8486e3,,1,
43dc0bd8,1,6,
fb6ce498,,,2
e5319b66,42,2,
3bc330d4,,,
abd37dac,6,2,5
63d3210c,1,,1
bd8c4fe0,1,2,3
985fa97c,9,1,
c43b9b4d,,,
c38c1d0e,1,1,2
5d51aed8,,1,1
279712a6,,1,
ae839db3,,2,
d9d8acf3,,6,
d3c270b0,32,42,9
951c49f4,,1,1
8bab0aae,,,
a6c4f651,1,18,
b76c3931,,4,
b291d857,1,,
e7c6c880,,,
6e98a048,,,
9e6c616c,2,2,1
303fb80d,1,,1
d504d78c,,,
e9d2ebea,4,,3
61436264,3,,3
592f1fcc,39,8,2
92a68f59,2,4,
3a3e96ac,,2,1
7eef6158,,,
09d9f46e,,,
da7bcfa8,8,,
59cd054f,8,,
ce353868,1,,
9f650519,,,
eae7b2d6,,3,
1bb5ac11,1,1,2
94838ee2,,,
045b621b,1,11,
623956b8,,4,
9155f58c,,,
bf808b34,,1,
41e0ef2e,17,12,
b923d0c5,,4,
7514a82c,3,1,
adebda15,9,,
817309c7,4,1,2
2ecf26c8,,,
bd8ee643,,4,1
a6bd91dc,,,
d49d02ff,1,,1
a156f678,7,,
b0c6b701,17,3,1
b8ae8be9,12,,2
93b34e38,,1,
a15213d7,,,5
b2a3ba81,48,10,6
fd8db4eb,,,
0c157a94,,5,
516351b8,7,,
cc1e4d3b,2,1,2
058dfd0a,,,
ded98dda,8,19,37
8ab1ef14,,,
0233a3dd,,,
6c2053ba,,,
6e391924,,,
4353aa67,,1,
bd557a63,,1,
2a56ab59,,5,
722c63dd,27,,
c6436ad4,,5,3
fb17af42,3,6,
1eea3cf5,6,,4
36ff7995,174,,
37a80ddd,,2,
21c9c26f,1,,1
5a9d6e59,,,
7a77903a,,2,1
f1c07dbf,,5,3
85f8247c,,3,
5c347c56,,,1
e781bd0b,1,7,
00f737c3,6,7,1
85f47d63,,2,
a1e8dad4,3,3,
68e86d86,8,1,
59e511fd,1,1,
47045e12,,,
c4e7ecbb,,,
b4643c42,,4,
44bfc47a,,,
9580c417,,,
d03de0f3,18,18,4
bfdc28bd,,1,
a1b668bb,,,1
3d44aeca,6,3,
02f3df55,11,3,1
47f26d21,,2,
dca860e0,,,2
a3f25da2,,1,1
37f8710f,,,
1b810c4b,,,
9a177d99,,,
a643bdd3,,,
cc2ada0b,,,
709b3abd,,,4
17ecbdd8,,1,
c565b59f,2,,2
f78f4fc0,,,2
518c44a8,,,6
fe4a8d6d,1,1,1
e55a1f11,4,11,15
f3c940d2,,,
2710af1b,,,9
100dd541,,,
ea3d3042,1,,58
6a62c259,6,4,
778599ba,,,
65f8fbb8,1,,
cd9a36d4,2,2,2
ba6c0321,1,2,
c9174e07,,,
5dbb799a,1,1,
3aaf7cf8,,3,
00188a29,5,13,
a43f686d,,,1
e2cafa9e,17,1,
2a06d68f,,,
b25996d0,5,11,2
ec2b29f0,2,11,
df0aee22,,,
aa8a761f,,,
10f26f32,,11,
7f3f7920,,14,
b7ac3edf,,,
602f976e,1,53,2
c22b559d,,5,
e80abf0b,,,
2bb114bc,,9,1
3f101ad3,7,11,2
ebf33c6e,,,
7b213d2c,,,
8bfbebc7,,2,
f02ce0fd,,,
44daa99d,6,7,3
9e75a33d,4,9,
11c742f3,2,,
0b11fb2e,,,
f75ba72a,,6,
421eabe6,34,13,9
505e767a,,,
aef7a148,5,,4
9c173047,1,4,1
0a99a335,,3,
de37d758,,,
00d60109,,4,
e530ccae,,,
0baf3592,1,3,
5787e2ea,8,1,5
8b66e652,,1,
1f140369,,,
ad534efc,1,,
061252e4,7,,2
b5aa2108,,5,
1162f26d,1,,
d3a28355,3,10,
d2987071,7,80,7
f4fa5698,1,,
501746ae,3,1,
a2aadef4,3,14,
f7e0366b,,,
0334333c,3,1,
3ed38277,1,2,
947f3bcd,19,4,
3992472b,,,1
a442789f,12,,
b4991fac,,,1
a3a58ecb,,,
6a15f7f5,24,26,136
16a40883,4,6,3
8b473dce,,2,
57e72555,14,7,
137525d4,,5,
d43d95cc,,1,
961fc40b,37,68,53
7b511d82,,1,
b5412c95,,1,
3447e871,,,
00106b36,,,
7fbd1e50,,,
6c2eba79,,,
353c6607,,1,
6b5e3c5d,,,2
1c4d0d0f,4,,1
f5fa6714,,,
d66a187b,,,
917ed517,,,
170a04fc,,,
701cda28,,4,1
d233be70,,,
e157ea1a,,,
0289dadc,,,
adb4b87f,1,,1
a58533fd,,2,1
ee019d34,,,1
e7c6ca94,,1,1
c77f107f,4,8,6
220e4e88,1,,
bf62add6,,3,2
3fff8ce1,,5,
b79e0b08,4,3,
b97b3c60,,,
cef7dfc0,11,10,7
613834f3,,7,
2bc26fbc,,,8
3a84b9dc,,2,
aea3ed85,3,3,
c0f4f75c,3,2,
ec88f661,2,,4
fae3861c,2,,2
de40a8d0,,,
c57e903c,,,
0941d617,,,
42380b54,,,
95354016,,3,1
4f9b6c5b,40,7,
391fe716,,2,41
cda2d6f5,,,
8dc1f321,4,7,21
9af7512c,,,2
b9781c96,2,3,
db09c421,3,,
e40c4309,2,2,
a7a4081e,,,
1784283d,,9,
61a7c78a,3,8,2
ac4dacd8,9,4,
d0e83520,,,
87f50e13,,,
53fb5165,,,1
c35f90f9,,,
27b83a48,,,
07095a41,,,
f8093408,1,,
cd95dc59,2,1,
d0c8c106,,,
fa2224c3,1,1,2
33c42bee,1,1,4
a12a99a3,,,1
2610a94d,,,
90d9febb,1,,
a5d35f89,,,
3b945bca,,,1
6d2f6d69,12,39,7
1be9bbf6,1,,
7b2992a9,19,2,2
ee8091f6,2,5,14
0eb7a42c,1,1,
a6e3d7d0,,2,
4c072694,,,
f60a6e86,,,
9ec51d01,2,1,7
1f69e664,26,,2
7e75a9a1,,2,
dc058d9c,,,
5d01062d,,4,23
18aaae3c,23,4,
8b7af2ca,1,,
91fe9f4b,,,
90b12ba5,,1,
a35aeb8c,,5,
9bf0ad83,,3,
60de50d8,,,4
154198a3,,5,
676b81a4,,,
dfce95dd,,,8
fdb66b62,,,39
61e35704,,,3
660e4548,5,3,1
3393629e,3,3,
3b562c91,1,,
ecd0ae54,9,36,
e1faea03,2,93,14
6211e53e,4,78,29
40a76597,1,17,
754392aa,13,34,19
876847fd,,,1
71ad0125,,,
d27a27c9,,1,
cf025966,1,,
632542e0,,,
f3bbb729,,,
7d36f936,,5,3
89444ef4,6,11,6
9dce1239,4,12,4
ed47feee,,,
ad4f05f5,,,
12898a2e,2,10,1
574d84e9,7,9,24
a849d118,16,,
5164d912,13,433,8
87f52aa6,2,9,3
b6d5593e,,,
e376888d,,18,
24e1f936,5,6,2
5661bff0,,,
86cf144b,,,
a507ea97,5,6,4
468a3228,10,15,6
353357fb,,,1
493e77a5,,,
8970ee75,1,47,
748de5ea,,,
92cbe6f9,3,5,
50fafdc3,14,10,51
4a23c2a6,,,
10f7a319,,10,
99403897,2,31,7
3442ff90,3,19,
7bc10f2e,20,9,30
8701e24b,7,,1
aab71ccd,2,2,2
09570db0,,1,
6b819fb9,,3,3
ea0c9cfe,25,4,13
5e93d206,24,312,37
3def2e65,,,
b1a156d3,,,
4831eb49,,,
a9cc75dd,4,6,4
843a94b9,,7,
a4b2d702,1,4,1
a56ea06e,5,2,2
f759d305,1,5,4
fd7767cc,1,,
2aea5291,13,25,19
c2e3d305,2,8,
35ba150d,,,
12069d3b,3,10,7
caa35c97,5,42,2
4eb42125,12,32,4
c2e65016,,,
1eced1e9,26,,
36dbbc48,,,
4630905b,15,21,
b9fc67c9,,4,
b322e987,,29,5
6b637ab2,13,8,1
ecea558e,,,
0e74b089,,,
c31fbc67,13,4,
aac55864,,,
c8c577ef,,,2
1ed87601,5,,
0aa99606,29,14,2
c1afe3d8,6,2,
bde9b6aa,,4,
1e7c65c1,,,
f3734e1e,5,18,8
f6e14b63,1,1,
4d8e2198,,,
1cd3156e,1,9,
234c4c70,11,6,
361cb417,5,7,6
d48973b0,4,6,2
bbed0602,1,1,1
13d7ee1b,,16,
f991a8c7,2,6,
3e0cbf0c,,1,
a94916da,,,8
9abc8858,,5,
b47b54df,2,,1
ada61d49,3,14,5
e6ceb91a,6,5,8
49ef5672,8,8,6
7f96221f,2,5,8
7b802437,,,39
955c89fc,10,3,12
3b2c25e8,2,41,1
e241b3d6,,,5
cc4c98d7,3,8,
609674bd,3,,
26307cbc,,,
f34fc73e,2,,
19dcb817,,2,
01a5bd41,2,2,2
45f19d02,,,420
cc4f7050,,24,1
14e68aca,,,
14cf227c,,,
720f62d9,,,
04cf1c81,2,2,
61e169e5,5,7,2
44403864,,24,8
e2a617b0,,1,
141a05c8,41,77,10
754cd998,4,13,12
ab5043b3,1,1,5
5243d3d0,,,
f2eddda5,1,1,
d626561b,4,,9
7be188f8,,,
46891822,,1,24
9bb5b348,,,10
2aa46664,6,1,5
5f24f176,6,2,3
7ddc93be,5,15,9
77274ae7,19,47,71
734d452b,,2,
0cd766df,3,94,1
c8fa42be,16,1,
429535e6,8,,
49bda34a,,1,
0fd824c3,,1,
633fada6,,,
3584da2d,,,
2a63acef,3,3,2
665777e6,3,,
197f31c9,,6,
a494f201,,,
c32df371,,2,
7ac89ace,99,,
32c982b4,,,
131eef2c,214,,
53f16ce0,3,,
34f697a0,38,,
d7a198a6,,,248
7fb64e20,,,
f2df20dd,1,,
59b5c3a3,,,
f6f246ca,1,12,
5852d82a,2,3,1
e2bdc223,,,3
743596aa,,3,
e2a7462d,,2,
2f71c001,5,,2
7007e2fb,3,26,
1226cdac,,3,
ed357181,,26,
14b2a0db,39,,
a8d63a4a,2,,
a5a76131,,,
4fc08982,,12,2
67ec4429,7,9,
117626e0,6,,
57d3d0cb,7,15,2
7b434e22,,,
31e643b3,,,
280c65a2,6,8,1
f8f703e6,,,4
c705379a,,,
c0bb0708,7,,
d308fa8f,,,
d1e63281,2,7,
a73e6ea5,,,
a91e7240,,,
d6cedb00,,,
f799c9f2,,46,
b8ab8828,,,
ac39f39f,,13,
5d2bf43b,51,46,
759d0633,,,
e8bc276d,,,
dba9a6d4,,1,
92f010d6,,8,
67ee22e2,2,20,
ec43aa12,,2,
1d706771,,1,
42abb6df,2,,3
c7004ed1,,4,
367895f6,,5,3
4ff98c35,1,,
7e94632d,3,5,
5e896cf0,,,
b5d71534,,,
8eda2280,5,,
e3431db5,1,2,5
6288e02a,1,2,6
f428853b,,,1
54047c69,,,2
65c526c1,1,1,2
6dee9f7b,1,,2
922cec1f,1,,
24eb85cd,,,
e10d1136,1,1,
e5bcc74c,,,
cca35454,,,
47fa2ef2,,,
9f9045c3,4,4,
c17e5b45,,,
4154f425,,2,
078a502c,5,7,
243f6581,,,
65e224f1,1,1,
a53ecbf5,15,11,33
39262374,,2,
78974e85,1,,1
f4c6bcaf,1,,
05770b13,,,
a9948d68,8,11,4
8237afff,21,92,27
b10cf293,5,7,3
026715e8,14,46,3
81e8c499,3,12,2
e00f303e,,,
6d39c342,1,,
e4828147,10,8,8
a2698e65,5,,
626c5ef9,,,163
528b5c43,,,819
f4a19886,1,6,1
7b05f341,2,2,1
064b3dc9,3,4,7
7327bb35,,2,
3b8de9f1,,1,
f29b6ae2,3,3,1
6206d82b,17,20,14
a1bdf671,,11,
61314ef5,,,
f60f9187,,2,
01aa1647,,,
2395bcd8,,,1
3d490810,,,1
778fbc36,,,
e2d69120,37,2,63
b06a4bea,,,
bc5e8b6b,1,1,
59f11ed6,8,12,2
02cb7adf,,9,
25599018,1,3,1
02144f70,,2,
4a3c54b0,2,1,1
c7c923ca,2,13,10
c6f3b576,18,10,25
cd117869,,,
21a3d3fe,1,1,
a2d57144,,,
debaa6a7,2,4,1
c883b615,10,88,16
50b4894c,,16,
7ecad7a8,3,,
ee4c1a55,,,
baa33888,,,1
83f1b5fa,,,2
cab98324,1,3,1
3a8c10cc,,4,
af37ec4f,15,53,8
e846505c,11,,
e5da7b53,10,2,
9d3eeb97,,1,
ddb839ea,,7,
d4a26c3c,,,
ca12e414,,,
5c3b432f,,6,
2802b231,2,19,
251a1816,,1,2
dbd973d8,8,9,5
5344dc24,5,7,7
1bf0dfe6,3,6,2
2c99fda7,,,1
d3a3b329,,,
3669e31e,,,
92a688e5,44,196,14
894ececb,,,
dd2e36e5,,,162
957c04e5,,,
e16c8357,,1,
6eb540ca,2,7,
d01d1d08,,11,3
128851dd,,1,
f00fadb9,6,8,5
311f17f6,43,22,23
05f955ee,2,7,6
6a0040a1,,,
3642879d,5,2,4
6d14fac9,1,1,7
175acb78,1,,3
91c02c28,2,1,
08137e2c,43,10,17
95f05ae2,,4,1
efe7fd95,,5,1
7a5f4721,4,2,1
c57d7dd0,5,12,2
97c07708,,,4
1db0cd60,,3,
4b673c4e,4,7,2
b4610acd,7,5,4
83026f29,31,3,8
a4678a60,,4,2
f6d6d128,,1,1
21348481,,6,
cb718a07,1,5,4
d02bc1c0,,,
d5b52077,4,,2
da9ecadf,12,15,3
532672de,,,
b4764f61,2,7,1
129a2af8,41,50,30
607d784e,28,9,162
9e6f8b46,15,3,58
5dda9d18,,,7
e65e496f,2,,
1356a0b6,1,1,
a83b9704,3,3,2
0682421c,,,4
1b5960a1,2,,1
f4423ac5,1,,8
c34d63d1,2,1,
825d7964,17,4,
368156f5,45,32,45
0f42719e,1,,
f57ef3d4,,,
3804f3cb,,,1
447545bb,,,2
470e7da5,11,4,1
e76e2aea,,,1
cdd1ba93,18,22,8
c7bd0b41,,1,
22a815ea,60,4,15
05204025,7,55,
97561315,,,
16c625cf,1,,2
f88cd312,2,4,
4c0a5886,1,3,
d0f432b4,,2,
5434bd96,,,
f3456ce0,,,
32f61ed0,,3,
07ff3d76,,,
019d942a,,,
7eaf6350,1,4,2
a847ec1d,14,,
91dc8efd,,5,
33c085b9,,4,
db87c6ea,3,4,1
049fb35b,2,1,
5a63cc4e,,,
a8647d6d,,,
0d8afa7a,1,1,1
116054a3,37,23,13
d66cf2cb,,,
805270c5,20,1,
31e35302,,,
9c1f3c6f,22,,
dd6069c6,3,,
02322791,,5,1
221a7740,2,4,
7f840806,,,
b350e8d2,,,
9b90e319,2,8,3
72f9f502,8,,
373c3560,55,69,176
4eac8f6b,10,91,16
f154c480,,1,
4afd038f,,1,1
070c9290,16,,
a065b1ce,,,8
fd0b0a4e,,24,9
61844566,,9,
b9851653,16,62,3
73f3a45e,36,157,59
30fabea5,,1,
0c3a33f8,,2,
0082a158,,,
2766133a,,,
c28137b0,,,
a81fa75c,3,,
f8253e03,2,,2
32ff810b,,,
e8ddc3cf,,,
8d9f78c8,,,
d68b1049,3,8,
6e68577d,16,17,16
fd3d98cf,,,
b28ef577,69,,
b09bf5b1,,4,
cb931bfb,,1,
c061ddbf,,,
279d859c,,,
92a907c4,,,
09b41b28,,,
70e0eba8,,,6
2109fded,,,
304eee1d,3,,
cf02ad2a,7,,3
34e328f6,,3,1
3317dd7b,2,4,
69e047ad,,,4
480343e1,,,3
520bf78f,,,2
66f8de91,,,
efe27dbc,,,
be46c6b9,1,,7
5d99d57c,,56,7
b22ebbe4,4,1,15
5aae8279,23,9,
9e8f8ac0,2,1,2
4c67a248,,,
d8021fc6,2,,
68f9c7a5,,2,
4b583325,,,
81ad99bc,2,1,
4158152b,,9,1
40e7a5d9,,,1
c62b4722,,,
1589dadc,,3,
a545157f,,2,
8579f09c,32,72,6
689c4798,,,
c4659326,,1,2
8ab94510,,4,
fb4ee520,,3,1
c2d2f0b2,4,4,
0d66a36a,,20,
40771f6f,,,
19358ee2,,,
2b9df060,5,,
03cb4314,,2,
d0a96242,7,,
16fada5c,,,
5e43e879,,,
23049133,4,,30
2e369320,336,198,12
eafd8343,4,14,
5557137d,,,
812a9026,12,58,82
65be9ebd,5,9,20
1b099acd,,,2
c46b083c,6,,
46363095,,6,
9b563c8a,26,7,5
dd27cd51,,1,3
3b31daf8,1,4,2
bad9e831,,3,
58e6bec3,197,,
549546f9,,,
6689063e,,3,1
1f6e96ed,5,,1
cd69bd4e,1,1,
9c0aa0cf,,,
02f49af3,,,
5a91bd36,,,
28a8bb8b,,,33
fda15249,,,1
8c6820be,3,12,3
dbc37c1e,,,
6c68773a,3,,1
245342d2,2,5,
b96768c9,1,1,
40ef4d2c,,7,
c1aa8b4c,15,37,7
e9490dca,,,
783a7e5f,12,31,4
0007e919,,5,
b9b23663,,5,
d40bd5e7,,5,
4cff6b56,,12,
b7cfc6b7,,9,
1b027433,72,74,24
36bba6b2,,,
b9386e7b,,,
fde6789f,,4,3
958ffa50,1,,
303c1b5f,,,
e714ec12,,1,2
26bb9576,,,3
32dda06d,,2,
ebfc4513,43,31,131
999343e8,,,
7c412848,,,
521bf83d,5,1,
8663716d,108,366,65
8ad4cd05,9,,
7be8d054,,,
f7be7ba7,1,11,
f05b7b0b,1,1,
f977f476,,8,
b0898646,4,,
af730c11,2,8,13
a6f5985a,1,6,
62446827,3,5,
f779a441,,,
f38bf74f,,,
9978d999,2,11,2
f01d8a48,1,4,
5398a527,,1,
8e78bd9d,2,,
a4bfc401,,,11
75a64146,10,,
b9e86954,10,,
7397bba4,,4,16
e4642f55,,15,
427b784c,2,3,
5c470224,6,,
2efed0d6,,,
07f2c2e7,,,2
54b8b501,,,12
be64e253,16,15,16
9f41a5a1,,,
a254bf41,,,
59f39cae,,,
015daec3,,,3
7518e985,2,,
6fdb7d91,24,139,16
7d9879d5,,,
229c8734,,4,
27f9a0ce,,,
2f6c4383,288,1,
5cb865c4,,,
76652543,145,33,
51f69877,,36,
cc761ae7,2,,
0d5c7d3d,,,
55e7a851,1,,82
2a0a63e1,,,
47af6bc9,,,2
73b89a2b,5,1,1
040b74f7,,6,
7b71d436,10,15,1
d2278a7d,2,3,
da3a5277,4,,
2ab42e5b,,,
ce1e48dc,,,3
1bb33222,,,
e68aa06d,,,
6b7b822f,,2,4
24f5379e,,,
263f2fe9,2,,
caa92519,4,2,
5abd23d3,199,83,37
e015456a,,,
8debdb59,,,
b6f8b587,,,
946d4be6,3,,
971a7364,7,,
b5f8ff30,,,
2dafb3d9,,,
1daf3c80,,,
01c45650,,,
0850449b,,7,
1ac6c75d,,,
5c2c8d9d,,2,2
1e0dee3e,4,1,1
6adeda24,21,2,
2e397195,,47,120
0b3a685f,3,22,53
1a6f8369,,2,
d760b4cf,,,
3856f99c,,,
193acdb3,3,2,2
b3b09683,,2,
85119dd2,4,,37
5e925677,,,
7820731a,,5,1
cc472c55,2,,
53b055fc,2,7,5
1f3d35bd,3,3,
47a3783d,,,
cc758aa3,,,
d176f4ae,1,,
5094bdc0,,,
b82ee734,,,
2449f035,1,,13
57a6d390,,,
220d95fe,1,16,
31b319a5,,,
56462ef9,10,,
72427716,134,7,5
579ddf72,4,3,3
b944531b,,,
114ddd9a,,,1
c8271a2e,2,4,
0d78c050,,1,
68c9b0fe,3,7,2
8fb34a47,2,8,
9dac9415,,,
509edd86,,1,
2fc18a00,2,,
f4ebcf7a,2,2,
83ad5fb0,,,
d6ea072c,,,
6b3b3b74,,,
dbb23920,1,2,
35258a53,,1,1
6156922a,,5,
88d84c53,2,1,2
21269fa0,1,,
dc0498d8,,,
73d1f3fe,1,1,
d72b89db,,,
59a34903,,,
5c62d54c,,,
bdeed00b,2,,2
6f7d2f4e,1,15,
c6fa8272,1,1,2
e85996ea,,,
46c9a5f0,2,4,
5579a91e,2,,2
95f3af0a,,,
acb1ac84,1,1,
dfd7b0d6,,2,
4bf26c31,,13,
b9ef785b,,,
e2655f3c,1,,
2acd74db,,13,
8982838a,,,
ccc155e9,,,1
65fc361e,3,3,
0062cb74,2,,
45a7692f,1,,
dd1ff8d9,,12,2
15792da1,,,
9db6bba9,,3,4
94cff9d0,7,,
fd7b5769,8,3,1
f22a55d6,3,3,2
45a4b5b7,1,,
aca29009,,,
e1869db9,7,5,73
39a6baf3,,,
a617bd32,,,5
f7729bc8,,,39
12d2c8ad,465,,
4aef19e9,,,2
eb6ec29b,,1,
a85249ce,5,1,1
e00e9bb8,,2,
98db0d39,,1,
b26f13d3,4,1,16
16750ffc,,2,
6f7e2606,12,34,24
94ac810f,,,
f3899e8d,1,4,
6707aa75,,,
ec6b34a3,,,
03825385,,,2
98b2b6d8,1,7,1
a5e9f633,2,6,2
4144b437,29,,
7ab5ec5f,8,25,1
429d3987,,,
195df8be,,,
420431ca,,3,2
4d6581fe,,,
eb02c576,,,
d786a381,4,1,
4c9b4329,,8,
a5aef712,,4,
d8ff1806,,9,
dfe96085,2,32,1
8eb2d8eb,,,
ad320f6c,2,2,1
23f33629,3,9,5
9f558348,,1,
d7c27d1b,,,2
6bfd2d6c,,,
8ad04dc6,3,2,2
a28702c9,,,
1f1b8d83,4,,1
3d85d566,,,
1ffb1aea,116,,
34b18123,104,,
c0c9f689,316,,
0dbdbcdb,7,67,949
f700f9b1,,,
1f2285f5,4,21,2
f13e7053,2,2,
b85731e5,4,3,
35a2326e,,,
4399c1e9,,9,2
57dc0b3b,4,2,
d093ed4a,1,,
4fd034ab,,12,
04430cd6,,8,
13a1b73c,,4,
0cc728a9,,,
d4438170,,2,
2eb2901c,,1,
d223c290,1,1,
ffccf71f,,,
e8fcbd4e,8,4,
30d51369,1,6,
1c13d8c9,,1,
d68c5160,2,49,
36598478,1,40,
4680cd0b,,,
e36d2dc3,,1,
1c6813a0,1,2,
3156ed5d,,,
35351701,4,,
d32e7ff8,,,
8216a3fa,1,5,2
6bebbdad,,,
9d89ad08,20,39,9
cd6e7f0c,,,
5c790b5e,,,
5518344b,,3,68
e3a5a8ee,,,
56c0e6da,,,
674af6ae,1,,1
ab0facde,1,1,
bae46eca,1,1,
c9555d01,1,,
b2ebe26a,2,2,
68515366,,1,
7df28adf,,,
e0545ba5,1,,1
f88108e8,1,3,
575b7fb0,1,,
de90cd6a,3,25,
752e60a7,,2,
f753dc2b,,,
f2d490ef,,23,2
4b0219ee,,,
cbe26db0,,,
2571564e,,,
800fcd0c,,2,
6d0fb256,5,,
5097009f,7,14,
c032708e,,,
4a390a19,,,
3a92fb8a,,1,
a55a1c6e,,,2
a2ef43cf,,,
11705c99,,,1
0d0b0c56,1,,
7d11a536,,,
d65cd371,,2,
be544fa8,1,,
c64e6866,1,,
d51ccd22,,,
0c9202ab,,,
3847fb00,2,,
93f9c4a2,,1,
d19aa492,,,
bdd213ec,,,5
2c887daa,,,3
8bb9ad26,1,,1
5edc4e16,6,,1
56cdf73c,,1,
b134bfb9,,,
8c490ed6,,,
d4049710,2,1,
b2f550cb,,,
5741721f,,,
2ac79dcb,,,
f1bba73b,,,
d38219a8,,,
3aa3b07a,,,
66882ae7,,,
ba08d113,,1,1
48696d90,,,
4e69cfe2,,,
318a4d90,,2,
17a222e3,2,1,
2fc539a9,,1,1
d0d25198,,2,
cac77a47,,2,
8474026c,6,2,6
11e5e2ba,,8,
1ae76562,2,2,8
3f7fff3f,1,3,1
8eb353eb,1,3,1
b210c36e,,8,
745b8300,,4,
c1a70b35,2,7,2
7c139cf1,5,,
c1b1db27,,,
4a4f1293,,,
807291a2,,,91
5d361094,,,4
fa6f7a4e,4,14,
605d2969,6,,
1695e32b,,,1
8c81a1c8,,2,
6aa66948,,2,
3bbad770,2,,
5558f020,,18,
a3bae359,,,
52ef2a53,,,
049e97f0,2,2,4
aa4b8a2a,40,29,10
1989bd03,,,
69450ee6,,2,
b010cd15,2,12,4
43a603cf,,3,3
03268034,,,
cc3b07c6,,,
9ecd5739,,,
59052be7,7,5,
b97648f9,,,
28bac197,,,
0066f9c3,,,
a462d0e8,,,
aa8e48df,,,
e8c320c6,,,
de8671df,,,
baf09787,,,
9980a25f,,1,
81d019e7,,1,
d1c6ed65,,,
c7179aa2,,1,
d9de1675,7,9,1
32ef9e3e,10,15,3
1a04586b,,,
2f601dcb,,,
4be652ad,,,
558c02b0,,,
f4d7f573,4,28,1
cee5f945,,16,
545acfdf,5,2,
a9c90d0e,,23,9
263e1ed6,,2,
e7c329cc,1,1,
3412003b,2,7,
4ef4a922,2,7,1
23b543c4,3,1,
3b0d843e,,,
3e21c7a7,1,21,
3ae53381,1,2,1
a58c7c43,2,5,1
f650a8bc,5,41,7
2b6b4992,,,
ab1a5985,,,
696b5a1f,,,
fe36292c,,,
49f548bc,,,
8841f689,,,
39e91028,,,
08597e6f,,,
28fe7c67,9,,2
dd7f5889,5,20,
739e6569,,,
0857f398,3,20,4
ee2ba262,,,
926fdcc7,1,28,1
9e72a7f3,,9,
8e82a162,12,74,10
77f1b2b4,,35,
dd535485,,,
df82ff6a,,,
3f6c5640,,,
6f2897a3,,,1
deb1c1b0,3,,
0b16006f,,,
ce0d9838,,,
a6761fb4,,,
a61d5b2e,,,
4a3495b1,2,,4
901b1f09,6,,5
7e3358f0,,3,
bb0c1e13,1,,
829114c3,,,2
686ef795,8,44,
2e363ee9,,4,
e0c14e09,,3,
c4b5248f,,,
9b1d9b0c,,2,
eed6e6cc,,,
102b69d1,,43,
84cf4189,2,53,1
4bf4d5f8,8,23,2
b74cd608,2,35,11
c59da2df,,2,
73c81acd,,,
832fe290,,2,
2b786116,,2,
c8d5f1ab,,2,
e9b8f6b2,,,1
bddfdba4,,2,
aa80596b,,,
96600433,2,1,
c4a230a5,,,
36e804bb,28,66,10
030ece5b,,6,
cb9f90d6,,,
a85635f7,6,3,2
aff9af5a,,1,
2df22f8f,,,
4ac906d4,,,
edfc1542,,,
33621142,1,,
c2465826,,,
9de5df70,,,
573f8207,,,
39023c2c,,,
0e57f6d0,,,
07b6e791,1,,
d389be44,1,,
f632925e,,,
ea4692e9,1,1,
1ad9579e,1,1,66
19cb90d7,1,,
2ad21ec8,,,
fddfd4e7,,7,
98ccc7a7,,4,
140aabef,1,,
e50e4642,5,,
d0e886c3,8,13,1
d87d81e3,,4,1
eeb4e8f7,,1,
7b6fb53f,,1,
6849ea2f,,,
125ae30d,2,,
f0431bb9,,,
e8f3c353,4,,2
a8eda608,,,
d5ad5a47,,4,
2e477b87,,,
a6f3a4f1,1,,1
129a5444,73,,
1c279698,,,
2dde1e9b,,,
d216e321,,,
5a897af2,17,,
fe73de34,,2,
ebc2459b,,2,15
8a8d1d1d,,,
57bdb3a4,15,12,24
7d40d472,,,
238bdc90,,2,
3ee76045,,,1
4ba7ae37,1,4,2
a36ea0f3,1,,
4d9b3346,2,4,
23943ac2,1,,
0dbea6f1,1,,
be2991c5,,,2
f8de47e2,,,1
397107ad,1,,2
55b0bc2c,23,17,18
8a574a7e,,,2
3b5dd367,,,
48f74e7c,6,50,16
f67b06a9,,,
4ab3e248,,1,2
f67de232,,,5
1142a1aa,,1,
9f123980,,1,
052a109b,,,
41af2d11,,,
4ef936be,2,11,4
0acffadd,,15,
4668cb79,4,8,2
60d3502b,2,2,
c8fc3a11,1,,
e2086cb7,,,
d9244393,,1,
9c0e9e17,,,
a1d7a75f,,,
6e228216,,,
a8d9e044,,,
4999fabb,,,
d7be7be5,16,,
9f8fa65a,,2,
f926c0ad,,4,1
4ede085e,6,11,14
58086a86,2,1,
46e9fe36,,,
661acd24,1,2,
491baa0c,,,
bda58872,,,
d26dc279,1,,
0596aaac,3,,
bfc3b399,,,
96da6696,,,
6dcc7147,,,
aae6dce0,,,
70366546,6,7,7
33766a1f,,3,
24b59bbf,40,66,5
55078d87,,,
a07d24ec,,7,
0314234a,,,
437cc021,2,2,2
3ff8cd46,51,16,26
c7e2562f,,8,1
974a1856,5,29,11
eb575430,,1,
64f0a931,1,,
553f8cf1,54,7,1
9951e195,,1,
15aded0d,,4,
65634bda,2,,
3fcfc910,,2,
2bf4dfcf,,,
fd3bcedb,,,2
ba17621c,,,
7048c518,,,1
f7606ffc,,7,
d6facc0b,,,
578def7a,7,15,
3275f74e,4,1,
29580239,,,
c35231ae,3,,
feac8bb5,,1,
d8740893,,,4
bab9af2b,,,
38c60ef8,,,
47498eb1,2,,
7894784e,,,
2685d03d,6,,
f7a0a4db,,3,2
42d2f792,2,10,
16885697,31,,
2c3ab480,15,,
f534c2ac,,,
885ef30d,,,
a6184725,,,
f17d0531,,,
44ab3dd9,,,
cf5ef8cf,5,,
4649d570,,9,
abe2a88d,3,5,
9e44dbad,3,1,
8eeb72cb,,2,1
902ab488,1,8,
96bbbbb7,,,
8c39e282,2,1,
2dab4843,1,,
cfd34212,,,
40597002,2,10,1
ce48ab00,,,
4ce65f36,3,12,1
e81d0e54,14,3,
e0ea707e,4,,
960bbe38,,,
e12d04da,,,
ebb10d32,1,8,3
2e47058f,,,
6075c50c,2,1,55
9c5a14b0,,3,
f8aea154,4,4,
1f2d65ce,,,
464ea904,,143,9
ed350037,,,4
b3e93892,,,
e0132d58,,2,
b31f1429,12,4,
6e510842,,,
26cdadda,,4,3
5eb56831,9,2,
ec80daae,3,,
6cb1a504,,2,
bc6b84e5,,6,
d450f0a2,,,
cdf14740,,2,2
b1054613,6,4,4
f0e766dc,,,
e92e10d6,,3,
42c92422,14,2,4
f7bf2932,,,
a3c2efaf,,,
075229ab,3,,2
0f8ae792,,,
d0f67f97,,,
db823d90,,3,
bf1fc6bc,1,,
988089ed,,,
e06ab750,,6,
692c278c,,,
4ec06f7c,,8,8
2663f859,,1,
698f8d54,8,10,2
7f052753,1,4,
ff6cf178,1,3,1
5edf0242,,4,
f4a71f92,5,11,2
20798ee4,,,2
72a35e3e,,21,
d0890c1a,,,
c0792910,2,,
52221931,,4,
dabea9df,,3,
11a1e9ae,6,,
b4d2056f,,,
bf3da2d0,,12,2
2ac4719f,,,2
2fea7893,,,
6505a4e2,,18,
df216c2b,,18,
1dc34f0b,,2,
8b7efa5d,,24,
05525065,,,
e10cc133,,,
96cb5759,2,,5
8e6e9963,12,20,6
a5ae29df,,,
9cab17ef,15,15,2
1b178477,4,25,6
96d3726a,,1,1
d8119d65,21,,
a7e7d124,32,287,440
eeb98c5f,980,3,
57c0600b,,2,
b78d357b,,1,
25fefa16,,,
3f8cf952,,,1
6022f207,4,3,2
c3a88d0c,2,,
5cfaf733,,1,1
b6460715,1,5,1
f355d74e,,4,
ab6a8698,8,2,1
a7132ee0,6,,
2b2d53ff,,10,
b859f120,,7,
c7c2c719,,6,
7a06c352,,1,1
abfae49a,,,
127851df,,,
972620d4,3,,
8eba49c0,6,,
eca60334,2,,
c3b06d4a,,,
42df1013,,,
01120b6a,1,2,
d3488a18,,,2
ed27ca19,2,,
85712a72,,35,2
3b9d1a9d,1,,2
ca4c32df,19,5,
1ed1d63d,,,
6b53303b,,1,
ccecb0af,,1,
a4172500,3,,
852a8922,39,58,8
37574965,,,
6886a8b7,,,
ab2283ee,,,
c6c9bc47,,,
c600c8f9,2,14,2
346d7022,,9,
5e4ca0d9,,9,
596e6239,,9,
9791a032,,8,
6e68d6ba,2,14,
41328047,,8,
31185897,,8,
3352eb4c,,,2
0180db1c,,,
e069c7c9,,,
50012fd8,,,
c729e346,,,
5795ab9d,,,
3011d52e,,,
e31dd0eb,,,
dcdb1c5c,,,
80b6a5b7,,8,2
588cfa85,,,
e67e99a8,,5,
3179d809,1,,
794f805a,,,
1b5a02a9,4,,
c36812d5,,,
3d2579b8,2,,1
15b3317d,,,
26e9b4e7,,,
64a1b418,,,
3b2720e7,,,
b67688fd,,,
a4360466,,2,
8cf237f7,,2,
16124dc1,5,32,1
21964738,3,,
65e7a351,,,
f79fd584,4,8,
5345c7f5,1,1,
8a0f8e9d,,12,
edd056d3,,4,
b9c8675c,,,
5814ec65,,4,
072ee8a5,,,
e0bef12e,,17,
94a1633e,,,
676ad42c,,,
404abfd1,,,
b11ef6ca,1,,
7851e84a,,,
1509f64d,,1,
b29d55aa,1,7,
7388b961,,,
b083f9eb,,8,1
df72c4b7,,,
32d9d026,2,8,
925a99a5,,9,5
347131e0,,7,
6dc0b120,5,11,
a09b750c,,9,
1574fc31,,2,
b4f0b736,,,
9b20a145,,,
0628bde1,,,
d8425331,,1,
c861adf6,,1,
adc1969d,,2,
7ffd228c,5,16,
05ddfdab,,,3
ad4ba5f0,,,
0879d2bb,,,
2ab6e4b5,,,
7c828fc8,,,
57ed3c1e,,,
8a35a9aa,,1,
3cf2d83f,,,6
0d5fc90d,,,
3920158b,3,53,18
6321bb40,,,
338a5cba,,,
c4449a17,,,
5de3114c,,,
865705e7,,,
a92142e4,,,
1a54f32a,,,
dc066480,,,
82a84d82,1,,
23bece22,,,
ca19f4cd,,,
8ed89dbd,,,
a28d0893,,,
96aee007,,,1
f671fd38,,,
0277a68c,,,
f15db3a6,1,,
5c49cae9,,,
2cf78169,,1,6
3610fa96,6,,
7be842be,,,2
17bbe5d3,,,
90329ef9,,,
89a4bd9d,7,,
c74fe22d,,,
3d0ed106,,,
4021ef46,,,
827effe4,,6,
f4cdf3c3,37,27,
7b61bdc0,1,1,
cf57e4c4,,8,
43d2fb47,1,16,2
bfaa647b,1,23,2
5b8f9b73,,,
046aae6f,,1,
99261232,1,,
44110a28,,,
a53388b8,,2,1
8351d6d4,,1,
5fa73d2a,,,
f90f701a,,,
25d50232,22,26,43
f9c2f66f,,1,
f59f480f,18,,1
2ff93e87,,,
fecfadb8,,10,
7c78539c,1,6,5
0fa25a96,13,9,4
75688a71,,,
cae3010d,3,1,2
d7d0877e,,1,
050c2c79,,2,2
14e8f0a7,,1,
f414e425,2,1,
4497d936,,,
580a6e49,,2,
31ec36f3,2,3,2
53beb9c7,,2,
142bce45,,,
81cb42f3,6,,1
6805ea71,2,,1
f0233fc1,,,
0d263b85,,,
78dbbe76,15,8,8
d35a8d29,15,15,18
012066cf,3,6,5
307c00e0,,3,
cc13dba4,,,
9ef9b375,,,
281b4507,1,,
6158f777,,,
c8a9142e,1,,1
c0267a9e,4,8,
959e72a6,,,
e9d2c503,2,1,
c2fe9778,,,
6765d097,1,,
1c954d29,,,4
2997b5b4,,1,
de717916,4,1,
147173e5,,,1
1cff6738,,,
dde11552,5,,21
fb8cc156,,1,
cfa4e5e4,8,,
3a235015,,,
8dd55b03,,3,
fa51403e,,5,
d963f4c0,3,7,
590ebcc3,4,2,
56989043,4,6,5
84481887,1,,
6fbd3871,,,
caf0a97b,,,
82e82644,,,
a7c29141,,,
f65b5391,,,
54dd31c4,,,
85f1db74,,,
4e2be133,,,
6058cf39,3,,7
44c7818a,,,
0047563e,,,
7accf4d2,,,
2aa6f3e4,,,
997dc908,,,20
673312b2,,,
aa0a8f17,1,,134
120eeabc,,,
eaf931ac,2,,
629ae769,,,6
c630a6ea,,,17
f19cfb45,,,
592e6257,1,,13
369a3638,,,
a902cbf9,,,
40ce9194,9,10,
f7b2b3b1,,,1
82c55287,,,
9207f35b,,,
cc0e6020,1,1,1
cd23da08,,,
8f2096a0,,,
d5c4cd3d,,,
91c497f1,,,
bf767a8f,,,4
d14de97a,,,
46a7f6ff,,,
2b0ec506,,,
10009a05,,,
a26ebc2b,,,
f38fb2b7,,,
d4a8631e,,,
4d0facee,,,1
230113c0,,,
cad86962,,,3
72f11627,,,14
4c9ae49b,,,
ff5ebb0a,,,
a56d3306,,,6
bf6bc95c,,,3
fe025091,,,6
fc294510,,,10
8c1335da,,1,
bcc69711,,2,
41855724,2,1,
d2e91d2a,,,
fae99002,,1,3
e1abd56c,4,7,
2b33c26e,,,1
48634e3d,,,
f40bb1d5,1,,13
d16639d3,,,4
29da4301,,,1
843b530c,,,
35eac01e,,,
9092d51b,,,
48a5d95d,,,
ca11f902,,,
c838c2ae,,,
70e90fc8,2,1,
b9cd9de5,,2,
e04d8e9d,,,15
8b5a6528,,,3
28511fcb,1,1,1
73853f1b,,,
1826b886,,,3
262fd48e,,,
10a110c5,,,1
89439266,,,2
373cd520,,1,
4f4cf077,,,
51b6e05b,,1,
57597386,,,
887e0b6d,,,
aec7fe17,,,
6e4331d9,9,,
e8d42cbc,,,
f9c38bb7,2,9,
b19d4883,6,1,
bba5b7bd,,1,
c2169f2b,,11,
c08e7dd3,25,,
ee8ffec2,2,,
bda2f0a8,,11,
aeb7903b,,1,
12acb2cf,,1,
f059f91f,,1,
d76bfe72,,,
e39d8720,,10,
160866e1,,,
e410abed,,2,
5ae0adbf,,9,
5fb8e806,,1,
8debedf6,,10,
a979433f,1,,
f22f0b20,,1,
40bf0a63,6,,3
666f57a3,,,
ad8bb7ea,,,
ef40ba79,15,,
0067371e,,,2
7a4f0020,,4,
08107683,,1,1
ee3ae043,,1,
01d8de26,2,8,
d42ea037,7,2,2
0a501938,3,,3
e9d07c3c,,6,
8f4e0b52,1,1,
fa3eb52f,,7,
899b1667,23,15,13
e4871f84,,,
1a309bff,,,
3473135c,,,
4b263dfb,,,
d202db83,,,
c01e997a,3,15,10
effbe32f,101,,
734a5a46,8,1,
583ddfe9,,16,
be12a1bd,2,4,2
645ba6d3,,5,
afb7e511,,,
bb6f5a61,2,14,
7339e172,,,
663fe81a,,1,2
5273e274,,1,
76777b74,,4,
345a5512,3,3,
d4071e87,,,
7739f024,,,1
df065368,1,,
02ba3b55,,,
c4bfb451,,,2
553c4d2d,,1,
ee344056,,11,
3aa91b09,,2,
1609e1c3,1,1,
3acda248,,3,2
21004622,,,
5f27babf,8,,
3c29ccfd,,,
151bf080,,,
ffe28315,1,3,
d4c2b7d7,,,
382099fa,,3,
c5c3fbcb,,,
1116ae47,,,
96a751d9,,,9
7452e139,,,
903fde77,,,
7b87b1b2,3,,
6da3fb5a,,6,
1f6591fe,,1,
55cf5d67,4,13,
f0a96e74,,,
031c2648,,,10
25eee122,,,
ad6888a6,,1,2
77742f5c,2,1,
f92a0fe5,,,
678be786,1,8,
92b33681,,,
b2eea970,,,
64bfa6cf,,6,
06586a6b,,,
7e3ecf6b,,9,
4eee24dc,,9,
23d922fa,,,
3c797440,,11,
4877a2e7,,,
24ec8eef,,,
6a570765,1,5,1
3ee287bf,,,
da6f2ac9,,,
429e9a22,,,
d185a4b8,,2,
d8090469,,,
fee15158,,,
7661bcec,,,4
d3eae2a5,,,
4c564066,,,
48912c03,1,,
e8aba5ae,,,
14f73543,,,
d56c90fe,,,
7ad38e8c,,,
3cd84789,,,
b01f484b,,,
553796fd,,,
942298c5,,,
f3e910bd,,,
ef5fc808,3,,
f69cb45f,6,3,
f8f1f2ca,,,
cd35c1d1,4,8,
120db66a,,,
e489f2e0,,,
7bdc627b,,,
abf5c767,,,
22a9d047,,,
f958d195,,,
20aecc92,2,,11
4ee657cd,,2,
bb8f4da3,,2,
c4ba12e8,2,8,6
563fd2c2,,1,2
67818b4a,,,
a9e3951a,,,
5cd9b672,,,
967bd4d0,,2,
59956be3,1,,
c3f3e005,2,2,
a24959b9,,1,
726ab523,,,
75cf84c5,3,,
212be932,2,4,2
d2b6078e,,1,2
5a18c914,1,,
58ef4d1c,,2,
2440a1aa,4,1,
19cff0c0,,,
f670bb23,,,
14c7e67a,,1,
69ac7d17,1,,
2c8055c9,2,,
71ad5126,,,
c8480941,,,
5a67c132,,,
f61412c8,1,1,
f2f09e66,,1,1
4bab7516,,,
fb8e3372,1,,1
a6fb8708,,4,1
7d3fde9b,4,5,1
7d8d924f,,,
86a2c0c0,,,
d8bc5f07,,,
d425ec76,,,
1e568be9,1,4,
1262c45a,2,2,
e323b221,,2,3
9252f449,2,2,11
8c172a5a,10,2,1
b67523ab,,,
09b2a101,,,
5966c93c,,,32
bb6db4ba,,1,1
40c4d844,,3,
bd1d184d,4,2,3
e9793ee2,,,
3065a00d,,,
48e258c8,7,10,2
73763679,,2,
4d88c534,,3,
b6ff3a4c,3,2,
d01c7e05,,25,6
5e00e14e,,3,1
bcd3fd5f,,,
7de2d0c0,7,28,
f1b6534a,,9,1
a18a070b,,,
bd7f8a56,,,
25a2ade1,,10,
763d0cf8,1,9,
ce30409d,1,,
b5917ce5,,,
91d26f5a,,,
24812550,1,,
41570221,,,
945d2ea3,,,
70c41e53,1,,
df1fc455,,,
07925270,,,
5442ca36,,,
cc181204,,8,
e3fc229b,3,,
d0ee1678,,4,
c55c2529,,,
8ed510e9,1,,
5c97c7fd,10,36,2
c86bf34b,1,5,
5a96ed21,,,
db6725dc,1,,
ec0b3fe3,2,,
4d6255d4,1,,
27095ce2,,,
f0b5bbac,,11,4
4794030e,,,
4a27c83c,,11,
c6b707c4,,10,
c511ff98,,1,
f736fff6,,,
0aa58036,,,
acf7a9d4,1,1,
eb80f862,2,8,6
eb4e6bd5,,,
8db746d3,,,
cb6269ca,1,8,1
4d61f6bd,29,,
f777482a,,2,
a5ab271d,7,,3
279bd7f0,,,
7a196324,6,8,2
4fa8e3ad,2,11,22
88024136,,1,1
9b0bf681,12,1,1
566f72ab,2,,2
c4269c16,,3,
d020ffe4,,,
a074c0a9,1,4,
701d8a8a,1,8,1
eaca45eb,5,10,20
3e2bf2e1,2,1,
f78ac1f2,,,
e4c283fb,,1,
9e0e310f,7,18,
611364e4,,19,1
dc619066,,,
bbf32cae,,,
3e6f6384,,7,
efd5af93,1,10,
b6cfc241,3,29,
510a270c,,5,
e3f3e8ce,,1,
7677aafc,3,17,
d1bafbc6,2,27,4
32ddc454,,,1
f04003ab,4,30,2
0da3fcbe,,2,
199088a7,2,,
a26d1e43,,15,
1912bfc8,,2,
ede83166,,2,
9c810694,,,12
b796a1d9,5,27,1
b8f03d60,25,1,6
df3ac447,1,,
395d57b6,19,4,3
83301cd1,,,
8eb3e57a,,,2
dbbd7ed3,48,,
5754d9d8,1,,
d33e38e6,18,,
469258a8,5,,
7023c059,,,
731c0d94,,2,2
c58568e0,1,1,
a91f3e4a,,,
5f1dd20d,4,2,3
937ee06d,1,,
35b08df7,,1,
1895864d,,,
2627751a,,2,
3a65234d,,,
bd184cc6,,,
ebdfec8e,2,49,
0edc9abb,5,7,
d2c4a114,,,
f4dd29c7,,,
368c34ac,2,,
e523b8ec,4,4,
4e989e20,5,,
23a73f20,,,
445be963,,,
3235c154,1,,
94544193,8,3,1
a5ebbfb1,5,14,8
4a72aafd,1,16,
c9b3122b,,4,
ebe5ad3e,,,
ddd756b2,,1,
e6cc8fb5,1,,1
a5a71816,,,
0a72ffea,2,4,
832ed0c1,10,14,1
7985fa94,,,
f3149faf,,,
019f5f02,5,2,
666c943b,1,15,9
07c720ad,,,
dfd96697,,1,
1781e0e1,,11,
6ce3eebc,,,
7044f9a5,,7,
f93c240a,,11,
392900e4,,3,
b9f604ca,,16,
fbfebb1f,,1,
4979cb6a,,8,
b6761758,,,
0847720e,,,
35ac9ef3,,,
cd3859b0,,,
4d95e233,,,
f04ca5b9,,3,
39ec1907,2,,
3a8b9292,,,1
9e623c9c,,,
7d00231a,,,
39cc4bc3,1,1,2
2dc5463e,3,1,
9bbce4a2,,,
86bc0915,,,
2321499c,,8,1
903c530a,1,,
1ff58978,,,
ae7fb55d,1,12,3
284fc4db,,,2
5fdce199,,,
6200d39b,,8,
0132b000,,33,1
a8d51cfa,,8,1
5e64bb66,4,11,
9550c075,,1,
b71d2d3d,7,,2
b8bc78a7,4,5,2
29b0af4f,4,4,2
63cb4a02,25,9,3
49c0f334,,4,1
23b13eea,2,2,1
d2274f75,17,12,2
13c68c76,1,,
988fff22,4,8,2
94e8f31b,1,,
fe220d42,,,
214a26b5,6,5,2
c3bd292f,,,
9043fdb6,65,,
0c27f015,2,,
ae22b0aa,,4,
547af08b,,,
f6ee0809,2,,1
cd341609,4,1,
b56bdd89,,,
3d7214ba,1,1,
0e443c3a,4,,
cd6fce50,3,2,13
fdd74f25,1,2,
e1b58065,,,
2ab02caa,,,
874b0432,2,,
88722947,1,,
95b65580,,,
d5501097,2,1,
df05ba37,,2,12
fea082e6,23,8,2
aa36f446,,8,
1f9c8256,,,1
6671cd34,,,1
3922fb8a,,,
4bd06dfd,,,
5281ef6a,,,
a77664bf,1,9,9
5eb3a748,,,5
b174d2f2,,,
c05f70bd,,,6
e977bbf9,6,,
121c88d7,,,10
149d97d0,12,19,2
9e60db40,16,14,
2b7427de,,3,2
1a96b480,19,13,6
4f391f5b,,2,
6370d06f,,4,
3d355eb4,6,3,
065218fd,2,,
06d5f526,,,
5f2f072d,,4,
c153fd5b,,1,
db183377,3,61,5
fb64aa94,,1,1
ae004b53,,3,2
7e8a1cd9,,,1
d9c0befe,,1,
b22a5785,,,
1896c902,2,,4
e8665ea8,1,,
395fcbbd,1,8,6
1b28c126,,2,2
65048c93,1,,3
91d7a329,2,25,
8aff5914,4,,
7b721ef1,,,
fa889058,,,
bf6a7db9,2,1,
789bfd32,,5,
11478edb,,,
b49f8d83,2,2,
b06e33f5,,5,
7f16fa35,,4,3
2c8f6690,6,4,
cbd2dec0,4,6,13
2c3e7565,4,4,
ed69d8bc,1,,
eab8623f,1,,
0e5f7988,5,4,4
59b67420,2,1,
2ebce4c9,1,1,
431151b8,1,7,
2d682dc2,,8,
5faa7e9e,,1,
e7873780,,,
912c66b9,,,
cf1b9153,1,,4
2a555082,,,
602c99c5,1,6,3
ebe77cef,,9,
5ee6da38,2,7,
2ac8d11a,,,
44d56d2c,14,3,
b6c992de,,,
a4fe5255,2,1,1
9125ff56,1,1,2
fb74832d,,3,
66423e0c,,,
44498e06,,1,
01b0beab,71,,
1243baa0,1,2,
9cdc4a95,,4,
0198da7b,,,
32738273,,2,
334ea6f6,2,,
2b5a00e8,,,2
73cb4463,2,15,
20304117,2,,
84aa72a7,2,3,
665db389,,,
a0930378,,2,
3acbe08e,2,6,2
3f009da4,3,3,9
f44d9ece,1,,
859f9a37,,,
587c0ac2,17,,
51b33c36,,,
2ee72aba,,,
6e4f6b16,,3,
d966ae57,,,
10a07b05,,,
8431db04,1,,
bd0c55ca,1,,
25bef2d0,,2,2
cb46aec1,,1,1
4ea1d640,,3,
bb898265,,,
6d917ca7,,,
bdc37294,,7,
2b222b49,1,2,1
03de679b,,2,
e7571355,,,
f7cc2c97,,2,4
ab306bb7,,,
78cdc91a,4,,1
ddf8cad0,,,1
198fbe3e,,1,
7e1dae81,,2,
78963bef,,,
a698db26,,1,
d50322f2,1,,
3569e869,,,
ce7ca53b,,1,
a0e57b44,1,,
9410fd15,25,36,12
5af89d19,,,
233e85f6,,,
35730de7,1,,1
202b53c1,,1,
0fc8977b,,1,
73e89542,,,
a4c49149,,,
632fb01b,5,8,
5e37b18f,,,
16583e39,76,1,2
8622b885,,5,23
e7aeffe1,149,,
9445fd1b,,2,
0f5d16de,2,2,
8cab65d1,,,
dd971b5f,4,,
52e42889,2,5,
fff170b7,,,
c46be1c7,,4,
188c7f94,,,
63e58658,,,
206e3a90,2,,
b36872ae,,1,
874fc7db,8,1,
dde0232e,7,1,
c79bbd06,,1,
8f92cfb8,5,4,
ebcf1b84,,,
0ea4c19c,,12,
eb522dcd,1,14,19
d93d7467,,,
44ccfa44,3,16,1
acfa2b1c,,,
e365f483,3,,
29d227e6,2,1,
2625d10e,,,
b6ecccb4,15,14,1
4d84b0e4,,,
b4b7a8c4,,4,
95584f5c,,,
2d8b3b0a,4,1,
42afa85e,,,
67d90615,2,,
a0e2c470,14,,
90c4999c,35,10,
9da8f78b,13,2,
60befc19,4,4,9
baea5f7a,,4,
d2427cac,2,16,2
9959cdd7,7,10,1
9b36a40a,,,2
48bb75b7,2,,
5b275764,,1,1
b4b04130,,,
700c21d5,,,
941de5b8,2,1,
6894b0f2,2,1,1
5249c47d,1,1,
75d9358c,1,,
78f8e5b0,1,8,1
84c94357,,,6
11f7606b,3,7,5
3e0d1f69,7,2,
e4f23c16,,8,
11aba216,,,
a176ae4f,,,
b2d27d3b,71,44,33
546ac326,2,1,2
69b48174,,,
ff1a08c4,,1,5
473e765f,9,6,9
1924e304,1,4,1
bcbd0f92,35,,
c4b1e5a0,2,29,
5a249157,3,,1
6e1fb9c6,,10,13
ad595a3a,4,33,5
01bfefa6,1,1,7
d24de312,1,,
6bd89335,5,12,1
8aa1ed3d,3,,
733fedde,1,1,
587d6237,3,4,1
04af4356,,,5
6e264f3b,,2,
5c02a13b,10,1,
d7256bc7,5,,
3cf57afd,,,2
6f728177,,,
184c7cbd,,,
b5b7be11,19,,
7de8dce6,,,
18fec46a,,1,
9645ffd2,,,
0368aaed,3,,
10e447d2,,,
5b3cb391,,,
c043e2bf,1,3,5
148483d0,,,
d88246fb,1,22,19
7a9c72fd,5,10,
bd403bdb,,1,
5a9d9974,1,,
fc2b456b,,,
3d5a35e4,2,1,
e62c9c1a,,,
a865090d,,,
a59862e8,5,5,
1912930e,1,8,3
8d320112,,1,
66b19609,,,2
b0f39dc6,28,19,13
d1838f4a,,,
5f15d91c,2,,
8e94c0cd,,,
0357cdf9,258,,
8ef1f957,1,5,1
75234e4c,,,
8bba7ccb,1,1,4
73a6716c,4,,
5d6ef046,,1,
24725142,,1,
7fa20dcb,,1,
7ea187df,1,,
c460c90d,,1,
e9b84175,,29,2
4032940e,,,
5d7ec613,4,,
54828269,,,
ac82b9fe,,,
051a6d0a,18,19,9
afcd2b83,4,,
2cc21246,,,
6602f133,,,
c3e72364,45,,
f996be93,,,1
49fb59fe,,,
7fddc9dd,4,4,2
f5fb85a0,10,8,
5eec9ac5,,,
89182178,,3,3
6329cbe9,,1,
afe9c3c5,,,
878eda0d,9,8,2
f2807aaf,,1,
f7ebba7c,,1,
cd24a10d,1,,
7cbd2a27,,,
18e745e2,,,
6e08f035,,2,
95d3b145,3,5,5
1fa791c4,2,9,7
22b3885f,,2,
799a9577,1,,
fe98713c,47,8,11
43de025c,1,1,
f7e7d8f5,,1,
414e02cb,1,4,
54914568,,1,
df2f9d9d,,2,4
978bc837,5,,
5075ac9d,2,1,
48c28185,,,
5b69f0f5,7,,1
cd5f5732,1,,
a1bac0c8,,,3
a30c36d8,,6,5
748c169e,,,2
deb8f2b4,1,,
cd3c0d25,,,
e6594822,,2,
2bf74677,3,,
f04d8ae9,1,3,6
017dfff5,,1,
40ebf2b7,32,,
c15d930b,,,
a0a71330,,,
d1f0d7fb,,,
bb137dd5,,7,
f6b23a00,,,
e5c42ba3,6,6,2
493aad61,1,,
05b326a6,1,,
271c41d7,60,,
b97a26d1,,,
49a0b8db,16,6,
e8b1a286,,,
5bed9f4b,2,,
969effde,,1,
00c7fe36,,,
722458ef,57,,
22b23938,,,
7d37a2f7,,1,
2d92771a,,2,
d95f4efc,,,
e213b54b,,4,
7b69bf37,,2,
d4348ab4,4,2,
aab28d36,59,,
d20d338a,,,
1b2dfc1d,,,
27cd263b,,,
440fdc4e,,4,
0830444f,10,13,12
3e09a4ee,,,
4e7852e2,1,2,
38943f3d,,1,7
70b87f84,,3,
e0e28277,12,15,
893cab5c,9,33,12
18ac6f92,1,6,
044fd23b,,3,
e7d50484,,,
00fbf2a2,,1,
78f86b2d,2,,
6df482b0,5,,
0b9b2aca,,,
96c98f63,,3,5
5a4e0e4d,6,19,8
0886c116,,,
6e40f625,,4,
09e8a73b,,,1
796238d9,,,
1ff2b7bb,2,,1
2b0ee386,,,
be88a53b,6,3,6
5c494dd0,,3,
c979563d,,,
8ac3b290,,,
70151828,1,9,
678137b6,,,1
c6ce2c39,1,2,4
4ac032c6,115,,
57b2d9a4,1,14,3
580f6f22,5,26,3
87cd22b5,1,15,
d0964a4b,1,10,
0e3679e9,,3,
feac0d6a,,3,
5df6229d,,,
62ed58a2,,18,
dce01996,1,6,
333f45cc,3,1,
72ab3f04,1,,1
630473bf,,2,
9aec8119,1,4,3
4cd9105e,2,1,
b29b5a82,,24,
ea94ea85,3,3,4
834277a9,,6,1
c848b8cc,,8,
b3f39c1b,2,4,1
7896ec05,1,4,
c0a3f338,,,1
90045fd4,2,8,
3b5c3678,3,2,
71235810,,,
09ef8e89,1,5,
8b3956b2,,,
b876bd8c,,2,
59e15efb,4,10,4
c5a211e0,1,2,1
9aed1add,1,13,
cd3acef9,,5,
0976673a,,6,2
14a49ed0,4,15,
288c693f,,,
fcc0087e,,,2
87dd4adb,2,1,
b8af182e,1,,
de2ff34d,1,23,
7fe42c4c,,,
cee920f3,,,1
f73de01a,1,,
34b9b007,,,
81d29baf,4,19,2
9d350888,,,
d8cd49c1,,1,
33187d02,,,2
3a2a7a3a,,3,
b50cc2b0,,,1
ea1a68cb,,3,
79fe2324,1,7,5
7db3eacb,5,5,2
22f33539,2,1,1
85e63a2c,1,7,
59abaa16,1,5,
00ec5be6,3,2,
7f1ff668,,2,
486218ab,,2,2
b15fe51e,,,
87b4f886,,,3
dddf14f7,1,6,
8f9769f8,,,
5120c117,,,1
ca1f11ff,,,
da04e2ca,2,1,1
6c2230aa,,18,
4376cd5a,,,
8d5d8fd1,2,18,
cfa67942,,8,
dae3b05e,,26,9
6d372c36,48,,
2f4e20ce,,,
44c409ca,9,1,
0831b320,,,
950a386d,,,
7de92967,,,
85dc8f93,5,4,
8c15102b,,5,
6f18c940,,,
50f043fa,4,,
d7c53437,,,
8fb2f7c7,,11,1
dccc9f86,4,16,6
4d17db6e,,3,
40b1f26c,,,
597cbd87,,2,
6611563c,1,,
5170838e,6,1,
b64124ef,7,19,9
a0d132a4,1,,1
f2c17346,10,18,
90ea9aa0,,,
362ecf64,2,,
39086eda,,18,1
0241120a,,,
22d79a50,,,
9f5468f7,,1,
5f1ecc90,3,9,
ebdcb214,,,
824e0034,1,2,
33c19323,,4,
9c0b5d19,,,
87390319,,,
274fa4aa,,,
d0d99ff6,,,
320b7133,,,
92be78df,,,
0b8687cd,,,
6a759f0c,,,
d52b238d,3,18,
b14b4c87,,5,
9d4e51c7,,,
20bbd3e3,,5,
d39fd30f,1,4,
beb0fb0d,1,6,1
e34d4944,,1,
33a4a9f8,,,
b8c14720,,,
ef6404ae,,6,
27cc323d,,15,
ab4d7f76,,,
e1709c8e,7,,
a056b9af,5,36,1
500f9723,,,
79499476,20,1,
d9a37093,12,4,
1d1e8839,,2,
486eff63,1,2,
f2267eb3,,,
8b9f63e5,2,5,
384e0820,,,
a0b75a70,1,,19
35678cdf,2,,2
f744de9d,,,21
f0c2c95c,1,,14
49e62cd0,2,,5
26a1d6e4,,,11
a79f3ff1,,,
f86a7d22,1,,1
5cde160d,,,
97b252af,,,
036abda6,,,
d96b633b,1,,5
101124f8,,,
1ed7741a,,,
7e491614,1,1,12
fd261b10,1,,1
48497ce1,,,1
54e81bde,,,6
bb5c59e8,,,
6b004f86,1,,5
38b3f4fa,1,,
c2f38fb6,,,
76c9d8eb,,,
62fc6b21,,,
267a8cb1,,,
3e21792b,,,
3e699b7f,,,
b23b9dd0,,,
80d14bbb,,,
b0632301,,,18
78075ad7,,,
a73cdb1a,,,
b88674e4,,,
a8155f6b,,,
6c8adf31,,,
a145d578,,,
82e67759,,,
6c8acb25,,,
c05a337d,,,
92ec2977,,,
cb5a3752,,,
658b40c4,,,
eef1c1d8,,,
f9778a8d,2,,7
ed865170,,,
d1be3fee,,4,39
c344058a,,,
fe7e2ea4,,,
b3c76b8c,2,,41
f203cf4e,,,
f4ce86a1,,,
08e828c4,,,
9cc8c284,,,
4865bb7d,2,,
47d141ed,,,
3e3162da,1,4,
fefe10f2,1,,16
781a93bd,,,
e5f88b53,,,7
e11e0f7e,,,
7a503f15,,4,
b8c20514,2,2,
243264ef,17,31,2
c0b5d93b,1,1,
d2a07463,3,2,
93c1dd58,1,3,1
fd4de999,3,17,9
90e35cfc,,3,
79743b05,,5,6
8da05713,,,1
07fba7f8,,3,
506b7aeb,7,,
e03ce3e6,,,
ea784b00,,1,
ec8f441e,,18,
7d1ec117,76,11,2
605ac3d3,20,15,
ddbabc98,12,,
c7a2e05e,,,
4144017b,10,5,
77419346,12,13,
deb57608,2,,
98f533db,6,7,
94831112,9,1,
2878a472,,,
a7c18107,9,13,
6f34eca0,6,,
3b69dd7d,1,4,
a57e21ae,,3,2
834b373a,4,,
f4165b10,7,,
48929afd,,,
57551914,2,22,12
8f3799c0,18,12,2
68012989,,,
1ae53127,,9,
db1ee352,,2,1
e5f1639f,1,18,
10bc616b,,20,
88833d9d,,,
a4edbd44,5,,
e2262e13,11,,
a8c5f840,,2,
4d13ccc1,3,,
9dabeb4e,105,,
f22f07ec,4,1,
4f276cf5,,48,5
b4d84ce7,,1,
6ff5a87d,22,1,9
3dbe9737,7,1,1
4d55da5c,6,,
60f08c5d,2,,
1194ac0f,7,,
5a63b91c,,,
7b8d4830,4,,
1a5ccaf9,8,,
ca249684,6,,
c84b1bc1,15,5,1
d2c157d3,1,,
6b995456,2,,
c95b219a,5,1,
a0d9a592,2,7,2
b4c6d82b,,3,
9dd9b008,2,10,
ff8f1489,,,
5ac5611e,15,1,
84ea0169,1,,
07f17cfd,,,
66f7d5a8,7,9,1
edd969b3,3,27,2
e9e1b0eb,2,20,
96e1cf03,2,15,1
1ec42526,13,3,1
4247232f,,1,
e53b802d,4,1,1
795b14a7,,19,7
3828b375,22,8,1
07e0bf94,,8,2
65eda090,,,
c76451b8,2,1,
6460f2a7,,,
4d176467,,3,
094a4aaa,,1,1
1837b200,1,1,
49bac1aa,,23,
2d6cfe9a,,1,
a7c73d2e,,1,
a2eed846,,,
bd51f12f,4,,
a421f949,,2,
82f4d193,19,,
866a7430,,2,
8e9b51a4,2,,
12dd5a35,1,,
93f76ce5,3,9,39
5e99787d,2,7,4
7de02097,,,
31aa4687,,,
27827068,,,
e5def24c,,,16
0d5657b9,,,
24b4db3f,2,,20
ad805a1f,,,1
b2cc6c26,1,,8
0a594a27,,2,
d882e4f2,,2,
298c9eda,,,
f34a0182,,,7
5cd1d725,,,3
c7da1869,,,5
e7e22321,,,
6f30a4a7,2,,
a1c07e91,,3,2
c58e224b,,,37
1ad95d74,,,
aa2616cc,,,10
b3519dec,,,
2d49a467,,,10
df5b82be,1,1,12
0c8361e2,,,
ee62e8bb,1,,20
80ab091c,,,1
cb88eb0a,,,18
5590fe91,,,9
4710fb93,1,,
58599fe3,12,,
19fcbac5,14,12,
289e84d6,6,1,
b33bbf7d,,,3
88b7cf3e,,1,
7c2934c1,,,
e50a736c,36,18,7
d5d92ae0,1,16,1
7acc333d,33,4,
1eab0288,2,,1
44c5860d,1,,1
0202a01c,,,
1bc79ea2,,,
aef2ab45,1296,,
,,,
