9bf6d959,30,16,4
a12ef6b4,4,3,
21f4dd72,,4,4
ddaf710b,3,,
38d2f329,2,6,2
d0d5bd73,24,20,
4f27e367,,,
eff86554,,20,20
a2ce5d38,2,,
e50ce7e7,20,20,
6cd80a94,6,12,32
e24fddc5,6,10,
444ff98e,,,
8ec13b0c,,,
9b9a1753,2,,
7f1defaf,,2,
e47fc163,6,4,
d710bd82,56,24,4
cbc53084,304,36,26
ea66419b,,,
45b0489d,3,26,23
9ebd95a9,,4,2
06b08063,,,2
f21f6f62,,,
0e6b381b,,,
17ccf5c6,,,
94ff3271,,4,
34ee6ec7,2,,
c92686d7,23,28,3
afe6ff88,27,12,
a98632ee,29,8,20
26b09c1f,,,
7abf5990,78,60,8
a132ce0d,19,8,2
594e3b73,,,
198c384c,2,,
42361d37,,4,
06395ae2,19,12,4
49f562c0,,,
abd0906f,,,
11e5f8eb,,4,
b928d40e,,,
9f0269fd,1,16,
bf1931b9,,5,
d57a40e5,,6,4
41fa39fa,,,12
f91ef6ca,20,11,105
7b65f8eb,,,
5b39c8b9,2,2,
c046982d,4,,2
39ec61e6,27,29,2
c8cca4a3,2,,
393066e5,2,2,
8be5ace4,8,,8
f7d5b0f6,2,44,
57787964,,32,2
831db2b2,22,4,15
1881ceab,2,,
8eb3ea46,8,2,4
8afcda2d,,32,
ce73003d,,,10
d2d9a294,2,2,
a43b4aa7,22,10,4
7da42d20,19,4,
d788bc15,40,38,2
7462c093,4,12,
b007d6db,1,6,4
c911eb8c,,,
d2dad017,284,,
c0c117a0,18,8,
078b85f0,26,53,17
10ccb819,2,,
992116b2,,,
419467f3,,4,
2ad712b3,,,
08e19cbd,,,
13c2a0b0,,,
9f0f396d,,2,
a7ae471c,,,
8025c8e4,,2,
a015b4a8,,,
0be2e30f,,8,
e467252e,,6,
b2ab1f0a,,6,
dc737c7a,,,
d07879cc,,4,
d6d92bdd,,4,
09211453,,,
e6b9bb49,,18,
002f4bd6,,2,
ae70a5c3,1,1,
a33e717b,,,
6419216c,,,
5aee3ac7,,,
342e38bc,,,
1e855072,,,
3d99dd6a,,,
78cdd38f,,,
18a736e9,,,
169fba64,,,
f3fe08a6,,,
fff4c80b,,,
42529bc3,,,
72e9658a,,,
035ea9ac,,,
a956b8d9,,,
d40791fc,,42,
6824c4d1,,,
b6492022,,,
dab6c597,,,
395e8d1d,,,
232f23d1,,,
25b25fc2,,,
0587768e,,,
8c8d60c5,2,,2
3a93661a,,,
2a045c83,,,
defe4e88,,,
9f592b5e,,,
99730a15,,,
239a5631,,,
a84923fd,,,
472d252f,,,
4351f431,,,
51177f97,,,
5cd74d28,,,
8721f2cf,,,
5c9ed492,,,
114d3209,,,
56b1cc77,,,
63c09654,,,
77859722,,,
289cff49,,10,
699e66a6,,,
0f7dd9d1,,,
d0383634,14,12,
8912f078,,2,
734578a3,2,10,
e3d3b2a2,,12,
96294be6,4,,4
cc7db9c9,,,
39f94051,,,
3cc09988,,,
ac0503b5,,,
7146b175,4,,4
2219b8ba,3,,
b8e50369,,,
44dcaef1,,,
5cb62f8b,,,
a37ccd13,4,4,
9acfe48a,,2,
01cfa0b4,,,
ce4bc9bc,,,
e365f2f1,,,
798774bf,3,6,1
7a839f7c,,2,
ccc239f8,8,25,6
b3b74c0d,,,
ba01ab2a,2,10,4
d181e111,11,10,6
d21ad7b1,,4,
9aaeb95f,8,4,1
d49a375f,230,,
f8818809,,6,
c6a2cf04,,,
94a97194,,,
2f6e034d,,1,
794a8ca4,14,4,
201af437,,2,
1edf17d8,4,1,34
f58203fb,,,
610ddd15,,,
5326555a,,12,
c223b988,,4,
12606526,,,4
6f22af40,861,221,861
9df5d9e8,,,
aff6fe18,2,,
2d0957c2,6,99,2
908f2fed,,,
fd919e54,153,,179
8b4789c4,34,17,28
4dbf8572,,,
de28fd83,38,8,2
b1d9d99b,18,,4
87dcd474,,,
b2b942a9,,2,2
6baf7883,,,
e631915d,,,
a39ce7c8,,,
d06014f7,,,
c60f24a2,,,
6c2fe371,,,
c1102f2f,2,,
d6e0b581,,,
6f390415,,1,
102f65c8,,,
f089e55e,2,,
1e4d01f8,8,4,
f6c5a143,,,
1e4938cd,1,,
1644f6ea,3,,
ef6283a9,,,
17de0768,,,
4b8bc9c4,,2,
ec48806e,,,
16b1a0f3,,,
a1ffef84,,4,
27c07248,,,
901e9855,,6,
328481cb,2,472,2
8959e516,,,
fc992745,,2,
0ad9c441,,,
086f67c9,2,4,2
6220cea0,,,
4f794799,2,,
af7514ac,20,,
f6cfba80,36,2,
692446a3,,,
13a6e364,,50,
ee9ac70a,2,32,
3ccb1303,,,
9dd731d6,,,36
1dee5c1b,,,20
90ca5ee5,20,,
a034f5ca,36,2,
e07a618c,,2,
1f40cf63,12,8,4
7399c2b1,,,
a26b9aad,,6,2
a8a4a18b,,8,
0c434ff0,,2,
f1b22619,,6,
40564c74,10,16,2
d31b6ce3,8,,
f2ecd139,,2,
ac985ef9,1,,
2909a996,,,
46c31db3,,24,4
19b4d977,34,2,
570943f5,,,
0c8ea0fe,4,28,
3d901411,2,4,
b72fe861,12,,
384a93b1,,4,1
e84643ca,12,29,12
1c760101,2,2,
40df21bf,22,11,
01d18f2c,,2,
2f637034,24,40,
50b0e455,76,52,
da90c774,,,
957c1a54,8,6,
0ed66d89,,,
a3e680ed,2,,4
e9d82950,,,
964df6b1,,6,
b6901ea3,,,
94116b06,,12,
6c5c9a54,,,
5c2c1385,16,,
87439646,,,
361eba8e,,12,
6641f279,18,4,
130bead8,10,4,6
9bcedd8f,14,8,
54164e74,,,
9a96b6a9,46,4,4
fa323944,66,16,2
3dc87b99,,4,4
da978f40,2,,2
2927518a,14,4,6
918c9e98,,,
c94822bd,,,
a8f4ebc4,2,10,
378bb20d,,,
ca438f5a,62,4,8
ec9ac201,,,
9b61b0f4,,,
07eed063,4,9,5
e1226062,,,
71f8c47f,,6,4
984b19d5,2,1,7
bc27d8a0,,,
6d8d9d97,,,
50752554,,6,2
33f372cb,4,10,6
e3b8c0b6,,,
956f8439,,,
e4b10774,,,
82fb7f70,,,
6a297bd4,,,
b458e6fb,,2,
3fb7f1b8,,,
e2a4a284,2,2,
c95fc106,,2,
76c3823e,,,
8b4267b2,30,2,2
36d362ad,,,
ac573800,,54,8
946151d8,,,
631696be,8,,2
27b0d384,,,
fe71fdc1,112,47,
52047f9d,1,2,1
bf614199,38,6,
1202bb2f,158,62,14
3a053c29,,,
54868978,8,,
db2e7fe9,14,20,
63898e26,6,6,2
a49e1d0f,,,
bfcb6683,,,
68db9c6a,,8,
6f630e9b,,,
b89a6586,16,,11
6afde5c3,,,
221b465d,,,
0725dbcf,,,
0b9f32ae,2,4,
ffc3e679,,4,
82092f97,2,13,4
adf10c67,12,1,
da36449d,2,,2
d1dbf603,22,14,8
3a1a7b25,,,
c2c98c55,,,
9bf42862,,16,
c2db40a9,,,
89fb0654,,2,
f438db66,2,424,10
16f262fb,,196,
d8bf23b9,,,
c428cbb4,230,,
0f664c61,6,16,
97f1b638,,110,16
82ae6593,,8,4
2eed29bd,2,3,6
8cdd8c71,4,61,8
2da8a91a,12,65,6
0c81386a,12,373,
d21e3b97,,,
d7501abc,28,19,6
7e4b3875,,108,4
c412a2a1,,,
8158909d,21,2,2
44eb16b1,,14,
7928bbe0,3,4,6
9e964b33,12,,14
fd6b6e1c,8,5,2
62903735,,2,
ec242d7d,2,4,
ecdcdf03,,,
6388c64e,,,
a8373f17,2,2,
4740f24c,2,12,4
106e7ee5,,,
14c0d5f3,,,
a4c537ad,,159,2
59dbb453,,,
74f5ccae,,,
8f203c48,,6,6
719f2c58,13,,6
2c8e3354,,,
934e3840,16,563,16
f885eec2,2,,
0eebe158,,,48
04d8a7eb,2,4,
2ed2c6fa,,,
73e17314,14,21,4
6d764735,,2,
384deaf4,,,
a732620a,,,
f89c0039,,,2
cf147806,13,6,8
71703b40,54,5,
f6af8599,10,6,
55134391,,,10
73a1a498,2,,
ee12894c,10,2,
71b5b85e,64,14,2
b6c86db8,,2,
dd784806,,,
1d7f652e,,,
68c8619d,,,
a2c7f543,24,6,
4a6ce819,11,28,8
d6c6d253,8,4,4
2453d956,,,
66b3e26a,,32,4
fc3d9d75,2,6,6
9af35587,,70,2
a0a62ac5,,,
8ad3a8a2,,,
247a0bb8,,14,
85765fb5,,,
bae9a59c,,,2
0f6096df,22,22,12
826bda60,13,5,
31e08d06,,10,16
3af4c3f4,,,
21640756,,,
bcb3d652,6,,4
d333cc92,,,
4d81347e,,,
c1018f57,10,,
654a2bb8,,4,
f8d90577,14,18,
a6d5c57f,,2,
b8f00a8b,22,6,2
49e14525,4,42,
c14cd014,,,
c7e4e8c7,,,
2daf6f6d,7,2,2
df3d1406,,,
98fc4075,54,2,
440c639c,,,
05ee9c9b,3,4,2
a3e55147,,,
a1027f36,,4,
240a807d,22,8,4
3561a940,,,
ecd2e52e,,,
a0f26cc0,2,2,2
8f22dbc8,3,4,
d9d6e7b2,30,4,10
c03373ba,,,
aa5656a1,6,4,
0ef61950,,12,
72959230,,1,
304c634d,17,28,
d8de12df,2,,2
8311be9b,2,4,
94a96d1e,1,,
16f42af9,,4,
9121020b,,6,
ad013e84,2,26,6
46b73bb6,,2,1
fffd2b1f,,,
69804d7f,6,12,2
c602af04,2,26,6
b52953f7,12,1,4
4e41d621,20,10,2
d62fb4b3,,,16
4867ca09,,10,
b366b2fb,,7,
b4fc54a6,,28,
6b9f45d3,,,
fac8339c,4,,8
c92e1c74,8,13,6
6fed8d45,,,
dd013580,,,
107f311e,43,,
2bfed870,,,
f064c13c,4,8,
312aeb93,7,6,
303fc3f3,4,6,6
ae98be88,,4,
a419bfe8,,,
26970483,2,8,2
a35860ea,,16,
51173096,,2,
2a6752bf,,6,
349c6e01,4,4,2
a52c22b1,,4,
fce5e626,,,
a8e51586,5,4,
0d8ebd19,4,2,
759ed127,27,11,
aafc7d68,,,
8297ad45,70,,
bc996973,8,20,12
58fa7011,12,2,
4068f7b9,2,4,6
cc2b970f,,,4
20472b63,6,4,
eb3d015d,,2,
54087fa7,,4,6
abf316f7,,6,2
78dab803,,2,
f8c04290,,,
e94dd5ae,2,2,
e361b664,,2,
c7344737,,,
19c39725,,,
7d463d97,,,
24c72818,2,12,3
5b8b71c1,,,
2ae174e1,,2,2
d5c4ea28,,,
f5383c76,,2,
e4263fc3,,,2
7b2c5ccb,,,
69f2d98a,12,2,
a2c6fc17,,2,
e68c0e67,,,
961061a1,,,
8e7ff6a2,31,5,4
071fcf6e,,2,
86c69d97,,,
9349ca6c,,24,6
76245f63,,2,2
51310fb7,5,4,
fb98ccb2,2,,
1904b1a8,5,3,
108b8309,17,,11
6092a4a8,136,9,
8f7bbd4c,304,,
36f00317,,5,10
df13a6a7,4,2,
870046df,,10,4
b7cec214,4,20,
cd8fb02a,12,24,8
c3219bd5,,,
a35f9ec4,,,1
36150b3a,2,14,5
c198afe6,5,,6
67cbc789,,22,2
38e537e6,269,1,4
03f68e64,4,,11
813e0366,6,10,2
8ed1aec5,,,1
e8055622,27,,10
c2933b69,2,2,
9b94fb39,23005,609,2
a952dac5,,,
f1d9dd1e,,,
0fc2c0c9,,,
cbe841c3,,1,
af7ab7e1,,,
ede4f493,,,
e7490fa9,,,
fc77a952,,68,
ce9b72ac,,,
84a14ed7,10,,1
01bf8d29,4,,2
5f44518f,,,
1a6f679f,11,4,
62d3295e,4,2,10
4754abf0,29,42,
667a0d0a,,,
5dee802e,,3,
7a68b7bf,,,
55ea7068,6,,1
36388ab2,2,3,
6a6d365a,,,
cf65da75,,,
d881d014,8,,1
2552f266,,,
8420f1bb,1,2,2
0ed25bcc,,2,
170610e8,,,
203b3e33,,,
f4d6360c,,,
4ffdee5f,2,1,1
bf7bc492,2,1,2
62156ea9,43,,
9fad64c2,,,
978fbc17,,,
6225be0a,,1,1
1fc328e3,,2,
99d61226,2,1,2
a542db65,,,
206a5acd,,,
de8d63f5,1,21,
5090ad59,76,,
557649df,,6,5
6d32720d,,,1
e5dd3971,,2,2
06bf86aa,,,
09f2c448,44,,33
8f1a0884,11,,
f24328a5,1,4,
8494fa91,,,
f1e86cd6,,,
d7f2ddda,2,6,
82cf4499,,,
72da1ce1,7,,
15ba0ea3,2,1,2
f3ff0bec,,,
ffe3412b,7,,
948c3d83,17,,
61110e17,1,,
dbeed4ae,29,14,10
85849257,8,6,
4c67c721,,,
c5225fc8,23,,4
14978e59,,,
196f59d7,8,,
af5e29f3,5,6,
d4c01969,,,
1ad44a00,,,
c817079a,15,6,
7bde6040,5,3,
32c885b3,,,
2b8af31f,22,2,
1d3051de,6,12,7
eb62a02b,,,
ea7b9e3a,1,3,2
2848e962,17,1,2
0e2a0eed,,,
c8765bc9,,,
31985701,2,,
14454861,4,,
29697286,21,1,1
3d27cace,,,
663a903b,,,
8355d073,,,
ad998b11,2,,
269da6a8,,,
d86487fa,,,
2162846b,,,
5b4cd944,,,
c7769b29,3,2,
f1372238,,,
719173f3,2,,
4906fbba,,,
22034514,,,
53e2de6e,,,
379757e3,2,,
5b1fc2e6,,,
45a0e3a8,6,2,
278019a9,1,1,
01d67d3f,,1,
327440e0,2,1,
e375c341,,,
9e259246,8,6,8
1aea9748,1,76,1
31efcb49,,,
7c11b8d9,4,,
8a930bc2,,,
15c2b776,,,
7cb22919,,3,
c0b74877,,,
50768980,,,
717ece9a,,,
891d64ba,,,
623896f9,5,,
59079797,6,,
b17fe0d5,,,
6f96135d,,,
89a8e3f6,15,,2
217659fc,,,
63a3a9bb,1,,
ccd010f7,,,
fbe153c4,,,2
0fd20594,,,1
aafccea1,2,,1
f267c4a0,,,1
108c4422,,,
9f2e28d6,9,6,2
6be638b6,2,6,9
9a0670ae,,1,3
a1a83d40,1,,
994a379d,2,2,8
484c00a6,1,,1
cac2e343,,4,2
aaae2e9a,16,1,
46a324c2,,1,
612ea874,,,
18309f0a,,2,
93e4fb0a,1,,
7356947c,8,,
bfbeca9d,2,,
28148e76,6,,
7fa98393,,,
8a991157,,1,
1ab917ea,,151,
39a92f25,,4,
3def13f6,3,4,
82961340,,,
c41557c3,2,2,
6dfbabda,9,,
7c59e961,2,3,
26adf8f4,,6,
e3f9ba6a,7,,
e616b8ec,2,2,7
d0dc9ce8,6,55,
6c02e370,13,9,2
896c51ab,9,17,
65ffec58,,,
6df8b3ca,8,5,2
6df14d7c,7,,
be87e5ba,,,
1554ca73,,,
1767cde5,,,
3aadd26e,3,,
1efc5ce9,11,2,
7b53ffdf,,,
b710437f,,4,
cc596a03,7,17,4
154e9fb5,,,
d9f088a6,1,1,
ba6e0cb2,1,,1
4003d1a2,,,
305a4b97,,,
d2493a9a,,,3
717a8f10,,,
34891e69,,16,
c27d09cd,,,
e7936c2c,1,,
f74b9dec,,2,
424695b3,,,
8dac290d,,6,
dbc3258d,3,,
14c08642,10,,
4d025889,,,
5a4d9bc5,,,1
d4c3c2da,,,
f80757d4,,,
586995d7,,,
5087f785,,2,
b2c7384b,15,,
770ad744,25,6,2
52013d57,,,
6fff6080,4,2,
3f4aec3d,,,
17b120d7,,1,
fc6515d1,,,
5a42baf7,,,
67405979,,,
ff620804,,,
04a28f4d,5,4,
1684cbd2,,,
f81aa2d4,,,
e4981dbe,2,,
2a14314e,2,1,
20dbb731,1,,
15b547ab,6,2,
397d2a62,6,1,
e7e4c5f1,,,
526ba0d4,,,
adce8999,,,
2ef95516,6,,2
16e3f26f,6,,
f67ab864,,103,22
d773e9f0,,,
3d81db1a,,,
17784aeb,11,2,2
fb7fb7d3,,1,24
77a57f21,26,6,261
bd3633c4,5,,112
0e2a6cb0,1,1,2
e6541799,,12,
1e639090,,18,
98f3b6ae,9,,
e38225a3,,,2
cd00291b,10,1,44
9d028d00,,,
cd9a472e,12,,
503d6949,29,1,
c2641e08,18,2,
0c2cd391,,,
a6db51da,,1,
3dcc44d7,,,
bab5273a,,5,
0c769144,,,1
59bb189b,3,8,
709624fa,,,
700b11a8,3,,
aa06fbd8,,,1
86fb7001,,1,
b4376061,,1,
8665e6d9,,5,
a70ab016,,7,1
69f88374,6,,
9a3b7450,,1,
73e382fa,632,65,36
d4593835,,,
db72cd2b,,,
19db9fa3,,,1
0bab3764,,,
3365f88e,,,
0f3f53a1,,,
7108582d,5,,
c414be30,,,
ef386251,12,3,
c5231cfd,,2,
55524c66,4,1,
5367a2d0,21,,1
40cd7fcb,,,
166af440,,,
9b494fbe,,,
5a5a6cf0,,,
d330fc7f,2,,
673e20ee,,,
6b20d80e,1,,
4cdc40b1,1,,4
e102fa4a,3,,7
79036275,,,
a0d7cb86,,2,7
f809a6c7,,,
6a3ec685,3,,
c91323f8,3,,
9b4c062c,,,
95d62257,2,2,
079c5100,1,,
87eb1b59,,,
7970182d,,1,
ae80b8af,,,
55acb1dc,,,
f30f6b90,,,
62ea465e,,,
0915b414,4,6,1
dbf37a8b,7,4,
4f87e773,,4,
337f44c1,,,
0d43a8f7,,,
fe8d349a,,,3
536aeaa8,,,
d495460c,,,
b0b302c0,,3,181
3d7c23f1,3,,1
3cb09d1e,,1,
3e3da1d3,,,
5c3454a2,,,
782eac76,,1,
d70b2b3d,,,1
845a2b5b,,,
ee94a94f,,,
e6f030b4,,,1
58986e98,,,
be55ffa1,,,
7dc13685,,,
e0fb7507,,,
3d8cbb31,,4,
d69c143d,,5,
a05019e9,,,
7e751d1f,,,
b60f02fc,,,
c6a92d7f,,,
ed30c578,,,
f02ea7e2,1,8,3
b1929fee,2,2,1
267fac11,1,,
11628dd9,,4,
0e195482,,,
2ee09611,,,
e9522d04,,,
b0babb69,2,12,
ff41ff1e,3,,
1ef01141,,,
cb3a29fb,,,
c1b7bf5e,65,,14
6ded67ff,,,
69fe97fd,,,
8c03af3b,,2,7
a01a16a7,,2,
2d9d38c3,4,2,
881a0cc8,,,114
7009118a,,8,
e7700e6f,,,
152bf28c,,,
c462d693,,,22
a6995ada,,,5
db98117f,,,27
db5b3f59,,,
a0f46c92,1,,1
b319db43,,,
6662777b,2,1,
8883cd54,,,
c93a083e,,,
850e58bc,,2,
c27c6732,1,,1
d90dacbc,,,
7d8b71c2,4,,
201802a2,1,,
9656d92a,,4,
112e7eb1,2,,1
4c776946,,,
0ab8b1f4,,,1
fa7b9050,1,,
35c56277,,,
1b4881c2,,,
93efad91,,10,
66d4fbba,,,
29972d7c,10,2,
41e03385,1,2,4
2d3386b9,,,
d2b300f8,,,2
bc506b9b,,,
21aed0fc,,5,
3ce29544,,,
d7a8ec27,,31,
fb8a4db8,,9,
3ca1145c,,,
00cc2755,1,1,
0c350b5c,3,3,
ece87b09,1,1,
192c4b1c,,5,
38f5a373,,,
c4d97194,,,
db8cac30,,,
8f3bb256,,,
58f40144,1,6,3
5e8b9f63,,,
f7a8a000,,,1
cfe05dfd,42,151,42
91b0b20c,24,8,8
212b6256,,1,
3cbc829d,,,
bf011aca,,,
fd3c30f0,11,21,5
cfd409b2,,,
3208687a,20,4,2
5ebbc983,13,1,65
760da036,65,,13
6c63cf3c,2,4,
16d03d56,2,,
af1dabf1,4,,
484e0836,,,
e9482f34,,,
f0cfb174,,1,
fb3d380a,,,
c9914b84,2,3,2
ccccbf25,27,1,
4d5f8e02,,,
dbfa8710,,,
825d8dcf,,,
3a2804ba,2,31,4
29398f1f,12,17,15
12ef690b,,5,
8fef23a2,6,3,6
e1a9594a,,,
adeb3c60,,,
98124f5f,,,
d7a12d09,5,3,
7d350c1e,,,
2ce1eab5,,,
fe6a5c50,,,
408a5788,,3,
657c5a8f,,,
d0b8e4a1,2,7,
ed63eb90,,,4
e16c9e16,,,
15dee03f,3,,
eb62df75,4,,
a29aed7d,69,60,6
aad58839,,,
72ad7a5e,,3,
ed00daeb,5,2,
9718ea57,,,
22936fd6,,,
d0a31db6,,,1
ec6f0cff,,,
41becc60,3,37,3
c3f9fef2,,,
ceee77fa,3,102,4
151e30fc,2,1,
949b399e,,,
0798e33d,3,3,1
ed84d09d,,1,
53f72d87,4,,3
6e62ae56,6,13,2
2febb986,13,10,13
0f0f616e,18,1,
afdde253,,,
13cdfeeb,,,
4b77bfaf,,,10
dc03be88,,,2
57ec8ce4,29,4,7
b476c9ed,,3,
3a26a954,5,20,2
af1ce0bb,4,13,3
572fec48,8,,1
c82e55f3,,,8
df95c9ee,,,
e8ed22a7,,,
62c82590,,,1
e076a9d7,1,,
8cc9ed6f,,3,
80a312f5,,14,3
5178ace9,,,1
5562218b,29,6,5
b3b5b648,,,
a25dfcde,,6,
739a6f68,27,9,6
a3029230,4,1,
f407f143,,1,
d58c05a1,,18,4
061da3b3,,,1
7aa9178d,1,68,
943bff9a,6,6,
8f4ff6f3,4,10,4
62ab4d28,2,1,
e2483714,2,,
828103fe,,,
71766941,1,6,72
f5b1c23b,,1,
3776f45d,2,268,8
5803c43d,13,107,66
48affd07,1,2,1
4bfb25c1,12,1,2
b6381b28,2,,11
d6235bd2,,,
bfbcebed,,7,
c46f7980,,1,
c00b6e07,,,
1b2cb058,,,
2979ffab,,,
85461bd3,1,,
15f94ddb,,,
01a834af,5,,
202ba853,,,
545da1dd,,,3
288ca09b,9,12,
09594275,7,,
d0ddcb86,,,
52b889e3,2,,
59561332,7,5,3
d1783259,,,
bb7a1ce5,1,,1
d6ef78ff,1,13,3
453d9218,,,
b79501ac,,1,
474993ee,,,
a0199894,3,,5
9e54741a,,,
339d243b,,,
94cd09b5,,,
501e3353,2,2,
522debc8,1,,
ab7808a6,1,2,1
7d45b192,1,5,
16398805,,,
cb6938e0,,,
8be41706,,,
6439299e,,1,8
f64d1070,,,12
78272bb5,,2,
c9839e47,3,47,1
b610655e,,14,
373d18a7,,11,
e5367f11,,,
acbdb82f,2,,
bf357415,,,
cfc06d3d,,,
390c5064,,,2
3f24df5f,,1,
1e17b259,2,22,2
6ed0a709,,6,
cf2ee162,2,,
df95a87e,,,64
7850a145,1,13,
6427916a,11,3,2
8a2e1844,2,,
f1f4c88f,1,9,7
f941b2d5,28,1,3
d215851e,,,
1a4d70b4,,,
a5b1ce80,,1,1
1b1163b7,3,3,
b62bb981,,,
b03410a8,,,
26304fc5,,,
2eecfca0,,,
165ef0d3,,,
c482dbe2,,,
7dbc4dff,1,1,1
49c91f7d,1,2,14
50b46334,5,,1
e5a731c3,,,
58c15701,1,,
ef3b720d,,,
0ad7e8f6,,,
a54c3454,2,,
3b64d9c3,,,
46438340,,,
ecabde5b,4,,
4c816891,,,2
9d2a5e9b,5,2,2
aac086af,,,4
a2fde541,,,
29976218,,,
2278f665,,,3
acd1d3d4,1,1,1
3963e35e,,,
9b9286ce,,,
fa375cce,,2,2
6cf5dc86,,3,
b49d93bc,,,
c0fa2df8,,,
5c2f02f8,,3,
0c837008,,,
ea4973c6,1,3,
25468d9a,10,4,10
a0844f75,,,1
e246cf9a,3,1,1
1148cc94,1,,
668a3567,3,,1
b8ebf50f,4,,2
fe259bfc,,,
5a685718,,,1
c514e325,,,
4736eea6,1,2,1
ef0b70ed,9,7,26
f1871a75,,,
3a70f36a,,4,1
7e9055fe,,,
f5195606,,1,
f159e3fc,,,
7fbd99f2,5,37,14
dfe6f166,,,
81bab84b,,,
d995d548,,,
2d5bf218,,,
eee9b214,,,
70f37c12,,,
ce340b32,26,1,6
c550125a,,,
cee9942d,,,
5cac6264,,5,
015fbbdd,,,
477f645a,1,,
d573ee91,,,
f3381da3,4,1,2
681566eb,40,2,
e53a8154,1,1,
52a6955f,,17,
18fec183,,,
21af9b60,,,
6c23ac16,,8,
f0351dde,1,,
7037b865,17,,5
7086f2ee,2,2,
b09e955c,,2,
7efca38f,1,,
370c604d,,,
47b464a1,1,,1
8d0c8b53,,,
7a7a663c,,,
67c6eead,,,
2268de52,12,,3
c234ed7f,,,1
08d290bb,2,,
a6dcca48,,,2
14a37237,,,
f400dd0b,1,1,
42bd9bef,,,
18b794ab,,,
695f1902,4,,
a393083a,,,
aa02b68a,1,,
6c86373a,,,
1de67afc,6,7,5
ddda1063,,,
e3b6106c,2,,
6ea15f38,,,
027e3368,4,,2
d300191a,,,
5ab9ab92,2,,6
f206690a,6,27,147
a901d4fc,,,
dbd485ec,,1,
b734b00d,,,
02dad958,2,1,2
80dad6bf,11,,2
717146e3,2,,
8a0ac6c8,,,
dd6b0e8b,2,1,2
660634db,20,1,17
e6003692,,,
4c39fc6e,,,
d02eda3d,,,
03e61eef,,,
49e7d716,26,6,2
c2abe9fd,,,
e0198af5,,,
946ebcce,12,5,
2645626b,,,2
293e69ed,,,8
c1c5dae4,221,257,24
693e9537,2,,
2bcf189a,24,1,
2f3f7b1e,2,63,19
2b4067d2,2,50,51
f753b087,,,
3eb8face,,,
0b556868,10,87,51
bcd212c9,,,
5f0f0009,,,
d248cc8c,,,1
20cd7a4f,,,
66560f1d,,,
c995616f,2,,2
5b608043,,,5
519be107,1,3,5
5249b00e,9,1,
8992cc01,2,61,2
0657551c,3,3,
65e6bd2e,1,3,26
eadcba08,,,
276bd804,2,,
94f1bf05,14,,1
72f1743e,,,
e31ea830,,,1
95953a50,2,1,5
2ce6c11f,,,
42292f57,,,
e6acf93a,,,
80776048,28,320,183
76cc848b,,,
7e0795df,2,,
63ae8544,,,
c925b98f,,,
6bd4a49b,,,
00ad4b03,,,1
660e86d7,,,
99ec8ccc,,,
478faecc,,,
a25d9cc5,,,
7d436409,,,
219235d1,,1,3
a27bcd2f,,1,1
15ad032a,,,
8a44aef4,10,,2
92f59507,6,7,
ba2024d4,79,322,4
9a2c0e53,,,
001b5850,,,
d1bcf319,,14,
189aa74b,3,2,
c5f3d469,,,
f38e1438,,,
d810fc4b,,,
a54bc6e1,,,
dffed2f7,14,22,
71b34733,,,
232a80ea,,,
622d9477,,,
a2a2ebb9,,,
3875a1b9,20,1,2
baab6736,52,27,13
8c90f965,4,4,5
06ab00ba,,,2
f7d482d7,3,,
5364bf33,,,1
f5855cd0,14,6,
2d97fd84,,4,33
2b384af7,,,
9ee945db,2,,
525112c0,,,
b281c1fd,,4,
892e323f,16,,
b76c4183,,,
c56fa61d,31,35,
012d8f4f,,,
ae1f2cbe,1,,
907f05f0,,,
bfc61d3b,6,7,6
67374248,,,
fe11eeb6,58,1,
f6da3113,14,16,2
0c063801,,,3
8613c4db,1,,2
517267d7,,,
8b970eb9,,,
feb726c5,,,
e719a651,,,5
a2981bf2,1,,
55f03321,2,3,2
ac083ab0,,,
0664d966,,,
428f6f0c,1,,1
65663e79,,,
018ed188,1,,1
1aaf7ae4,,,
aef38388,,,
83999cb0,10,,12
870a1576,,,
83b5794b,,,2
318f9758,,,1
b9731bcb,1,3,22
2e3bb314,,,
a6c137ef,,,
b47da45d,,,
a5cbbefa,,,
f06590ce,1,2,1
6cca4e75,,,
728300cf,,,
6d717b9d,,,
de1acf46,,2,
20078868,10,3,8
529027a0,1,,1
95558465,,,
08a6bb42,,,7
9cbd7516,,,
024e56a6,1,10,1
9f94aa41,4,,4
c6e21a35,,19,
31c5a404,,,
2d38cd44,1,,1
b14197ec,,,
a72b6e39,,,
7176c5a6,1,2,
683d4271,,3,4
a24fa94b,,1,
e8637b3d,1,1,
6e5d5095,35,53,10
f976f2b8,19,,4
b1f52443,,67,29
966e8f10,6,,
aaf8877f,1,1,
950610f6,9,5,
0bb149bf,,,
dd813c14,,,
8d8eebc9,89,,
5f2e2d68,,,
d07efded,,,1
e1faec5f,,,
21def415,,,
8ed53a46,2,,
3ae3b05f,,,
8f43bdae,1,,
fb3b3245,10,8,10
5a16769e,2,6,
d3d542d7,5,5,
650af4cb,,3,
af447611,,74,
693c8d94,10,,
c58adc6f,,,
c408a6fc,,,
248ce9fd,23,24,11
eed5980c,,,
c0fe985c,15,,
d9fafc8a,,,
07e82c08,,5,
0290fa93,6,440,198
8b005197,,,
2067e772,,,94
6575f8aa,19,17,
76e7d7a8,1,2,
6336404e,11,18,25
8b0ec570,25,16,11
2e112b74,,,
4aa5ff25,,,
1ef638f3,94,,
18c84380,2,,4
a66c6ebb,18,72,91
026d168a,12,10,1
6e8370d4,,,
4a68440a,28,50,
f001be54,1,1,191
5b587abd,2,1,1
52b5ee64,172,22,
88e42e65,1,,
a1fb228f,,3,
8f826b1b,5,5,
8fbeb903,,,
5b8495f8,,,
cf39936b,11,10,4
cf7c48bd,,,
9b845ef2,,,1
3ec45222,,,
919ffc3d,,,
f1f1d3d9,11,,
4760f6ca,,4,
4b6ffd49,9,,
445c5688,1,,
ad68d5fd,,1,
c72972d1,10,,
6fef0b0d,,6,
9b826b4b,20,4,
3ddefd82,4,5,3
af89d96d,,,
fe66108b,1,,2
6f125ffc,,,
5f195b68,,,
0107253b,1,,
5178c864,,,
e18fdecb,2,,1
fe4170f6,,,
a55f0896,,,
dd571af4,,,2
e3f2c557,1,,
0787bc50,1,,5
08b6bb98,,,2
b4674320,,11,11
6f260ee8,,,
f68659f0,,15,8
654158de,,,
d6e1e0c2,2,12,
1b0831c9,,,
e5f4c665,,,1
00d42155,,,1
15950e79,181,,4
dedde5b4,,,3
f89a7348,,,
ecb5eaa6,,,
bb00ee0f,,,2
f4bbaf7c,44,57,9
7d3af5b5,7,9,
6ff77cf5,3,1,
5d4abb0e,31,3,1
89b3eb14,8,,
aa5a184e,3,,
354a91a3,4,,181
cd78ca12,181,,4
71643094,,,3
8ffc1e3d,192,432,10
d904bddd,,,
7e84e741,,,
1d14953a,,,
aa242aaf,,,
133f2761,5,,
566fc5d6,,,1
4adbd561,3,,
0b328318,,,
379c224e,,,
4dcbc834,,,
4940d982,3,,
e0afcde8,,,
737ff2f3,,,
326ec435,,,
bd899fd2,24,2,
888fba24,,,
7e4db4ec,,,3
dff90625,,,
1b6b439d,,,
e8167d60,1,,
fa31c1eb,3,2,1
1b7e2844,19,4,2
2fa06edd,394,,
621ce7fe,698,,
e5070042,,2,1
dca69d59,,,
a87dfb2a,4,2,1
36ab578e,,,1
1950bd3e,1,,
00772baf,,,
57c01464,,,2
0fd7953c,,,1
22d76943,,,
16850211,3,2,
82810968,,,5
1d651423,,,
c85eacce,18,,
a87b7038,1,,3
f8fb8c00,,,1
0a686a64,5,68,2
69a42c5e,,,
4362a452,1,,
04ed5912,,,
daf43495,,,
8dc7b6fd,,,
71e57ee8,6,16,
2eb1d507,1,,
eef1c0b2,5,1,1
0ff28107,,,
2c735d8e,2,,2
f5ccc73b,,,
ce57ab2a,,,
e20bfcfa,21,,
e809a66d,,,
c5b947f9,,,
d3d3c98d,,,
98723052,2,,2
97d14313,3,28,
86daa595,,,
acb83ead,12,8,
10707890,,,
f506c133,,,
08127e31,,,
bd0ff5e4,,,
557a51f3,,,
37b5f69e,1,,
8b8a060a,,1,
50abd280,,1,
0cd37337,,3,
ea53e2a4,,13,
b79fa921,,21,
41c3a220,,3,
6b0e07b8,,,
98744349,,,
dfea713e,,2,
d00572ed,,,
b949116f,,3,2
57cfd334,1,,
f6186e3b,,,
37746d45,,,
c3414038,,,
3cabeeef,,,
e73befa7,,,
8c412a72,2,20,5
bc913b7d,,,
242f8147,,,1
345c7f98,,,
1d927f9b,1,6,
32c0b4c9,3,,
e4dec213,1,,
31977683,,,1
42f98108,,2,2
cd3cc46a,,2,
d76cd877,5,5,
ff7e92eb,1,,
2be61aa4,1,,
5b9f5ef7,,,
44a2592b,,5,1
c071822d,,,
27bd02b0,,,
8740e5ca,,,
1a1b97ee,9,2,
bde81523,,,
1c9236d4,,,
34914345,,,
bffcd0a6,1,,1
63360f3f,1,,6401
73da46a8,5,,
69a75be1,5,8,6
7eb6b3de,,,
c7f97f64,,,
b5c5f028,2,,
728a990f,,,
ea11557f,,,
bb5673f6,,5,5
e3142eea,,,
68bc047e,,,
0cdfef60,,,
80b78c8b,1,3,
e7aeee32,2,3,1
83923892,,,
91b5db65,,3,
b01e8df8,13,3,
60fe0bb1,,4,
43081bd6,20,8,6
40c67d60,,,
16679277,19,17,14
1269ba48,,6,
61100498,1,,
c115c594,7,22,3
508681f2,,11,
d3d57fb4,23,4,
49d8026a,,1,
417170e7,,,
8238e01a,56,,
37aa9ba6,,,
faeac10f,1,,
9d094dcf,,,
70a8f94e,3,,2
3f1d2e42,5,6,1
e45dc701,4,4,3
ef814eff,,,
bc26f3c3,,,
7f357b8d,,8,
6b3a586b,,,
878097bc,,,
ee7ff4e7,,6,
f9528448,,4,4
07a277bb,2,,2
01105d16,,,1
062b226b,1,,
a34e7053,2,2,2
1f2b8775,8,395,24
c94fe825,,,
8fafcc4c,,,
3a604328,,,
623fe38b,2,,
70b6e02a,,2,
b1c37ad7,,3,2
047addc8,4,4,
fd2ed183,,1,
b2fbacd1,,,
655c55c1,1,1,1
2b244625,,4,4
0f4bd484,2,,
cadd7237,2,2,
9c3ea24f,2,1,
f8847391,,,
02da7eaa,1,,
46220027,4,,1
9ec5f9cd,3,,
46b7091c,2,,1
77dbca52,,,
703ef758,5,4,
1cabf8aa,36,1,
9e56ef17,,1,
1670960e,11,7,4
9bf99b4d,,,
8ff49073,9,,
5cc546f8,2,,4
273f6961,,,10
0fa6eac9,5,2,
c5a46975,12,9,
d1bf0584,2,1,
2b8b6fd9,,,
1d16deaa,1,,
c92fd867,,1,
2fdf32ab,,26,
0f7c6c8e,,,
528f0c5a,,,
6ef4550c,,,
7a3389af,32,3,
dde3133a,,,
06720a55,,,
648c0fe6,,,
f49015a7,,,
6221f96f,6,,4
d394ad47,11,2,
b39c3dad,,,
aaf8ce20,,,
3d7163a7,1,2,2
caac80a4,1,,
755b2a8a,,,7
05daed8a,,,
1cb29938,,,
f0c1ccba,,,2
31fc1920,54,4,13
26342f6f,,,
5c981c7f,,1,
9a50815d,,,
5e4e5eee,,,
799f5952,,,
5c351735,,3,3
b7f27542,,,
00adacb0,,1,
f1ffbe59,24,58,14
43804c29,59,,59
cbe012e7,,1,
62c3f0a8,14,58,24
15284f71,24,58,14
4fbb165e,50,51,46
ee50c940,,,
612aaa17,,,
56990330,,1,
54efc6af,,1,
01aa613e,,,
5bab9e83,10,12,
29810272,,,
7f1ee318,,,2
51b5094d,,,
cb0cf6a4,1,,
317e9541,2,2,
c62b07df,1,8,17
90aada36,,2,
44d99fc5,9,3,
e9a23fe5,46,60,3
d3ee94d9,,,
bafb3705,,4,
7c1296bc,,1,
6640609a,55,13,5
490b1923,,2,
0c4e372f,,1,
9f908274,,,
4db64ccf,,,
8d6b948d,2,16,
3afb7b79,,,
f7048f58,,,
6315a434,6,1,
49312a92,,,
3d04a569,,,
dca232da,,,
287c48c5,,,
05e28306,,1,
0b22e5b3,,,
a7e9bf04,,4,4
67862aee,1,,1
1e58f230,,,
76b76a84,,,
d210c7af,,,
e1ec3b36,7,6,
2cf98c0f,13,9,8
8f750ca2,,,
d871deab,,,
736f404a,,,
fe9c2ab0,,,
9c848726,,,
6ac6e2a2,,1,
cc3b0f8d,,,
fb60b169,5,2,
229e155d,,,
3df4c67d,1,,3
23ce3eb5,,10,
27cb14f4,,6,
9ac7331c,2,,1
27dd26ec,,,
3bea24c6,,,
b7413f61,,4,
b1bec6df,8,16,8
93f26466,3,1,
f4aaf986,,,
2b9d1761,,22,
70622d7c,2,2,3
924be336,29,,
1027abc5,,,2
b9fdc929,1,1,
0773e1f3,16,,
5a9636bf,,2,
27e74e7a,17,,
7da6133e,26,3,
cc65b4f5,1,1,
cc9a6859,,2,4
fd29d0ef,6,4,
df63c184,,,
40e74b79,2,,4
aa631485,6,3,
e1931d43,1,,
13f0d162,1,,2
fb25083e,1,,
394b543c,,,
505b14ab,2,,
64164e46,2,4,2
8b5e347f,,,
516a02f6,273,142,3
b52c926a,2,,
2fe6fd11,,,2
bab78fed,,,
d7307d80,,,2
3446f709,,,
566b80d7,1,1,
e72e09f8,9,3,2
a33ec440,1,,
3aa114e8,2,,
97a90475,,,
a12990bf,,,
bd833b03,,,4
9f5e8495,2,,1
e15b12c8,,,
8da63511,2,,
88853aca,,8,
4f7f6b46,,,
1ea3ff8f,,,
4dac1d05,,,
40544b89,,,
20a42756,,8,
67695cce,,,
935d24fa,,,
8ac7104b,10,11,3
cb799351,3,5,
35c470b2,2,2,
08a3fbfd,,,25
c910256f,,4,
ba240ccb,1,3,
d4ecd716,,4,
6cbb6075,,,
45d5463b,1,1,1
c33a718d,,,
2b6bb168,1,1,
0506f938,,,
f8642513,,,1
a904e91a,2,26,2
7fa5082e,,,
c4346aae,,,
8894dba4,2,2,
f79d64fa,,,
34724451,,3,
5394f635,1,2,
156e3b89,,,
9ff016c3,,,1
07a06bcc,1,2,1
bd929fa5,1,,
ac1e4d61,3,7,
82eb9afe,,2,4
0321687a,1,8,4
b736b9d2,,,
5797777f,2,5,3
ffd15fd6,3,,2
3823dde7,2,2,8
0dc5ba45,3,,
bcaed940,1,,
be67064a,,,2
e7e0abef,4,3,7
77b134cd,,,
6681a0ce,,1,
beca42b6,,,
b1cfcc56,3,3,11
cdcd91f1,2,1,13
402ab069,4,4,
d8e73b37,,,1
ab56ef39,2,,
231f8ada,,,
ed40f37f,,,
c33873bd,1,,
2dd017b0,,,
51148d02,,,
4f60b48e,,3,
9131ddb3,,3,
95117a4d,,,
7af428ed,1,3,5
8d6c6841,1,1,
c1e0e671,4,5,2
56456cb5,,,
b3855ef7,4,35,
ca402cd0,,,1
89622523,,13,1
dac4164a,,,
4d2e153f,,,
409672d0,,,
8d467277,,,
107a3c5a,,2,
34f3e9f6,,,
97e6b600,3,2,
fc277895,2,,
02c3c871,27,39,27
94ded7f7,,2,
0f8d0d84,2,,
2fe1415c,27,34,43
1628be31,20,,4
a7acd431,11,7,16
aaac377a,3,,
a671062f,2,5,1
4a0e33df,,,3
f3099c7e,,,2
1839378a,,1,
58d63de6,,1,
69a86a80,,,1
4b96d280,,,
3c7981ef,,,
0d50b3ad,,1,
f84ad905,,,
d812ccf2,,,
1a5b0b9c,1,,
99a14072,,,
957450e1,9,,
812621b7,4,5,5
1a1589cb,,,
b06c5351,,,
3b37d547,,,
3f7cbe89,,,
d42e3278,1,,1
58994f12,,,
c082549f,1,,
64d13d81,,,
7939255f,,,1
4b66ade5,,,
c9dbd3f6,1,,6
1f6f5a3a,,,
5f61495b,,6,
9c300ebb,,6,
7765943f,1,3,
d71cf1a7,,,
7ee45e24,,,
0fd4c583,2,4,
20b7c04a,1,,
ac4dddb8,,4,
7e590947,,,
989e43f9,,2,
2facd672,,,
8a593f3e,,,
6b9d234c,,,
1338bd10,,,
ad77a591,,1,
4b6523ea,22,10,12
b547d033,12,10,22
bba5c312,44,,2
db73f380,,,
7e4f5188,,2,
a8ed2f87,,3,
2a18d137,82,5,1
6500bd89,,,
3e47a32f,159,11,2
5a7ce450,1,3,1
8f743f95,,76,204
e176380d,2,,
b167ae5e,,3,
c9540234,1,,
54d04a7f,,3,
94a8062b,,,
f98fe0d0,,,
8d18612a,,,
de4c1919,,11,
4fc149cc,,,1
bcd8abb5,,3,3
5bd76be2,3,9,
8e34d36e,109,31,
2e2f86ff,,,
8ff13209,1,,1
606dd9e5,,,1
d8e9481c,,,1
6f64db53,,3,3
42b35e1e,3,9,
1db30126,,,
9f90d2c3,9,28,7
c2bb9d23,109,23,8
1eda69c0,10,,10
a4514956,9,5,6
0c8a5acc,,,
966f3b23,23,,
9028da55,1,,
3c4bb15c,,,
15384c30,21,4,
982e665c,25,22,5
da735998,59,11,
31f45cbb,30,3,2
201bb362,1,67,184
424c567c,26,14,10
69475911,2,2,2
e038bedc,1,1,
c1160f02,166,,5
8078019d,3,,2
3ecb65ed,6,5,5
0f19a065,,,
87caee69,3,2,
782032c0,5,5,6
9cd3ea9c,8,2,
0860d0e0,2,,1
83e833e6,,,
57bcd245,6,,2
e376c4d3,4,10,1
6b76b927,,,
5c9f69a9,,,
d3cce792,,,
a7937a13,,,
9b446af7,5,14,
a907912f,,,
c7435516,6,8,
0090c555,4,,
a89e931d,259,,
07df39ab,30,,7
3c090f53,,,
252832d6,,,
d7a7585b,26,3,
3dc2bbe3,13,,13
62bb8bd4,1,1,
e07fb263,,,
651774d3,,23,3
a94c53e0,1,,
a9fdfa85,,1,
f1f674b0,1,,
59407b69,,,
52bd2600,4,7,
ea262b98,,,
85e89f39,,,
aa8233e7,,,
0d25cbbb,,,
146e1f88,,,
542d9336,,,
8206ecfb,,,
ce79d299,,,
5081e292,,,
3dc7aa2c,,,1
e370ddeb,,,5
99d2816f,16,2,
b480594c,,2,1
0244717a,,1,
207dcb87,3,3,
b6da8fef,,2,
59373217,6,2,2
0dba7a9e,,,
14b12a5b,,,
06e5db27,,,
e3f16267,,,
f4aa25e7,2,1,
1ab659d4,1,,2
ea9c9915,3,,
ac579e0d,,,
002f39f8,2,,
c0b37db1,10,5,
c828c438,7,4,1
8ffa41f2,,5,10
b5eb4953,10,5,
a70f0099,3,9,
d585b1b7,6,5,1
81b23cdc,3,34,
e152cfd1,,,
c239c19f,1,17,2
269d9857,4,4,1
5f9fd147,,,
f8d4d38d,2,,
d6ddbb79,,,
0b760748,4,,
2a7a3634,,2,11
353ae349,74,8,2
44eac674,,10,
a2508dae,,13,
0f9774d7,,2,
1a7ecdee,,,4
e48c7a16,,,
7ac55142,,,
c633d07f,6,22,3
72ae31fc,,,
69b1352a,,,
149f052a,5,5,
63e9a0ec,,6,
b98c1f96,,,
6603fcde,,,
f78ba14b,7,1,2
39d4b214,,5,
727f6216,1,1,
1b82532a,,,
11005bda,,4,
870ad023,3,3,
d1464909,,160,
1c5554de,,12,
366efb31,2,132,2
86e4a8d6,,2,
7eed0f95,,4,
9370140b,,86,
730a5d30,,636,
e052e3ed,,9,
d6a9346d,5,799,10
b8515f3f,,43,
069cd931,,20,
50169063,,20,
e12c62dc,,20,
da04fede,,289,
6d55c174,,,
2a35e947,,89,
810e9ec4,,6,
9113082b,4,445,
582bce85,,13,
d4c5140a,2,,
24c27151,,,1
2c7ff3dc,,,
533a9460,,,
ca9e7f9c,,,
945a200e,,,
cef87687,,,
6e5761cf,,7,6
809807e3,,,
bece9ef0,,,
af3f8d18,25,27,4
f2a818b2,1,,
12a130a3,,3,
d0a0c8fb,18,20,
f7e4a609,1,7,1
366da0b7,,2,4
5f62e2b4,4,,
4ce29b4c,,,
055f9399,5,10,8
1c73b2d9,,,
33085401,,,1
8aa58da2,,1,2
7f63fa93,5,,5
77f624b3,2,6,
842efacb,,6,4
544b57a2,,,
95f7a46f,,,
c2748c69,4,1,2
0bb9c27a,3,,
eec87b8b,,,
7ae4ac44,6,9,
8061999c,2,9,3
f2fb1352,2,4,
390198de,,3,
a2532861,,2,
620e1ea5,8,4,
770d751a,,7,
01b8a2c4,5,38,8
3b47a300,,,
e7f902c7,74,62,82
0b4e7e5d,3,9,
bf6a7fe2,,,
70abca0b,,,
e3ee2cb6,,,
67448d5d,1,2,
64658a32,,1,
69045357,5,,5
ac25c501,60,5,2
ffe2d77c,7,2,
13800999,,2,
6c9f8863,6,,
f26af757,,,
1f5af9bd,,,
f5d24b9c,,,
654bc1eb,5,5,
3b246131,,,
4e6028d0,,,
627049c4,3,3,
4015f4d1,,,
0605e099,,1,
36265a5a,,,
4ef414f5,3,,
ba64bdfc,,,
d3969207,,,
16734985,,,
65d998cd,1,,4
7c85e130,48,7,14
7378c5c2,1,3,
c20d7397,9,,
166bff55,2,,
8cc7ba1a,,82,
f031a751,,9,
d77a1091,1,97,3
495f6083,1,,
875f8ee6,,,
eb2675f8,,1,
04b2c7af,,2,
26cc1dad,,,
a757aba0,,,
d3913065,6,,2
150713cb,2,2,
83c473ce,,1,4
91cdb2b7,609,901,621
db57e5ee,,20,
855eb994,,,
0f28b413,,,
10695e27,,,
00512e5a,,,2
db59832e,,1,
7de7f6ae,,,
b2c6fb17,5,,
5ed9f04a,,,
0f91c0fe,55,,
5699d3fd,,,
f38d9efd,1,,1
bb404bd1,10,4,
20bb6c3c,1,,
e71db953,1,,
e4c9e35f,,,
39af3cd4,1,,
24b497e9,3,3,2
4232450e,,,
2929b111,,,
5680a472,,,
ac99efc0,,,
a4c2141a,,,
1c285fc8,,,86
5ffb527b,,,
e66a9202,,,
2493492f,,1,
7063d584,,,
a31a6efd,,7,
62f45b18,,23,
74d2b4b6,,,
8988ec02,,,
6cec4d23,,,
f1e5de97,20,,
39534cb2,9,,
9a65cd8d,,,
ce4db5dc,1,,
16c5320c,,1,
3d41e3af,,2,
d15c02db,,,
62d17005,2,,
e74918e4,,,
0bcaddf0,,,
cd997b58,4,,9
99437ee9,,,2
17e878cb,,,
3eae0e58,,,
b0194a8b,,,
4ce83d12,,,
08242ab9,2,,
1a8ec509,,,1
78ca8b54,,,
32d7dc73,1,2,4
15fc4603,,,
03234c13,,,
740d97c3,,2,
9218b25f,,,
979f434b,,,
050aca81,9,5,
38fd9b0f,,,
579d87ca,,4,2
50d4f3ce,,,
adcd9984,3,,
c8bfc0ae,1,,
be016c7f,13,,
42e607b8,,30,
351d53fd,,1,
477abc4b,,1,
04846be2,,4,2
7811f97b,,,
cb6c9ba6,1,1,
3ba3d53f,,,
ba5a4dd8,,,
3afc6e45,,,
9c681417,,7,
4c681e15,5,,
91fe49bf,,,
f90e759e,2,,
6e89e79a,2,,
1103846a,2,,
aca38f2a,4,25,5
6b71edb9,2,,
197e6e88,5,2,
987f4dbf,3,,
cdcc5397,,1,
14d8ae40,14,7,2
d2abdda5,,,
fc2081c9,,,
3446741f,1,,1
3ee51a71,,,
a2abf896,1,7,1
a2bd644d,8,1,
a45226a2,2,,1
6543d89f,5,7,
3d8c430e,,,1
4e0e9586,,1,5
e7f1daf9,1,,
d0dd545e,,,1
9c460b53,,1,2
c4ccf9a8,,,1
18842509,,,
2b3b2644,,,
07f99e57,2,21,8
a3145339,,1,2
9e4248b2,,3,
01572c00,,181,
07d24eb4,,12,
aa42c2b1,,,
bc9c0fb2,,1,
555e872a,1,,
0434c519,,,
7fd6f71b,,,
f510d9bc,,,4
a736c9c9,,,
0dc1684f,,,1
6c2d7840,35,52,1
2ec1b12a,1,,
6138e53e,3,,
b32b16b8,4,1,
845b0e8d,1,,
5d004b64,,,
47fabd3b,,,
eb68100c,1,1,1
cbb55be4,2,1,48
2ad3463f,,,
a832c682,,,
a358bac4,1,,
0ddefed7,,,
ab799a93,,,
9ed4e220,,,
4c6149be,,,
3216a1bb,4,2,
c413ba45,,,
b115d6fd,,,
585d0471,4,4,
d38a0105,,2,
41828f62,4,,
353b6e69,,,
66203889,3,,
e6888aad,18,2,16
8f14f12f,,,
6de004ae,2,2,
af946dd3,,,
965c296f,8,,2
92dd28a4,,,
172f9c9f,,2,1
70784731,11,,
fa8103a4,,,
05263c82,,,
ad247457,28,,
54d74f6b,,,2
b0171601,6,,
4be45420,4,17,1
1511c17c,47,,
4061b1a8,52,,
e52de0d4,5,,1
deff3845,45,4,
ca1bb340,,63,2
95cb6b7f,,12,
6fdaf506,4,1,
8491703e,,,
a7dda1a8,,,12
b1e7d241,,,
9542aece,,7,
b321e8aa,,3,
f38aa299,,,
6deed714,,,
2ef20bd5,1,2,1
316bf60b,1,,
ff9bf6d8,11,,
b3cf6a14,,7,
0a3e1294,,,
c24034b8,,,
f6f3aab8,8,,
1fad9ae5,,,4
1e2a1b64,,,
1ee4b0ab,,,
bf37714c,,,
5f913f5e,2,5,
7a8148a7,,,
b42368ce,,1,
fd0cbc2c,,,
af5afeff,9,4,
f24f6eea,3,,
447e7a41,,3,
81bb550f,,,
eb89cdb0,,3,
8aa3e743,,,
5216a57b,,,
698bed9c,,2,23
acdc6a0b,,,
6a122f12,8,2,1
39a4f966,8,,2
4055585a,,3,
a7f8095a,1,,
9363dbdb,6,,9
0a355043,,17,
d115ed28,4,,
bbdac75e,1,,
3b2035d0,1,,
68c83489,,,
3f7122a3,,,
16c64dd2,16,,
cb8c67aa,,1,
ce26183f,,,
b6696b5c,7,1,1
d4dea3ba,,1,
d19890d5,,,
f6352ab6,,,
470743dd,,22,
ae7f2bcd,,1,3
5f0c2273,,,
4ef3a687,1,,
bbe977e2,,,2
bfe1f602,2,,
aaea478b,,,
be834cf9,,,1
f18ec394,6,,
426c4422,1,12,
33e370a6,1,,
27995f76,1,1,1
c81e4fa9,,,
b7f128cf,3,,
9f96c78c,,,
955e3d5f,,,
4b0e8690,,,1
cf222140,,,
6369b1e9,,,1
e7887ccb,,,
82f5fb1d,,22,48
4ab391e4,2,,
4d6d9644,,,
c8eab959,,,
032fcbc8,,3,1
00caedba,17,1,
ee211636,,,
1b890d1b,26,,
fe592e08,1,,
2a8a6a72,14,,
a54908de,15,,2
b05363dc,1,1,2
4f37c83b,46,,
4d754316,46,20,6
5313166b,3,5,6
75fda2a9,362,21,8
4ea03a82,1,,
412824ab,,,
8f062a88,,,
3958664f,,,
845f8759,2,3,6
bdd5652f,3,,
569c6ea5,,,
c5e6cac3,,,
7baaf16e,1,,4
c0aa102b,,,
d4844526,2,,
660435fa,4,,
74f36d8a,,,
d266057c,2,1,
4787c23d,3,4,
a6c0a1ba,,,
5097fbaf,4,,
2501cceb,,,
d660cc4a,,,
80280954,,12,1
f86cc3b3,1,12,
d1270e04,,4,2
7dace6d0,,,
257148b2,,,
ed45f47e,,,
ab29b173,,,1
c2b87dfc,6,,
7de3cbca,,,
76288a4e,1,,
952ea2a5,3,,1
38586b40,,,
73730b90,,,
4c914484,4,6,3
f799ed7f,,,
fbb1e5ed,3,,
6ffec351,,1,
c9dbad04,,,1
ae726676,,,
78f29ce2,12,,
5e6f89d8,1,,3
351689a6,,14,
7065d8d8,,1,1
2bab5a67,,,
837d163f,,,
b9d7edb0,,4,
f37e8d9e,,,
95ce1df9,,,4
986b8f55,,,
7b006c48,3,,1
a4a49161,,1,
9c85f48e,,,
a22e901e,2,,7
8923e487,8,4,1
b33a5277,7,5,2
c04ce899,8,31,9
db10165f,2,2,12
e45d6756,,1,
adc5bb87,,12,
dece9b43,,,
53a99310,,,
516d029c,,,
27e38e74,,,3
ba7eac07,,,
fc8c61cf,6,9,16
ec0554c2,,17,
2e9fc054,,,
7f7904ad,,,
aacd053a,3,2,
233bcf9e,,,
bc1f5d20,,,
c01ebc3f,,2,
4ba03ac7,2,,
6b3b405c,2,1,
f83bd3a2,,,
02002972,,,
0ca8ce56,2,77,
aeeec807,,,
a3c6d2e0,8,,2
a9ab3b8f,6,4,6
433f6482,3,,
1062b4a1,13,,
ae827772,13,14,14
d339b8b4,,,6
7f6521c1,,1,22
57e66d83,,,
1b81d3d6,1,11,1
8c7fbd6d,,10,73
d88df71d,65,,
10e33c03,,,
b29b2638,3,2,
ed3d044a,,,
8cabed4d,,,
f53fc5e4,,,
e301bb70,3,6,1
7fbd3fa9,56,39,
c3c3bad0,2,,
0df4992d,2,3,
9ac12a96,,,
778a0568,2,,
af79a193,3,46,2
95f8cde5,,1,
7d9ac453,,,
57868622,12,,
23bdab26,21,2,2
d56e501e,,,
f995641f,,,
ef35fa6c,,,3
d0f71799,3,,2
cc75db07,,,
e0909001,5,2,
1174bca0,3,,
04b19402,,,1
31e1f169,9,2,6
c8fb5480,,,
ba0e833f,,,
9457b83c,,4,
5844882a,,,
1908e9db,,2,2
5be66933,,,
047cb293,,,
53811089,28,,1
1756a947,,,
52e17592,,,
9de0ce12,1,1,2
6bd12680,,,
be863aad,,,
9b6903b5,1,,
d1d35776,1,2,
037c2551,,6,
29364e01,,,
47afc857,4,,9
3a534d35,,,
c2a4be67,,,
ac76a7e8,,,
6b3dd12b,10,,
3c09dbf3,37,25,4
da715793,1,,1
5de36fda,2,64,5
32113144,1,,
f7055ea8,,,2
6e21d471,3,,
8d2d036e,,,
88e7a44f,11,,
5b19db45,5,36,4
62fad0ac,2,,
69aef6bc,,,
9e513787,,2,4
8ea0f20a,,,
af87e653,9,6,
728c1d5d,,,
1b9eef54,,,3
2a7b4894,2,,
5b3d2519,1,,
3757a700,,6,
95466d0c,1,,
78a5053a,,,
0802228c,,1,46
bfec5b3a,12,,22
34f10a20,,,
04330069,,,
d9a2e8c7,,,
03cb97cf,,,1
6d51dfed,,,
f2204c8f,2,,
651c628d,,5,1
fe3680db,,,
952d4e85,10,,
ae6bc9be,,,
f8350ebc,,,
2c9f00e5,,,
c400582f,7,3,
928b47f0,,,
efb63c5b,,,
aa3881c4,,,5
6328442d,,,
3d1299c5,,,
9acc76ba,,,
35df6e87,9,,
b4d0b679,3,,
3eb2b006,,,
9f7b2061,6,,
10c89fa1,,,
32859ffb,,,
045be6e5,75,,
8ac2bbf8,,1,
7c3a7b17,1,,
721f1797,,1,
065330f2,,,
fb45d57b,,,
5aba95c0,,,
7eb5f329,78,1,
da6eb344,1,28,17
fab8b974,,,5
1feb507e,3,146,30
e9dc7846,383,595,395
d20b08ea,5,1,
cd9b3291,,,23
16829e68,,,
7acf9291,3,1,
71e08b2d,1,,
5027441c,,,15
31b625a3,,,
03ae95e3,,2,
eed0c320,,26,
c3738d98,,,
3374b1ac,1,,
b4c04c1a,3,,
83cc342c,,,
d34814fd,,,
230c68ca,,,
208522b2,,,
ad581bed,,,
a1c2b84b,,,
8e7d357e,,,30
99754ca7,7,31,143
b8dc3cf5,,,
dac081dd,2,16,12
d085a922,3,17,46
6ca2091f,5,2,22
05bf2d68,19,17,48
92d3b5e2,4,,
be16c8a4,3,3,2
1e53ba78,8,6,75
212e5bb0,,,24
efdc4065,,,107
59c28bb1,8,6,59
de166134,2,1,20
e90e3c84,,,36
21a6374f,31,10,10
ddf42391,8,11,52
2b3e4dc7,1,,2
bf560545,3,,4
86f50adc,20,30,38
2118534d,2,,3
f6a56417,,1,23
4975140c,,,
90b6dbd7,1,6,
f9e80f84,2,,
2653e5bb,,3,
0cc0c30a,3,2,28
ef05341d,13,,151
2a0b2600,5,,11
8e796ca3,3,4,28
1eb9f7dc,9,112,59
a912609a,,,50
36bef977,34,6,82
29232033,10,4,4
dd2d69a8,12,16,223
bb81dac7,4,2,
791e4add,5,3,68
b95fcde2,18,,
b14e334f,5,7,
3d0bd8ca,1,,
b48bd8cb,,,
79d40128,,,41
c84d0031,4,,
76f33bbf,3,2,126
ad68eedd,5,5,38
d09f9c94,7,5,47
73365e53,2,,51
ae2c37b1,13,4,61
91305e4d,7,,26
12f610ed,,,
80f11e8c,,1,81
af700bf7,,1,9
9faddd05,,,188
6a80b2ed,6,,50
16cbef3e,12,,50
2b96e112,3,16,37
1feb7a1a,,1,
ad6a935e,2,,40
2aa76241,,3,88
a829dfef,24,4,
f585a2ee,14,2,
04f34ed3,,8,
21f72608,,,
4855582f,1,,
4c48f32b,,,
007c622a,,7,
7f1c522e,9,4,1
542600dc,,,
5a700598,,,
15ed775e,,,
d5f00005,,,
7a4b20a2,,,
8a7df009,,,
0aa888b1,7,2,
049475ec,,,
ab384d44,,,
1e3cad3f,1,20,
ceadf9a5,4,20,11
50c376c3,1,,
c565dcbd,1,3,
dc931f96,3,4,
69f6172f,,,
dedbc1ba,,8,1
1b9f08d9,1,2,
826bfdcd,,10,
9a367164,,,
3a03624d,8,2,2
7a844bbe,,,1
24b19640,3,2,1
e7581925,15,1,1
6c3884a6,,2,
e5097404,,,
134fe75c,,,
580fdcd5,1,,
953e1135,,2,
cafb21d0,18,31,7
2f3fc9c4,1,2,
18cb0eeb,,6,10
f331dcf6,,,
0beafad0,164,,
a257c66c,,,
74f261f7,,1,
fb49505b,,,
31978328,14980,87,
f03c9d81,1,10,
e4ddb97b,35,,
cf569f9c,1,,
f8d47319,1,2,1
09f11c04,,,
4c27d501,7,4,
8768c424,1,,
08632944,,,
edbbda5f,1,1,
efa4d2b3,16,3,8
36bdd84d,21,,
357dea3f,,,
59e9ebc3,1,,
5f267125,,,
97757183,1,1,
6e7895ae,4,,4
470f9b72,1,,
dbfb72a6,,,
0eafd769,2,,8
6066b336,,7,
09997a50,,,
2643ac3c,42,2,17
c6c66536,4,28,2
8914ff92,6,,
90a9774f,6,2,
525185ec,,,
5401a778,,,
32121030,,2,
56244f6d,,,
58fc1082,,2,1
7bcb8e48,,4,1
8f7edd23,,,
0013fd3b,1,5,1
80d067b0,,,
04314940,,,
7fc6a065,,4,
597cceec,1,,
776e8a68,8,1,1
b9fb5729,2,5,6
81cc624e,1,1,16
a94293f5,12,,5
d8b765c0,5,2,12
29bcd86f,,,
c4a6f8f5,10,4,
ecf812df,,,
adc8f1c5,1,,
c8a31130,9,,
68591aba,,,
9418fd9a,,1,1
35705324,,,
e624382d,16,,2
becf0f62,2,1,10
02026171,4,,
aac56f9b,,,1
656d79bc,1,,
5ab1057e,2,7,
e7d0000c,4,,
c959e7d9,,,
fb46f84b,,,
9a762763,1,2,
ad8f5749,,,
65b963bd,1,,
d6b1760b,,,
c86668ad,8,,
6b0f80d7,9,8,8
6ff6acf5,6,1,1
e89537ba,,,
a0713485,56,,
3e2950b1,8,10,9
e6949fd5,16,,
60509b7d,10,,
b8282012,2,6,
a1940dd0,2,8,12
83eeba65,,,
ecce54f4,5,5,
90568402,10,5,6
56df0274,,,
3bc46110,1,,
50a7e39a,,,
9a37e924,,6,
21d3cddf,9,8,8
fea5c4ad,8,10,9
bff94c65,,1,3
3f948ef8,,16,20
1a3a560d,,6,
3bd2dd34,1,,1
0f5ac119,,,5
6122e688,20,16,
a1858510,6,,
e17ee922,,16,20
155728d0,1,5,5
39942eb7,3,4,
252e9921,,12,32
ccbc3f67,,4,6
cb54c20b,10,39,50
ee32a2dd,2,1,12
791e34c9,1,2,16
8a6a477c,1,2,17
a7e66bb0,,,15
a8e4dd38,4,,
b2f0d0fa,4,5,10
d2cfd91e,,,2
d78a229d,5,,
7766079f,,16,
208def97,,,
48efcd7c,,,
843916e3,1,2,
6f061fe5,,4,
6b6e0dd3,,,
7f6596b3,,,
6487f52f,2,1,1
f6defe0b,,,
a06826b9,,,1
abedc669,,,
3765a143,,,
45db748d,44,2,3
1740aac1,2,1,13
3e4c4a3a,2,2,
8751ff62,4,11,3
8b930104,,12,
47e9a30a,1,,
756d91f4,3,,
e66c84b1,40,,
3775da66,,2,2
392d2a53,,2,
7699e6c8,,,
50eb4ccb,,1,
8c8c7896,1,,
8f9ff19c,2,3,2
26c72b73,4,2,
779fd55b,,8,4
56cc7ff9,,4,13
9062bf93,2,6,
efc75f97,,,
bb91f4e8,12,6,20
6950e2c5,,2,
35ca2ccd,26,1,5
4c376a21,12,,
5fd86618,,2,
f69200fa,,2,
07d29cba,2,2,2
a37ebc6e,2,2,11
acca5670,,,
638fcb8c,,1,1
9129e5e5,,2,
39524718,,,
c65fdbc3,1,,
6687d01a,,,
5fd69e2b,2,2,1
86bcc6fc,,,
73946cea,,2,
82c959fe,,,
ce8e7a22,1,,
249afc74,2,,
96437386,,,
c8131b02,19,11,12
86cc2648,6,15,19
2be34288,10,1,1
7ecd1184,,,
fc6a72e8,12,,1
1dc60fa8,,,
a0c67ad3,,,
61d7db20,,1,
1a518b59,,50,
d08271f2,,,
372a94bf,26,20,6
f8a94b99,6,22,26
445460f3,2,,
6addb1f2,34,12,2
d08905e9,1,,1
81b34a9f,10,2,
1d11559a,,2,3
f1dfc618,8,2,
cc343297,17,14,8
61ac739d,,,
5f3e5b82,,,
16eac2df,13,20,18
883fcd89,2,7,
f90d0797,8,13,12
1da5e0cf,,1,
2a29d59d,2,2,
bfbd39e7,,,
af28f2bd,,,
40ab4e48,5,15,6
b99b83e9,19,10,7
a072275f,8,5,7
0071d722,4,16,11
f9c1a637,4,6,9
02e459aa,17,2,
33c8b01c,2,3,
8485330b,8,30,17
95cf7a7e,,,11
90a75c93,8,,2
f39c916b,,1,
01c33a74,2,5,4
60199139,,10,18
b1b15606,9,,
f4f946ad,,2,
ba826a40,1,,
3b460f53,,,1
a7456bd0,11,3,6
c423bec3,4,5,2
02e6a77a,2,,
d8a45836,,,3
471a8d74,,,
61c6b005,3,,
28f3cd27,5,9,2
c9a720a0,,,
eeba07cd,,,
0a848bd9,1,,
6a279577,2,,
73836461,1,,
32e00d4c,9,12,
a5482511,,,1
b97963f8,1,,
f237e1e0,15,5,5
313f93c8,,1,
864435a7,2,7,
fd6e6dc5,,,
dfa60959,,,30
7e10a8b0,,,
be47eb2c,,,
9ede30c3,33,2,8
84f80c5e,30,,
af568193,2,42,2
75085833,,5,2
b1b0baa9,,,1
619211e0,,,
39d3234f,,16,1
d0186c29,3,,
dba37ce4,,,
1bfbc64e,14,16,
2e04ac2c,2,19,
31b9eb26,5,9,
b3cb0e6a,,,
ca5d718d,2,,
6162f3a8,,8,
d6da7d86,8,2,1
4b29948b,2,,2
85efe36d,4,,
7eb5783b,5,19,4
ca36f308,17,18,1
39b6a722,16,9,3
2e0a1563,,16,14
7218498c,5,2,32
a1cecc41,6,,
01223bd8,,,
d87ab445,14,16,
5a2e0bc8,1,,
43a8a984,1,3,
f50cb148,,2,
4e32ac77,,,1
e3dccb37,1,3,8
caf4fc4f,,,
00444687,,,
fe6043a4,,,
eefaec72,,,
130a4f83,,4,
bf0fb34c,19,7,4
8b5f8e09,,,
1baad1a2,4,,
2cd9a6a7,8,,
83c496dd,,,
581bda32,,,
b4cf74aa,6,3,2
57b068ec,10,,
6136894f,5,,1
5add8641,1,,4
82471923,,,
133ffd3d,,,
7002f6ef,,,3
f7bcd871,9,12,5
52bef673,,,
42eec0d2,,2,
31d35bb6,8,1,
8e124bdc,,,
170f192d,,,
147609aa,,,
824a535f,,,
997ea518,,,
ebdcde10,,,
444e072f,,,
2459638f,5,5,24
160a3a23,3,1,2
dd05d2a9,11,5,
2eabf213,18,7,46
406d0d58,371,437,366
f0943b86,7,5,
35fbd05c,21,4,2
6506c4d1,4,,
6fe6d5c2,4,1,
1404ead2,1,,1
e69bcbf3,11,2,
5e2f597c,,,2
d982bee5,1,,
c1d642e0,2,8,
1d10f562,5,8,11
19d31297,,3,
5cf56124,2,,2
76067938,,,
6f169ccc,1,,
f2055926,,,1
a45095a3,7,3,
f6e694d9,4,6,4
50be29b8,8,,6
28bad546,6,,7
5b96fd5a,12,21,26
4fa05681,6,3,
ae8b5739,,,
e231a8d4,,,
0330f712,7,2,
da4ca2f9,1,6,
7396830c,,1,
0f3e338f,,,
aa602bf2,,,
54ce130a,10,16,12
2b769e05,,,
9e63a9a9,,1,
d1d18c94,1,,
b7878163,9,20,
d32629fa,3,,9
e477a218,,,2
2bbd22b0,5,,1
33581e95,,,
c61612cd,239,4,
1365550f,,,1
074d64df,7,23,2
633d5943,3,,2
f0859c91,25,,1
017a5145,32,11,35
4cd9ad88,,,
9bfd9e92,,2,
9b9e6889,4,,
4ebac77e,,,
fd40e3a9,10,2,6
91634b6c,73,2,1
c0f9bd6b,16,8,5
6b3d0ce8,10,8,5
f5d4b63f,37,4,
36abf917,1,,
4ce0db5e,,,
a4bd0dd6,,,
d04f8d43,20,34,2
c9413a37,,,
960729e6,,27,1
ae42810d,,3,
bc8d4dfa,,,
043e4f75,17,,
7a8e4a86,,,
7c886b3a,3,9,
765ec48a,,,
2fceef62,,,
c50a9458,1,1,
fa525048,,,
e9d5cc93,4,,
961b89eb,,,
69ad96b7,2,,
4dfc9218,11,1,1
0dbf979c,,2,
9857139e,1,9,2
92b1048d,,,
feba326c,,,
b7bcb4eb,,,
5efaa21f,,,
d980bcf3,,,
d96e425a,28,11,30
9dee58b8,2,1,
fde657f5,27,9,6
45009518,,,
c1a62df7,5,,10
b76ffbea,48,,
ba9aa6be,6,2,
8008df3b,,,
6fb125be,16,2,
be52ad57,40,,
0bc1a0c0,1,1,
acf7e994,13,2,2
ca5b0427,,,
85d2e689,25,4,8
a52dd72a,10,4,4
f877b715,3,,
01206520,5,,
a526a037,1,,
954fb51d,,2,
7ab7f865,4,1,
60a4fc58,1,,
5d1830f7,,,
3c7fe205,3,1,
9c9cb7da,,,
410a86e7,1,,
d8aed8e6,3,2,
e0d14af3,,13,
8e98c0f9,,,
e75a4219,,,
cc85d09a,,,
0be8ed78,1,,1
ff722c80,,,
08ea2736,23,20,31
7a6f520e,,,
807bf518,1,,1
59dbf4ea,12,2,4
dec6db5c,23,,
b0cbbf5a,39,30,5
f25703b0,16,,
54a6c770,,,24
21b1788a,5,,
372aa2bc,23,3,
1d7e8094,6,3,2
f75fbdcc,,2,
ba0c31c1,,,
bd0f0134,,,
e31d42fe,5,11,
53a2bbfe,,,
15b7359c,,8,5
59bf3c9e,2,2,
c7151bee,,,2
b14568dd,1,,1
e23af4d4,,1,
2769e8fe,,,
4e9879bd,2,,
b9e7802e,24,,
f46a285c,22,,
457c2bc7,,,
3bf99377,,6,
72a25f66,24,1,
31eea6c6,,,
d9bff98a,,,
ad86ba28,3,,1
70087c1c,8,6,4
e025e50d,2,2,
ec36ee10,,3,2
f3ea6b8c,6,,
62dbc59f,4,1,1
403eedc3,,,2
067c6a6a,1,,6
0713c76d,,,2
45feb0e0,9,3,6
529b8458,2,1,
190e4d8c,1,,
6b97b7b4,5,2,1
419a8d3f,1,13,
90c5b3cd,1,,
47ab2d51,,,
9e8aa945,1,,
e8dcf56d,2,1,7
dbf40d91,2,1,
7d27d547,1,,
e860c9f3,,,
9b424fd1,3,,2
15cef0c1,,9,
567ba59e,1,,
00ca4574,26,1,3
ff2ca013,2,2,
e6c79688,112,,
507e6942,,5,
9880403b,3,7,
54c7c703,3,4,
8a1f32cb,,,
7a1afaf1,38,17,
0896afdf,5,,
79821ec7,3,19,2
2539c786,1,,
b3b6b1d3,22,,
2f93b781,1,,
783fca80,4,5,1
b2a15466,,4,
cd251bcb,,1,
decf2b13,,,
835a7397,13,9,
0cc8b996,2,,
86aa9f06,35,20,1
79f5075f,,,1
2b0034fa,1,3,
cc5366d2,21,4,
dd22f090,,6,
3b5931eb,10,1,
51580809,19,5,
ea1dee6d,2,4,
a3df0355,164,8,7
0cad3f74,3,,1
c4908694,44,12,17
9d265ad9,,,
4ab92055,189,9,5
b59f363f,,,
76a98379,,,
d8f98873,,1,11
a990ff73,1,,1
7579aa7a,,,
93f3c9ed,,,
fe2df244,,,
5016694c,,1,
92cd0cca,,,
83c46e7a,,,
f26b23aa,,2,
c9eb4073,,,1
665f7129,,1,
3c7ed82d,4,,
da6c4928,,,
758d908c,,12,
54a16dda,6,,
c8730f9e,,,
60fabfb8,3,1,
ec5a8f11,8,5,2
96bf55c5,,1,
4fa019eb,2,1,
6e544964,25,2,
76357ba7,,3,1
764dc1c8,26,,1
cce57e79,30,13,
ae758e03,96,88,2
9e56171b,,2,4
d024c506,25,46,
6995e685,,1,6
7603bab1,2,1,
b8426562,96,,
8f481771,2,,
f1970452,,,
7eefee3c,,1,
20ffd6da,3,,
e0dfd519,51,,
917b46b8,,,
42855c53,4,,
d13f68f9,,,9
f765a770,9,,
aa476d6a,15,1,
e0e16aba,14,4,12
ce1cff2c,1,,
a8c3b26d,,,
595d06eb,5,3,
3b9b6818,78,,
1101d3ff,,,
9dc16bbe,1,,
007bd95b,,3,
f99a2cbe,,3,
fa586491,3,2,4
c399bb5b,,,
6005ac6c,11,24,3
08d3526f,7,,
bece04b5,3,5,1
3bb7e198,,4,3
1161d53a,,,
68f5f795,,,
1548d634,,,
24e4d09c,,,
89227baf,2,,
a62c8082,32,4,
09c626ed,,,
a0069d29,23,,
1af87fe8,1,4,2
e8959ed0,1,,
776dbe60,10,59,1
4ff74fe7,1,72,7
e2767415,32,2,
fb8059d8,,,
83779d1f,,,
08a93dd7,,,
c9c7b8d8,,,
963e8a39,81,26,2
d8bba041,,,
a2504dc4,8,,
99d4056a,5,3,
10165243,,,
ee75797a,14,19,2
4135d369,2,1,
557bd513,8,,
6e66293b,11,3,2
b9a4d753,6,3,12
f7382c77,1,,
bc8ae3f1,4,,6
bc9b186d,,,
5e983f30,1,4,
85cc9fd3,12,,
4c88a393,17,15,12
cc58fac6,22,,
7a4dbb34,2,,
ae184374,3,,
5fe4eb68,8,1,3
2b923388,,,
ecfa6f67,17,65,
31149b43,1,,
aa3ae3be,1,4,3
6510d480,1,2,
0b11aaac,,1,
49eb0f4d,9,3,
26eace75,10,,
60b819dc,91,4,29
52e80110,8,,
6d877d92,2,3,
464b0cfa,47,23,4
107f0ade,27,2,39
dfc51048,39,1,27
c1994680,,,
525b9e54,8,,
7b176de8,30,15,4
92d87c98,,,
84f2f1c4,422,211,3
bf177f50,,,1
41301671,4,,
81abc086,,,
9dcde66a,,,2
28ad89ad,,,3
ecac7768,,,1
07ab8b8b,1,,
7bb7ca9a,,,9
51ce6ddf,1,,
2fdf6321,,,2
cc36cded,,,
bd4ca938,,,
1e229a23,,,
1064c5d8,55,,
e019451e,,8,
13d60bc2,,,
de9ae15b,,,1
8011045a,2,,3
fc666e2d,,,
89fe504c,3,,
db6b2b69,,,
f2242dbc,5,,1
f51d8fa3,,1,
f7c152e1,2,7,14
51429629,,,
9a351e61,,,
52f8d08a,1,,
654a760c,,,
b0193125,,,
314727b8,1,,
0ab2a588,,,1
69c6b939,,1,
9fe3f63f,9,2,2
d5ae395d,,,
e85b9465,,,
2be6eaab,7,5,
889fd402,,2,
e40ccefd,,8,
db597764,2,6,2
a7e1248b,,,
d2459d24,,,3
d5481a89,,,4
ada07d6d,,,
bc763c57,1,,
7eec09ed,,2,1
4f08e59a,1,,
0361f84d,7,,2
8d5659ad,19,11,
59e0fa70,1,5,2
feb65a5d,50,,
d4e7d7b6,2,,
8c535423,,,
3da9b56d,1,,7
46c545d7,3,2,
a7669486,,,
f280c64b,7,3,
7827f648,8,2,
77b68bd4,,,
4327836d,,,
a364f165,59,,
4d4704e3,,,
d1000f80,,,
21e01301,,,1
8634dfaf,6,,
52694674,1,,
ce124724,,,
749abea7,,,
cdc0a08d,110,3,11
8cc93151,,,
36d07cff,89,,
8d874365,,,
451329ad,,,
179325f2,29,8,
99c2135a,,,
7c773aad,19,,
3d812f0b,6,28,1
e9f938f5,1,,
b0aa4a41,,,
ca176c94,,,
1a22643a,,,
cb140e39,32,,
0f400b0d,,,
156690e4,,,
5e9171ed,4,2,
fe6576f7,,,
3d6b39c2,,,
5744fecd,,,
1fff815a,14,4,
3e6a1dff,3,,
93a4d360,,,
18fb2a20,313,,
c2baa95a,1,,
33ba073c,38,,
3f72054d,,,
ff2b5c08,,,
706c81f7,,18,
aba87338,,,
507da39b,9,,
49791e17,1,,
730a302d,2,,17
b01348bb,,1,2
63bbd7b2,14,,
7fb563e8,,6,2
ee0a5957,,,
a9c5facd,1,1,1
2ab9e938,5,6,3
6e11793e,2,2,
e09a9e3d,1,1,1
f44ab11f,22,1,
4424ba34,,,6
5aee9aff,,,
5c2ee466,,2,
21e01b8f,,,3
e98dd10d,,,
0f3b2f22,,,
8aa1ffe7,10,2,1
c888c6bb,35,5,7
80fa49a2,15,12,2
0c5eab22,6,1,
50aa85db,2,14,8
965e65f7,,1,20
3be93d55,15,,
61e6a48a,15,,
03afbea9,3,7,10
a1b8356e,,,
bd6ab7f3,2,,
26b9a4da,2,,
e2e3183e,5,1,
254bde6e,2,1,
d59c3da6,51,,
c1bce61b,,,
389a8687,1,,
3634bd38,7,5,
46fa75fb,2,,
d5bfc481,,,
30dddd15,,,
54577cab,15,16,8
4f95e6ed,2,,1
e5a6ae44,,1,
4d4a0737,,,1
5383fe9d,,,
c7af9281,1,3,
25fd8b3c,,,
1354c73c,,1,
7cc5d5d6,,2,
f4c4b50a,3,12,
a33efc80,2,,2
cb72618c,,16,
309d177e,,,
c1ccc3e2,2,1,1
06e76c06,7,1,9
a2f0856b,,,
acc41e10,6,27,
5abb71a3,9,2,
68cc7d92,8,10,
6de50d39,10,11,
b7c9182e,7,9,
f2aac46b,,10,
76cb1603,1,,9
23469032,2,,
066090e6,1,2,
d7b563b0,,3,
01b3c9f5,2,5,
96032ce8,1,2,
bbb0cffb,,,
c9547ca5,31,,
46b4996a,11,2,11
188d2dd3,6,1,
8b78348a,4,2,1
9203df39,1,,
3ec06207,,,
5e647120,,6,
726047f8,,,
ba8284bd,,39,
02a6ca4b,,,
e6f43bf9,,,
e630857e,93,7,7
57fe4b97,2,3,9
3a0ce249,11,,
86812e5a,1,5,1
1b909536,,,
4541b6c4,,,
f44e4418,,,
82d26584,7,,2
200c8294,,,
5773fa27,2,,
3cd12b26,,,
a36dbdaa,31,10,6
4e65ce73,1,12,16
02eeaf91,,,
a3a6f115,,,
51a41aae,,,
60ddd24e,112,,
577ff976,,,
fc5979f4,16,24,4
1d10d273,10,,3
3ef22907,55,1,
7d5825f9,7,7,1
5c0fcc82,2,,
5089436c,,,
548f8698,3,4,14
ca91565c,,1,
24dbee52,64,9,150
4077f601,,,
091f6b3a,,,
439d752b,6,4,3
24f9088a,,,
4347ab06,,,
ed38ec2f,4,,
fe4882f9,,1,2
fa351948,,,
97f00f81,64,,
23e2a99b,2,,
2c1b904f,2,4,
d6acf745,1,,
cab6f3f0,11,,
96059782,4,2,
e2ba499f,,,1
8662c558,1,,
06cbdb1e,52,,
813d6929,12,53,20
75225d64,12,20,19
6d9be3db,40,,
98db310a,11,,1
c50f528b,1,183,2
525c016d,2,3,
1cac97e6,,6,
7e9e59b1,,,
3cf8d5fa,2,1,
901f4f7d,,,
35e66964,18,1,
77eed532,,,
42422ccb,,6,6
63c7f635,6,2,6
ee40820a,11,1,
f39ad80f,,,2
a50cb403,,,11
034bd999,,,
2c054198,,6,
250b3d6f,,,
1977a32e,,,
5cc3b0b3,1,,
94225aae,,12,
a86e3662,,2,3
7adacdf9,11,,
a0fdfe99,,,
4367e2ad,6,4,
683a0e28,6,,1
7a2d19a4,3,2,
e17759dc,,,
39006592,,,1
4e23ecc8,3,1,
561e5058,6,12,25
1787c68c,6,14,4
d4f53a98,,,
f594440f,3,,
305d4749,11,9,3
11ca41e9,27,10,11
ae80f640,,,
91c10473,7,1,2
1a7e408c,2,,62
d72c700e,17,14,6
cdee39b8,2,,2
3962aabb,,,
fb16503b,3,,
1d75b660,,,
70183762,57,,1
16ddbb5f,1,,2
ce5be991,,,
94ded5e2,,2,
dfd0f7de,4,1,
38ef7e8a,2,4,1
30dccfb7,3,,
49ae40b1,1,1,
2c5657b1,,,
b5b4b40a,6,1,1
8cd024fe,36,2,16
94c047c0,23,18,
323b4815,,,13
6bff760c,,,
ea4d8f3a,,,
d26ce6c5,4,28,2
4d38b167,,,
5b4c81e0,9,,42
04bb5f70,,,
1b23f4e0,,,
9eecc5ff,,10,
56790c18,,,1
95c35d3c,,,
b9358ae9,40,21,5
d902c949,20,,1
2b583086,1,,
31046a75,,,
7ed2aab3,,,17
20e02b70,6,,2
ed528dd5,2,,
a7f1729a,,,2
05ba41fc,1,,
eff8acee,,,
50d906b9,,,
5d20cd63,,,1
f4cdd87a,356,,
550c3b9e,,10,
7b513c2d,,10,
9eed0631,1,1,
1678fdb0,,,
b656eca1,8,1,
68f3baf2,,24,
7bab537f,,7,5
3b4e1a6e,,,
44cc8b95,,,
2d33ed7f,,,
ec452d24,220,,
843f8d8f,4,1,8
fb807d78,1,1,
f27e2690,32,27,9
66b3ca82,13,,
e3ec650d,4,2,
1ef9b7d6,,1,
7ebdd576,,2,9
60f83464,2,,
ea2b4743,,,
bd3d46ff,7,9,17
2f4db4ac,2,,4
12c2f68b,1,4,
6316d5ee,,,
b8bdd426,,,
2f830e65,12,48,70
0a3a6d9c,7,2,
707f3a27,4,4,4
83504453,,10,1
70455d39,,2,
5676e86e,1,,
9d782cc8,,,1
8395dcbd,131,,31
cec7952f,6,1,
a4944fb7,11,22,10
fefd98f3,,,
42d8301a,,1,
4df8c4ce,,,
397b9934,,,
b145ddc1,,,
113dea14,1,,
3c8b80ac,34,17,
a1ebd775,,,140
66a4a82d,4,1,1
f8144b4d,,,
17f6cb8a,33,,5
6d31346f,3,3,77
535653a2,1,,
a331fdd7,,1,
29e1378b,,,
267e41fb,140,,
2daad4cb,195,,
543c2e92,2,,
0823847e,13,1,
de8eeba9,4,,
222448cb,,,1
a122d63e,,,
ae671eb9,,,
9657adb9,,,
da2e687e,4,,
b0abc289,1,,
c9830858,,7,
51a457bc,7,,
720104e7,14,19,46
e86741fb,7,,7
b9591738,20,55,8
7a155b57,3,1,2
24449864,8,,
1b1943f6,,,4
026ec0d4,13,,
22fc7ff2,6,,1
2c6e1366,2,,3
eecbe53f,8,,
806967c3,,,
7806203c,18,,
a7a666c9,,,
d58ff32e,1,7,
2bba62b3,19,1,
81c7840b,,,
f25158e0,,14,8
a3bbf1bc,2,4,
a324899e,,14,
381584a0,37,2,
e25ea225,,,
1e209048,,,
49dee297,21,12,2
732d54fa,27,2,3
46156c9b,,,
3e82ff72,16,,
e8370c5f,,,
320501e0,,,2
edcaa941,,,17
afce4949,18,,
883202c1,3,23,
e0c54a1b,,,1
01ffe90e,5,,4
c27eee83,1,3,
01a5709c,5,,
95866063,,,
674fc65b,,,
b8222756,1,,
b55bf940,,,
23aa7906,,,
ca0537e0,,,2
996313a8,,2,9
4e186093,3,12,
27138179,,,
7d779571,15,10,3
422653c8,,,
7c3778f0,,,
056b6449,7,5,
ffa4945f,,,
471ed984,3,,
81f0a774,2,1,
5bbd6db3,,,
00749f8f,,,37
ef63e4f4,,,
abb83669,,,
5bf08555,,,
0aaf6279,,5,1
ae7bc782,,,
9d410869,,,
25628af3,,3,2
bc5fa6ee,37,,
d0f4023b,,,
e55f2b58,,9,6
5a212334,1,,14
8fce2b3f,14,8,1
556976f8,,,
6fcf6088,,,3
2c072704,4,9,2
735c50d1,,,
f9318924,132,,
3bda9bf9,,,
60262d5b,,,140
484ed184,,,2
41da518d,,2,
cb2d3860,,,9
17969e18,,,
ea728eaf,,,8
8f95b6b5,4,,
852dcdc3,,,
3d38931c,3,7,2
e53f74d9,2,3,
e4da692d,22,2,2
0af256f3,,,2
5b5b107c,,,
66939aa3,,,
eca25fd6,,2,1
ce4a11c5,,,
302c4a03,1,,
6a8de597,,,
a3192ae7,,,
72b2f750,11,4,
163ac499,2,,
06889154,1,,8
223faeec,2,3,
206ae78f,,,1
097aa881,29,6,3
9db1ad6e,,,
b041be51,60,19,4
36048c35,,,
2f2090ba,13,10,4
d5de86dc,12,5,13
4b9da914,,,
909420f2,3,,
03b79658,10,14,
f8cdf188,7,,
6dc1da63,,,
12063398,19,1,3
287bc67c,,7,9
c72ba765,4,,
e3676a6b,2,,1
99d7ce05,3,,
2b7e8589,3,24,2
f7a1c2b0,1,,2
6fcc6652,,,
f69e0d23,,2,
3decb920,,,
507347f2,,3,2
b17c9e85,,,
7cd8c61f,14,,
48cc5df9,2,1,3
268b89eb,,13,
aa1f8216,,3,1
c6de7a5f,29,,1
f54e659f,2,,1
f956ac11,,,2
c50a8e8e,,2,
f29391d6,1,,
b2f58458,,,
95a474bb,3,1,1
f67e430a,,27,4
2a561b1b,5,5,
2383c0ef,35,16,
73c5fc6e,24,5,
c29d8ae4,21,4,
8d3f84c2,,,
31fc73e8,1,3,4
9c7ee3dd,23,8,
2914956e,16,4,
726b42b0,1,,
d8d8ef52,6,,
cbfbc3b7,,,1
10755664,,,
b89023cb,61,89,9
caaae1c7,1,,
6ddbfccc,,1,
c22cfd1b,3,,1
b5fe5675,2,,
4c935113,,,
234b26ab,4,,
8defea18,,,
f63606f9,3,6,
1278d9c6,69,,
ec3c0062,1,17,
a7b281ed,1,,
196e0bbc,,,
211d803b,9,3,1
b37e8497,27,1,
71b9c3f4,11,1,3
8b5f2e0d,,5,
9745076b,84,83,17
3e537c1c,,,2
6f84ad2c,9,,6
eea6e7bf,3,2,
2837f9fe,37,298,8
c6aa1e3c,,2,
4394fd2a,3,2,
0fd5af56,,,
f5fd39f5,4,,
9b1de119,57,35,3
c06d0ad4,,,
aac333b6,18,174,14
c321d666,,,
08fb8bc1,22,3,
75ac5fd7,6,72,26
77f56b0a,,298,
99091e88,26,2,
3daf3f9a,2,,
5dc1f62c,,,13
6d2ff1d9,73,42,5
034c881e,,,
79a6e897,2,2,2
d099e2b6,2,,
53921947,,,
64f16597,15,4,3
c98da2e6,4,88,
57670278,,13,4
bd5c0d6c,,,
7abeec86,,,1
bd4ced02,,,
5ea28885,,3,
660ff323,,,
f2e25e25,21,,
1435b804,114,,
fcb4a1b8,3,,1
a63efb28,,,
8124eb56,140,,8
0e9af8d8,6,,
cf4dce06,10,,
f9736b98,11,99,16
d446df59,,,
872d2894,,,
aaa31fda,1,2,
83cd3a4f,,,
7ecaf592,76,,
6ee12c7a,,,
d08ed948,17,24,2
2f345c3c,70,87,82
186bf93f,13,6,
f14a101d,,,
18a39333,,9,
ffe659d2,,,1
d94b5bf4,,,
f1d53007,,,
64db350d,4,23,1
c4ac9f1c,2,8,8
67ccb7b9,10,,
620820eb,10,,6
0c60dc3c,,,3
b5de7f6c,,4,
7df4faca,,,
64c42745,,,2
c88a4a8a,67,,
a7676203,4,6,
c660cab4,5,,31
e4916cf1,2,20,30
b49c1296,3,1,
99335d2f,4,6,
6b8a5f91,,,
b138010e,2,2,
11fc7c2b,,,15
85ea2911,49,111,22
00dbf54a,12,2,
0e1b915c,2,31,2
d30cc68a,21,7,3
dcd0f8dd,4,,5
0b048ef0,,,8
4a065e38,1,7,1
08bab65f,39,5,1
e5a1fab3,,2,
b00fc801,324,3,43
622cdb75,,,
f4cace55,,,
64983456,97,,
d725feea,102,98,40
b0fbb128,,,
97181ffb,,,
8870f03f,1,,
d35febe2,,,
7f888357,1,,
dc850b69,,2,
83e45164,4,23,
3b89bebb,,,
27f1f61e,277,,
0b76a315,,7,2
997fcecd,4,2,
211010cd,2,,
025874e9,,2,
2a4a1074,,2,
09710208,1,,
1ed32d48,,,
60abb1cc,4,7,18
550c8c54,46,4,5
c3e76e44,,1,
9edd2660,,,
60dcf63a,,,28
75cdf169,4,6,
ad738e39,4,21,5
7d537203,7,18,2
ad96fd0c,20,,
8f616220,2,,
1069aa56,,,1
64b32d8a,8,,
312e0a94,12,,
61816638,,3,5
6055146e,4,13,
73bc6777,1,4,2
3ba2abcb,1,3,
6aa742de,,,
055ca910,,,
5589a2c5,,,
0fd75ca0,,,
ef9505fc,20,,
46f185a0,,,
95f6ef1f,1,,
3d52e50b,,,
29d80d96,,8,
57a4677c,,,
58b25281,4,,
edd8c685,32,,32
c24d831d,,,
d2eebdb1,1,,2
4fc7c376,4,11,6
89adf402,,1,
c8d9d909,3,15,2
964bbeb9,1,8,
bc3d5580,36,1,1
956d3d3a,6455,41,22
6923b5fa,3,18,15
5560bc10,87,4,5
d2576e96,,,2
ea947ffc,,,1
4fbef9f2,10,15,16
e2899b35,3,,
0ae2d4fe,899,109,11
a961ac31,,,2
5dbd4426,8,3,
dab38ee0,,1,1
ecfd36e0,,,
38d9403a,,,
284c5aeb,,,1
2585c71e,11,,13
70453cba,,,
c92fa930,,1,
7a95b215,1,2,
9f9ffca1,,,
4b454d96,1,,1
04cb0bd4,1,,1
2969926e,,,
6371dceb,,,
a902488b,,1,
63073cc3,,1,
d0686eca,2,,1
06eab020,,,
825c1ac5,,,
830e0313,,,
d30089cd,,4,5
f5a7c1a3,4,,
5fe70b85,15,1,2
e79151ac,2,44,
616b0430,426,,
b5119bde,,,
988c4914,4,22,
361267e2,,6,
65d41f42,,,
4d3387cf,4,4,
81eedd44,8,3,4
37fa1d4f,6,2,3
9522d865,,,
c001245d,7,4,
4de5e390,1,,2
0825f346,15,5,2
5549d365,15,4,10
7da1a643,3,,3
6363cf97,,,
91868c0f,,,1
07cbb899,,6,
928a3fad,4,4,2
b5d39b05,2,,
8ecbbcc0,,62,
3318bf8f,,,4
dae49d1c,12,,3
d0026766,,,
414b26b3,2,,
f4f4caf0,1,,
d6b8b507,1,1,1
af519469,1,,1
f8a62a7a,,,
2b6570d8,,,
de780358,,,
17c363a0,,,
d6d9e531,,,
dcaab87e,1,2,3
aadd54a4,1,,8
2769293f,6,,
b2698365,,,
87fa2e24,,,
13ac2cd2,15,,
db84b657,,,
f1569d50,,6,
bf3b770f,83,2,
756dd645,,1,
b3b3eca7,4,,
e767cfd2,,4,
2789a742,1,,
8fe3740b,8,,
56967521,7,,
b508f5c6,,,
395e998b,,,
1a089b80,,,
83dcbe24,,,
7476dde5,5,,
1c7c2696,8,6,6
23f4d6f3,2,,7
b6b9d053,,,
718bad39,,,
c58ed034,5,,
5828d379,,,
d527a39f,15,9,
0bec11da,4,,2
51234d75,4,,8
05362312,,,1
dfdac944,,,
270fb44b,1,19,5
4264ac9c,19,18,
31a2ff00,1,,4
b21e6356,4,,2
e3eb3193,,,
3c39c3d3,1,5,
5469124a,1,13,
ad26795b,4,8,4
b90d3753,,,2
fe758695,,,
a7acd14f,,,1
ab3bd3a7,1,,1
eff54782,1,,1
a7493e57,11,3,1
dbf570f8,,,4
cf6c470e,,,
e642d934,,,
117a7cf8,,2,
457b295e,1,,
5416b3db,9,,
8fefc2db,,,
6d5ee971,,,
c8f27603,,,
d54d130f,15,3,5
bf3cbe74,255,35,1
5e5a6d2a,,,
56671025,,,
8b5c2b45,,,
6acec39b,2,25,21
74798fb2,19,,
6c37b4b4,8,7,
10c62d7b,,,
f1dd5f59,3,,
1360e120,,,8
a9e38e42,,,
774ebd4c,4,,
87276925,2,6,9
9413cf4a,14,5,3
7c603ae3,1,,1
b367e8a0,,,
ddd28093,,,
4569adf3,,,
1bf14f98,,,3
94d8950f,4,,
8285ea5d,1,,
e96330b6,,,
4453b1e9,,,
d1cd1051,7,7,26
2ebe4b2f,9,1,
0f665880,1,1,
58053891,6,2,18
559a0744,,,
2f4cae37,7,3,3
c5145ffb,,,
005d2636,,,
cceffaf2,,,2
f397b6a9,,,
466620fa,,11,
80b8cc52,,,
1e8985b9,2,,
ecad59d9,,,
4d14578f,6,14,1
78b0172b,,,
f120240f,,,
13525d2e,1,1,2
0805113e,,,
9dde2406,6,,10
6b5fbaa8,,,4
19ec9dd7,3,2,4
7021c4ef,,2,
5c8e33ab,,,
c4e15b8f,2,8,5
f61b8474,,,
8fb836eb,,,
d55e4980,2,,
48a9f33b,6,,
093c9173,1,,
0092825a,,,1
c58f5577,,,
a09c2e1c,,,
c3e283e5,,,2
b0a5ff44,2,,
9a5e97e8,,,
61e205c9,1,31,
5809efca,,1,
a13e0216,13,35,10
87df707d,2,15,1
8309c299,,,
30aae4f2,5,1,3
2b295dc3,2,,
d9df723c,1,4,2
81633125,2,,
1caee417,,,1
3ba8913b,5,,
ac4eddbe,,,
f472da48,,,
b10c01e2,,,
177a182b,4,7,10
ad3640c6,,,
f6c76b73,1,1,6
46d4eb45,7,5,13
457462e5,11,,
f681eacb,1,,
4bef95a1,,,
6e1f1fd4,,,
798be897,26,22,4
46c620d0,30,12,12
c1b14ee2,,,
f7af1268,31,,30
e6715f52,,,
ee1dc95f,1,,
483276e6,1,,
425f9434,,,
88564fd2,1,18,1
41ffe5d7,,,
e6b0f8ae,2,,2
cc0d96ec,,,2
f725415e,3,,
c8d9b916,6,35,15
cf718c58,3,3,8
c1992175,3,11,9
58c90ae6,12,16,
c7b17ced,4,,
bc47900d,,,
e69b9484,,,
69817408,2,,5
a6339e3b,4,,
61ce6ccc,,,
00bbec0d,2,2,
c87142e3,1,,
df76d9fa,2,3,4
1e894ebb,12,6,5
ef80c224,5,6,23
f52ed9ee,1,3,2
e3b22f92,,,
9246aef3,14,43,8
3295847a,,,
dc5f8068,1,,
3ab5ad4f,,2,
892f2a51,10,59,2
859a3816,,48,
e6d92d23,1,,
6739a534,6,29,1
d3abdd9e,,,1
bee56d56,,,
fdff38be,16,5,
b1e632ac,12,,
ba41093b,2,,
7b42834a,1,29,6
1ef7f793,6,29,1
75214c92,,2,
205d7fdf,1,,
6d60ccc7,,,
f7fba870,,41,
b2b80b63,,,
a9d192cb,11,42,14
53bcea50,14,42,11
65b86a4b,2,11,
a0753a61,8,2,
c6f8f203,4,1,
44e73ae5,,,
6c3eec59,38,,1
294ae439,,,
926b756d,,,8
6b57b0fa,,,
ef2231db,7,19,5
aed324cc,4,13,3
ac41a695,3,8,
ee8f585a,,3,
8bd124ef,52,,1
e7eb1829,4,1,6
6febfcae,1,13,1
5ef30df1,,,
2abfb185,8,,
b146e2bb,,,
a73e9bcc,,,4
fd6ff6be,4,2,
f4bfb429,17,3,
c320dfaa,1,51,1
e7c525b3,,,
a7aa10dd,,,
c2fea903,5,,5
babe3c20,,,3
770b137a,,,
a6cec8bd,,,
49c77566,3,6,1
5c0b425d,2,,
3ee8e542,,,
fc875549,,,
3f70b40b,,1,7
c0941991,,,
e918d249,3,,
5d1e9327,,9,4
42e0ea4c,,,
6f63c9bb,,,
4d5835c4,,,
e7aaa9ea,,,2
e249f4cb,,,
c2bfa2e4,,,
8af53637,,,
adfdb1b4,1,,1
349fd22a,,,
2e28ed5b,2,2,2
dd96b493,,1,
9a065fb0,,,
d3711b89,,2,
0f935923,4,,
e3e2b852,7,,
363b1a23,4,5,10
4cdf3278,1,,2
5098b1d5,1,19,
fe9cc731,,,
036ebbac,9,13,4
2e52abd3,,,9
8004d22b,1,,
36fbe99a,2,1,2
35db821f,,,
2b8393de,1,2,8
e4b62b62,,,
efc3bcd5,12,159,960
e7549e36,11,7,4
819f65e6,4,1,
080f4ceb,,,
62a75edc,,,3
c9fe165e,,9,
3e4287cd,,,
5381a664,,,
b62f5109,1,2,1
c34f758b,,,
66268769,1,,
c9ecc9d3,12,6,3
3a8101d9,,2,
f2674a68,5,31,1
6d1a2809,,,
e3430e6b,,,
638ea92f,,,
6edaa99c,,4,1
aeb7280d,3,7,
babcf312,,,
48ec1301,7,11,
f9d6b349,,,
280115ac,2,15,8
364fb82d,,,
7040d5d3,,2,
09676177,2,2,
fe561b05,,,
b762524d,,,
dc85ef84,1,1,1
dda9d3f7,1,31,1
6c0d45c5,10,28,6
4262a5d1,2,,
35ee006b,,5,1
c8a557c9,,,
9fcb76a3,2,4,1
990c74a0,,5,1
5bb0c619,,,
f1d94e8d,1,,
452cf9de,17,31,13
99a10191,12,22,16
2894bf82,1,9,1
a090e4a1,1,9,
95616b5e,1,,1
8320c63d,15,32,12
8ee7b136,14,31,9
04af674e,,2,
993e2cae,5,,1
8bd8c25e,2,17,4
ec644e95,5,25,5
86cc1efc,1,,
39fbaad1,34,30,54
67445d6e,8,24,6
4b5166a1,20,20,16
3fbaf56f,6,6,
ad3f05dd,7,16,8
125228dc,1,3,
1c10d149,7,,3
bd5b63e3,2,5,1
56c28b32,,,
df76e2f9,28,16,87
509fe0a4,22,26,31
6a25cb51,91,15,3
999a06dd,1,41,3
6ccbb455,29,57,20
697576a2,66,1,3
4fdf7000,16,32,18
13bc6c9b,,,
9773a757,13,2,
e3bc0703,2,19,1
6499316b,,,
89b32f14,5,14,5
51eb6fc0,2,9,3
9fc278e1,15,1,12
4583e8bd,6,,
e899c115,30,30,44
48736a0b,15,20,24
3291ead5,16,,1
0b981c73,2,,
5cffe4f4,2,2,
a938a4e3,,3,5
6937f367,,,
ee91c474,5,,
91c77c07,2,4,
c785a681,2,4,
6475a214,,,
c458d996,,,2
b16c7513,8,18,6
dd6db4e2,3,3,14
c3aafce2,4,2,4
e6400c35,4,1,2
c74890ef,9,7,8
4211cf3a,,,
214ee7fe,8,10,8
803f44ac,,,
45c18d9b,10,9,2
9270cf11,1,,1
f48bbba1,,,
72ac0ffe,8,1,6
62cdc3e0,,5,
41aee888,,,
d84933a3,,,
9d880c51,4,8,
699b8557,,,
6caef547,,3,
b3804dc9,141,,169
9eca6cbc,,,
3fbf39a1,37,18,22
d2f36ca7,,,3
a104829d,2,,
395d9e81,3,,
c4ec873e,1279,78,
89be6226,8,,3
a054c11f,,,
b865e673,172,3,3
97963a74,42,37,18
b0b6cc83,,,
4c949e33,3,,7
a43e794a,,,
eff5674e,,,
cac16cfe,4,,
b293ed1f,,,
221de73a,,,
52aabe5b,16,24,116
bf08202a,3,1,4
5e083b83,27,29,7
f082dc3b,3,1,9
970ad12d,5,1,7
8263a182,5,5,3
e031f621,16,7,2
96e42b51,4,,2
d6627b3e,664,,
7ce09488,116,60,82
95e8bd25,9,,
ee071f34,137,52,37
bbab2ce3,188,45,25
b492c557,1337,,
a194b64f,,,8
dc5915eb,367,,
db3929bd,,,
,,,
