b083ed66,2,,2
70d88286,1,19,
596c6c0c,,14,
ac79d490,2,,
c19213ab,20,99,37
c3e7c0bc,,36,10
aa487912,2,,
814fbe0f,1,35,8
e09d6d79,,,
495c78db,1,,1
08a4cda3,1,15,1
c8c3a7dc,1,17,3
061885e9,5,31,
a9325201,2,3,
42af41d5,,20,7
7fc7136f,57,96,16
1d9a4272,1,,
487b9545,1,24,1
c83ecf4c,4,9,1
4b60ed32,,,
d11f6f26,11,22,3
ee0c2cee,,6,
5d2bf632,2,1,
75825cae,1,,
980b725b,,1,
be02dbe2,,10,
82f124ae,20,57,5
96c53e96,7,2,
284b46b7,19,13,2
2f6240ac,2,7,17
06d96628,3,18,34
0875ddeb,7,15,3
8c47a3e5,10,34,1
08fe24b4,7,,1
07647c2a,1,,
ba8fb6ec,,,
8119683a,6,3,
1f8527b3,5,11,3
e38e3a66,7,26,3
8250738a,2,3,
64fff8bf,10,42,3
57320981,1,,
18181ca9,,1,
d44d5d75,5,1,1
7947c941,,,
053d8319,,,
919409bb,6,25,12
24b3844f,,3,
6bfaf4dc,,,
be0f10e1,,1,
daa8082d,6,,
b2ed7d80,,,
51935ee2,7,26,2
7a74ec62,,32,
b054789d,,,
2f36da17,,12,
954be11b,12,6,17
624acc63,1,2,
418a91b5,,9,2
d3e264e7,9,35,5
6732593b,6,62,15
e5ec3f55,8,1,
410e00cb,4,,
d2b84bd4,2,,
3afe2ed8,2,,
cc4dce94,,7,16
e8955f73,10,16,1
347b37e3,,3,1
1354371d,122,41,15
68106171,2,,
d06da1b7,5,4,
be846d83,1,2,
f0282cb3,,2,
239dd0fb,1,1,
fab8b7e6,,2,
f2cb8523,7,1,
a8c17e36,3,9,8
339fc237,12,15,1
642a9778,2,17,2
0dfa53c4,3,1,
9a71bfb9,2,,
443091b8,16,147,8
ff96d574,,31,2
ce7fe8fe,,1,
c903d576,4,4,
301474f0,,,1
de4f4f53,4,70,10
22356d55,,2,
70e13f03,1,1,
53ca52f8,1,7,
a5924025,1,,
16190e9b,,4,
40f63eb9,24,16,1
7a590612,4,6,6
4580d9f1,2,5,7
f0b1b464,,2,1
d98ec333,15,20,6
3face7fc,17,4,
ee5cc974,3,3,1
cc4157d8,,2,
49db5a63,8,53,16
a4c29217,,,22
74bdafe3,6,108,8
d2b2fbdf,,,
0b3989fd,4,2,
bb260e92,,2,1
b4fa87cc,36,41,
22612be4,4,1,
aa014b27,,,
642a0916,4,1,
15096799,5,,
f54acdbb,3,1,
0eddddb8,1,21,7
594a0e1a,,,
8264492d,1,,
b3aa655a,55,14,5
0c035c46,,,
faa15b8b,32,50,26
ba0ebca7,2,1,3
7c69de42,,,
ef413699,3,1,1
ba5fd3c8,7,1,
8a166f8c,5,22,1
9df3872f,2,1,
6f9f3655,20,40,3
718d6f24,,,
d02f0213,8,30,6
0cacbcf3,1,,
adec6d6e,,,1
73e2cbbd,2,4,
cb2f024f,2,22,1
e24916a6,,1,
837f31dd,49,56,4
d166485b,39,53,18
3683d475,,5,2
08e8facd,90,96,3
f33e9a34,16,39,9
f8dfbb06,167,46,2
14171fa8,,,
2b6630b5,,,
1facab38,23,159,43
f24a62d4,3,4,2
98094954,42,11,
fffb9c5b,29,,
a64ab912,10,7,2
3a8d3a79,,2,
8bf20bb5,,1,
c470ff70,35,180,15
8c5d7e04,352,17,1
7f19df29,3,25,1
c9ec2921,1,,
70f0d0bd,6,,
ff9f928c,,6,
0f86e688,6,7,7
133108cd,29,80,3
7ecfbab9,,3,
5be47a2f,2,,
c1b30a12,6,18,2
a30ecc67,,18,50
6281fbcb,1,17,6
193c7796,,1,
e70a191d,,6,
95b46a12,1,,
70a506b9,2,5,
16ad358d,15,15,20
9752ccad,1,4,
f65f3a87,,,
4e1c8ffd,52,8,5
05ea5800,,,
ee8abb2f,6,8,1
58a910f0,1,78,11
ba237c5d,,,
6b8e79b1,,,
1a324d78,2,106,8
e9154b79,,,
1e207b2e,6,20,1
9947cd40,7,33,
adeced29,,1,
caca1fdc,6,26,230
6eb7cf13,,4,
c3921d48,1,1,1
a5ea6d10,,15,
f69900cd,,,
c90bbc27,,,
fa1702fe,,14,13
4f7c11a1,4,2,
9679c44d,2,8,2
0b1a118f,2,51,82
8fb5b370,,,
abbd53da,19,37,2
e32dcb9a,,,
5ca9ed5e,2,,
0ecb72f5,4,8,
7afcb3a6,11,12,
fcb15e35,2,,
b328fc72,,,
2b5a5940,8,121,143
55dd9709,3,10,1
42771eb3,,37,42
32e97b1d,,13,
6f641fef,7,152,119
564311f5,1,4,3
f448e49f,17,7,
2d8049b7,20,83,1
af983267,26,244,43
515ce21c,27,,
6dbd9b59,,,
04a70bd3,,2,
1b170df3,13,20,
31ce3a27,,,
9d2efd83,16,22,4
f467c9c2,1,25,
be5b0fd2,5,,
902009ea,3,1,3
6655a4d7,1,2,
8577632b,1,3,
c6fd3d48,1,6,17
8725e360,,5,13
885abbfc,94,179,59
fc6e9226,3,25,10
459efb02,,,
6be908a8,8,8,17
34a1f709,,,
a05e3369,,5,1
ed51b2cd,62,111,9
d9e804b8,,,
b510737e,9,1,
1f523d9d,3,4,
93fd5707,,,
2162d071,,13,
6b2be269,,7,
46234221,12,15,
cae42215,33,28,2
0e0fd4fe,1,,
ac9c3ed0,22,100,62
83503404,,,
01eddce0,2,4,
e5de679d,6,4,
432c82d3,8,,2
f3ed56b2,1,,1
93e03414,43,35,11
832b096f,37,120,21
98713570,9,,2
0dc7f0e6,42,135,59
b599b395,31,23,14
fb3a9485,1,,
4e35a2bf,4,2,4
cc43e77b,1,9,1
6a99da87,61,,
47918f2d,13,4,3
4223ef61,2,,
5e277e55,2,,
e490a906,,1,
989fe049,43,1,1
0a8f35b6,1,8,
37efc79e,3,8,11
40183e31,16,52,6
0c0d8363,107,40,3
77ebd320,,,
da32db9f,10,18,1
ac542c9a,1,5,
3abd4107,2,,2
77c79df3,,1,
63642d60,15,24,
9f8c3167,61,99,25
53d4267c,1,8,
9313e18f,,2,2
719a21f7,2,10,1
1815e011,,,
d9369de8,4,10,4
e4c8e3e7,1,,
8662a022,,,
b8f8ce41,,2,
2e5d4af8,1,30,
fc0d0021,,1,
cb7cf7c5,,,3
28f1fc2f,,21,
5d5a2ce4,,,
964693e4,4,14,
adbf31ab,41,3,
9eb32eaa,3,9,
514936af,,1,
549a5cec,,2,
23073144,,1,1
f2fbfaac,5,2,
9ee00c4b,,,
f0a29a69,,2,1
5c24295d,21,13,4
0f364cd5,5,125,13
27bb3cca,,,1
05601937,,10,3
02a8ef85,1,,
ae31ee63,1,,
2afac715,,8,
a70e4f95,27,26,10
394aa742,13,14,4
9e0e6e43,4,5,
e7ef719a,,5,
a6fad273,6,40,3
8c10e060,23,12,
35c08189,,3,
d9356994,,9,
bf8a4c2c,21,44,6
95ad0354,,10,1
ec9e8110,6,,
0bb8e661,2,4,
724032bd,,,
c28c556e,,1,
f1c112c6,19,12,
b1aa1912,85,48,27
6a383d8b,4,1,
989088f6,2,3,1
c5ba0da9,,,
925d6a2e,5,10,1
cf092aee,1,3,
e5d6c9a7,,,
a1b01f48,1,2,
8f2c0871,5,5,
8a7d7e79,38,,
2a4ba75e,13,40,21
604b93cf,9,46,5
6cfcc9d5,7,12,1
eb449fe7,3,37,16
031f522a,,,
97ad549d,4,26,
f26fbb9a,,,
7c5d0c45,,,
5df535e8,,25,3
99d650c2,1,3,2
4a027a0a,,,
e26d0d76,1,20,
0e22fd6f,2,12,
66039b13,1,1,
1d8ed875,,,
fc19c3e6,,12,
1715e6ea,3,12,
1667c16b,,1,
660c0c0a,5,,
f3c4240e,,,
a050eb56,7,10,1
256708db,4,24,2
b79e11bb,,5,1
ac2536e7,3,4,
1547cf6d,2,,
ee352be9,4,4,3
13caded1,,2,
7303f41d,2,4,
55aa7de6,,,
f12d237f,4,6,3
004ef6b0,2,4,9
bce8125d,,1,
1067cc34,6,2,
015e224b,10,12,1
50cd8553,4,1,
3af13967,1,,
38e9958d,3,1,
27b56b14,3,5,
6d18d882,43,194,32
36b00300,,,
f3a3253e,5,5,10
d902b6b4,1,32,
234b54c2,,,
2693e9be,3,10,3
a68a8b6b,5,5,4
d030caf9,1,26,1
83b058a0,4,7,10
a42c4edf,,,
f324de45,,,
596d3d0e,8,2,
9f4fe767,3,,
976a3b0c,38,38,8
dc54c0e2,10,3,1
fc56a90e,5,22,
a1352f8c,3,28,4
ac267dc5,4,6,2
8a2d00fc,,,
e7905fc7,,,
67803384,1,12,
5d69a799,9,1,
4ee5182f,4,2,
263a5106,1,1,
65b5ccf6,13,43,13
caf03d64,,,
a88db959,5,9,10
c32860b2,3,7,6
7c97b239,15,9,1
7d70a427,6,1,2
332e698a,2,2,
447c64ff,22,5,7
7fe1c2b3,96,48,5
eb3fef76,7,35,2
17aaff36,1,8,1
4019b21d,15,41,9
f9b56d68,,,
505adefc,2,2,
f6bbec4a,,,
b0132c31,4,4,34
86de4a86,52,1,13
498cf73f,,,
4a2aa4bb,1,9,
7804ea17,3,10,1
b8222065,2,,
1ed6da7c,33,5,
4c48942f,272,112,6
530bc59d,12,4,
15568fdb,10,10,2
3e4176fd,3,,
ae42cc80,5,27,
c6635e8d,5,12,
3431be2a,36,36,2
ef93998f,1,21,
2264613c,,,
70d3b19b,1,3,1
d97e63b2,6,,2
cb93d764,2,6,
b4165522,,2,
b7a0c327,15,16,
fdc14dac,7,4,17
05e42e1d,,2,6
a78f66a5,146,,
b5da5f8b,,,
1e04f5d2,,,2
e8b30e4d,2,10,
1fef10d4,,1,
4a274bc9,,,
a9af5c79,,,
d706c87c,,,
c8d80073,,,
c615c597,1,29,
993d3c72,1,7,
6d266907,,,
aa42a11d,7,41,15
52191c34,,,
faafdbe0,,,
b814a16b,68,85,4
2c08d7e3,,,
0fa52644,1,,4
ca30c2d5,8,23,2
70f25b95,30,9,17
75e37d7e,8,13,20
8cd563d4,,,
40759595,,,
e9816279,2,6,1
5701ba88,2,8,
f6f65a78,,,
11f3db0b,4,5,1
2771f52e,2,4,
8ded496c,7,11,15
bcc712b4,36,18,
27a8d0f9,192,63,1
5d816399,6,6,
3e21e17a,63,12,46
936e81af,1,4,
b8aa1761,4,4,
4d544d4f,6,6,
fa5ebc8a,9,6,4
874eeb88,1,,
697a4af3,,5,
e1c40797,,,
a7e49027,11,,
3b03c9d3,2,2,
ecf0ab42,4,15,
bfb272c5,16,31,1
f459a31c,3,1,24
98296f85,,1,
3de91031,,2,
6869f952,1,3,
2119e9f2,,,2
d61a592c,,2,
fd2bdbfd,5,17,
5ca1226c,2,11,
0ecc3596,15,2,
39f2d458,2,,
47db063c,2,,
96df9352,,5,
5d4965ba,,3,1
2bc780b9,,,
a3aea3cf,,28,
5995453f,,,1
0538f15a,5,,
27c2c816,,1,
dca1474b,,10,4
9cacb92d,,18,
760d86a9,40,4,7
488ea4b9,,1,
82c6d429,38,39,20
f3b9afe6,15,,
9aad649f,,1,
22f742cd,1,5,2
066bfc31,5,20,3
e86f70ed,,,
69777260,11,21,1
68712dcd,2,2,
616321bc,,,2
1cf7ec87,2,,
d1a9252c,2,4,
fe3699ce,,6,
b0888221,4,4,
651c6e48,,,
a5cd34d7,,,
04395175,20,79,2
2bf2348b,6,7,2
234ec8a8,40,64,22
d543e19a,,3,
b6909339,1,7,
30f08d15,39,32,3
078fd213,2,,
4b8a29f1,17,108,15
39c438ec,,,
9204197a,1,11,1
d1e0443b,,,
8c1e1cf2,,,
d01f01ec,5,39,5
38c5d7fb,9,22,3
b512cd47,7,5,1
0cc32abc,21,2,
58877a0d,63,8,1
1a1d923f,1,,
5df1eee7,37,120,79
8f6a372e,,1,
5a2960f8,1,3,1
be2918b3,5,3,
90da94c3,,,
67ba4c4e,,,
c5f31fe3,3,4,2
80038e6d,,7,
225b0b9c,,13,1
049342e4,12,40,2
fd8eb268,1,2,
f0276f5c,,,
e3c32391,4,26,8
83b8cf96,,3,
40fd9fa9,10,108,2
b604540f,,,
00261215,,12,
d9cbc6b1,34,,
53c5ccb3,13,,
539c4d53,4,6,
cdcbd928,1,,
dc2322a2,,,
54371e63,1,1,
1756a22f,,10,1
84ddff67,,3,
66cab2f7,22,6,
e23de3ca,,,8
718dda11,52,,
0653a895,4,2,
ee1aaa09,1,2,2
2b5a2139,5,8,2
d637ad0d,7,19,15
7672e9ec,,,
86062e9a,,1,
4fac83ba,162,97,140
e4208b1d,5,25,
71fe23b4,12,2,
c7ab3efc,1,23,5
7fe88e8b,,23,
8e4b3dca,,3,1
6118ecb5,,5,
f4e9c84c,3,22,3
4ea5fb76,,,
ea6a67af,,,
070ec0fc,,,
ab6f848b,,,
c504b228,,,
b281015c,2,,1
d3f24798,3,20,3
277fc927,6,3,
021f2e7e,6,,
c216adb4,,,
86cd558b,,,
9be71f7b,6,4,2
5ec6765b,9,6,7
561dd386,,,
249e398b,2,3,
7fdafda9,,,
68f324f4,1,1,
5cc162f3,1,,
9c346ddc,,,
6c416ace,5,,
f931febc,,,3
7a146639,,,
ef491452,,3,3
c2d9a2f3,,,
9806c1b1,10,3,
34188b4c,,,
31fe1f98,,,
53c23bb5,13,,
f8ffb67a,,,
bdf8e211,,1,1
7d6ca52a,1,32,4
c22c1775,1,,
a5a9a901,,11,2
1027ff3c,1,10,2
90b5ce3f,3,4,
64930cd7,3,10,1
b411f57c,1,2,1
f4ac68a4,8,35,7
6d6080f1,1,,
a1ea5360,1,,
51063441,18,39,6
2427a447,,,
23a01405,9,22,6
105ab47e,12,20,1
10cd98cc,2,3,
fb6ca658,,,
974d6fec,3,,
196bcfca,1,1,
a47bfbca,68,162,21
e61002e2,5,12,
5792f2fb,1,,
713a67fd,13,47,16
51c652c4,,2,
06738b41,2,,1
93b71e7d,,8,
ac7695c3,,1,
11afff09,99,55,12
c6e5a32d,,,
2a1b39ef,1,12,
9949e1ed,2,12,
5afeddaa,1,,1
5383f9be,,,
28aaba28,8,,6
05357b70,43,33,3
42b35650,4,15,
3dcbbf70,6,,6
a1a5e93b,,28,
f9865d52,18,22,16
39d5cdcc,,,
4f4f9953,,,
3107a6c5,3,3,1
36556b80,17,5,
082def05,,2,
b79b1797,6,2,
eaabb6cd,23,42,5
177dd7f2,,13,
a86873be,3,37,11
021d8a8e,64,125,4
89ba0c15,7,24,1
9d0a89ae,,1,
071f9fe1,,,
e846daa8,1,,
e5f2471c,3,73,21
2703fda5,1,12,7
e1543a5a,3,13,
1444b7b5,4,13,
8e0e2a5b,17,33,43
73cc4166,59,103,16
b8be86b8,5,9,2
4e43a723,,17,
852297ef,3,52,8
271f6b5a,5,8,5
f4a1ca34,48,40,1
8f90fd65,2,,
d60f011d,23,69,8
e554dc51,14,,
125d8d6f,2,,
7c988a3c,,19,2
402aa093,9,3,3
ea533f0c,,7,
690575ec,,3,1
c8c6ab63,4,26,2
a553764c,,6,
96ba21e0,11,15,5
a2da064c,42,6,1
b12ba240,,,
5f6393f9,35,5,
94692288,50,48,
69d2a177,17,29,
552b1707,7,24,2
bb985972,,,
37ec15e9,16,,
bd0146d9,1,4,9
80e0af50,2,6,
92c06cba,4,9,4
c96f89f8,,4,
c8f14719,17,9,1
0cf77080,336,294,419
d0645aae,,1,
f46d414c,,,
4ac7c48e,,,
f2b74aa1,24,233,30
bd83ae6b,,,
b363901c,,4,
ed0e6921,1,10,1
be6252d8,,10,
d83252eb,15,7,3
346d0ca5,1,1,
a3f068e2,3,,3
a339a387,8,,1
f305dd68,5,170,13
6055c749,1,,
8fca4322,66,64,5
985cc534,,1,
5d242225,91,53,1
8a5e8666,29,28,2
dfd625da,2,4,4
2656659e,,52,7
a0ad9f15,,6,
3b5d88fe,57,69,27
ffd8f18a,,14,2
c42bfc0d,,,
90b4b07e,3,10,
9ed8bf27,2,17,
8bd2a68b,27,3,6
08063f50,10,6,
e1491d4a,,2,7
a6714031,,,
1f5bc11c,2,,
d6fabb01,,,2
9bb06c3e,2,53,7
779714c0,,2,3
c5464edb,843,8,835
3728f4cd,,1,
ae4100f8,1,1,
689a84c7,,,
9cec4109,,,
2db1e442,34,13,
6ebd9d35,7,9,4
4769e3d9,37,3,3
e16b9143,15,6,2
ee4e4c8c,17,2,1
b0743563,,,
d0ee6ed3,15,230,10
07a428e0,,,1
a1ec6527,,,
67440790,15,5,1
4065ffb3,17,50,2
329d5fa6,1,13,
9cbb9f09,86,39,10
667cd60d,18,1,1
9b85cf9e,,3,
3f155eaa,,7,6
23d01c80,,1,
51025764,,4,1
45394d52,16,83,1
b687c068,5,31,
2fb5664b,63,26,3
752e5317,4,24,5
facd2c5a,19,2,
adefc8ea,103,8,2
b2a328da,3,6,
14a7c297,,5,
51af6fb6,1,2,
ded87411,1,5,
47c27534,14,8,2
9ebc303b,2,3,3
9836adc7,1,,
f5310d64,,,
6682abe4,1,9,11
76c9a6dc,7,,
10cb534c,,19,1
9ef2b3ce,2,5,2
1f659913,37,39,7
7ae02a69,1,1,
b01fcc3b,,11,2
551d5756,3,2,
c715f6a5,26,42,20
0772fde5,329,,
607c3c21,2,75,3
c4d629a0,28,69,2
05e3850b,2,2,
e6164ec6,1,,
71417552,19,12,16
ea21752a,1,2,
b78d7ba5,98,96,27
343a8ef9,,,
6cf92a25,,1,
ee8e9349,14,36,3
0b0819ba,,,
8a5a84dc,,,
6896f1dd,28,91,7
ed96523a,39,18,
75c78e96,9,5,5
a4720b25,4,,
334a30bc,7,5,2
efe4f654,2,9,
72eacbea,5,4,1
bf34a5b7,,2,
3b1cea60,8,15,3
c0f7a770,6,,
21ea4b1d,3,5,
8265a438,4,22,
e19c37e5,30,35,4
f4dc5ac1,,21,
d2774e30,33,18,
3e69ce80,83,129,67
8ffb1a1f,3,,
c35c4798,1,4,
a593db6a,,48,3
1a653c81,,4,
c9ffab16,4,11,
57770dd2,1,2,2
1f0ad012,4,3,
f15cdc73,25,6,9
1cd86284,3,8,
70796c3c,,2,
22611aca,6,,
c06fa5ad,1,2,4
5a516fb2,15,11,2
6bee1e9e,7,40,
125d69ca,19,135,17
630e9c56,2,3,2
b7684b47,4,10,1
edcefccf,37,269,73
228a4fdb,7,20,3
94a6d6c0,8,,
cd4c6c01,3,21,
da220557,103,595,27
1844bf2b,71,120,20
c50c941a,46,35,2
4059fa57,1,,7
9d6020ec,,1,
3620035c,5,7,2
f8498ec9,6,2,
9f3f8b4d,10,102,5
89faed8d,2,,
47ee8e95,67,54,10
f15cdbc9,5,13,12
91c207c2,7,3,
5d798511,140,182,43
fc93fb4b,50,75,9
6c6cf014,,,
da42977a,2,3,
4a7064d1,1,49,1
1110f66f,8,8,4
ad6c53d8,,2,
5bb53e03,1,99,2
b04bed02,25,1,3
e0099e1f,1,5,
fe4a469f,3,8,6
1b8aed6d,,,
f87d58b7,26,255,15
3bfc073f,,,
fc0ea250,,2,
bbc39001,,7,
454f0f1c,,1,
28c83d96,4,4,1
6d7a81b4,3,1,
cf94b188,,2,
0547a082,,,
ef275159,,,
8068a356,,2,
26286953,4,2,
990382b9,,9,
a1f97c8d,20,16,
bb8eff1e,,,1
35f9fa80,,,
071b8f97,1,1,
0046a881,,11,2
90785542,18,64,3
f53f5eaa,,,
e68a9405,,21,
70e949d5,18,2,
3ab0456d,,20,2
ef5867dc,,14,
c9f777cc,5,,
ab8e9d17,15,2,
342f34a1,1,,
17bdd483,,2,1
7429f497,2,,6
0dfeb31a,12,4,
c4193cd1,1,19,1
a05a00e5,1,,1
cb0325d4,16,16,
efb060c5,33,34,7
031da889,1,24,2
f1cc8008,1,,1
22658348,22,41,32
a5c47db1,2,10,
d5e463b9,2,38,3
d65844b5,4,9,2
b4903687,3,,
9ada0f81,,2,
701e318e,11,,
26eea1d7,9,,
2420491f,8,27,10
4baca917,,,
cd11fd78,3,10,1
fc58ac59,8,10,
1744a9b4,1,,
adfaa116,3,,1
cb5e1f0a,2,11,
7f4feda9,,8,
4e8797f5,7,,
914e42a2,8,8,
bc47e9d6,3,11,
96587f4b,11,19,4
f848e2cd,,1,
254add95,10,18,
55a90938,38,42,
de982ba3,,7,
84de7f17,,,2
54205697,4,15,1
ea2a21dd,,,
198a43d8,2,,
b836bd18,1,,
bcaee7fe,1,,
d68f9e2f,4,36,18
51fc50ed,10,11,2
b6c2bbc4,,,2
48de613a,12,9,
fdd12698,2,,
11aa1101,,12,
f49697a2,7,29,4
c83719f3,1,13,1
6f1d4c69,2,32,1
54a3718a,15,32,3
6cc29e32,2,3,1
90b2a2bf,,1,
1d556e47,,,
0f60617f,6,38,
005b86ec,2,11,1
b760615f,25,25,1
25726371,3,3,
65e36895,1,3,
160933bc,15,30,8
b20d9333,2,,109
0082066c,2,,4
179d574a,7,12,7
32f0f1f5,,,9
d099c749,1,,
004dde9e,9,,
4b410288,1,2,
aaca1b47,2,6,
4660bac4,1,,
aea53108,14,18,3
6c92fc55,6,6,2
43e935a6,4,9,2
7d1ef63b,15,29,
40509fd7,2,,
8e7839f6,2,,
2af4dd86,,21,4
88aec3eb,2,,
ba07d828,55,,
21194a63,,,
f4e0deca,44,8,3
3de2d296,,,
12612e82,2,14,1
2fc91afb,4,11,
79db393f,12,24,1
38ae7464,8,15,1
dcbdce31,6,52,2
bb914a04,2,35,
b01c83ea,,,2
202cb8ea,8,17,
d655d806,7,1,
2244c68e,,,
cb78ba12,29,39,5
17b2bde4,9,14,2
4b37918e,6,12,3
9934d28a,8,15,1
2bb48a4f,,,
39eb31fe,10,,
3557f097,1,14,
c7bc8f7d,2,,
d7ec9fea,,3,1
941e2177,1,3,
f389b715,,8,
eb558610,1,,
1c786c58,1,34,
0b107e5f,,4,
a318b151,3,2,2
4959444a,,13,
0a8b10e2,2,,
af85e05b,6,,
f85c1803,3,,2
47a3066c,5,7,3
1188db56,10,13,3
673ab671,6,6,
1c882ee5,3,7,
0c3e466e,8,32,
6b9bc3fd,,,
e4d829c4,,3,
1b16acaa,2,3,1
b3036c58,5,2,
39c1e625,50,4,
1959835d,10,2,
8e8b3c56,7,21,2
e0150a25,10,7,12
e4a6b50d,11,27,2
6360e04e,4,7,
681c6fc1,22,,2
7311dcbc,13,124,1
647afeff,2,,
dc5bf4bd,16,12,7
d9479275,3,1,7
81f0c1e8,24,15,17
da9a171c,46,34,
aebba89a,3,11,2
2cc8f48a,3,1,
dd8cdb79,6,4,
d0825639,1,21,4
d41cf1b7,9,19,5
3250cc76,4,8,1
c060c482,44,41,6
f0745cd5,,1,
b3788d8d,5,31,7
a8794d8a,4,2,
dc520d27,,,
dfa3c8a9,35,67,4
0bc4f75e,66,32,2
ca8915d2,1,,
68eed84f,,,4
7892b4e6,5,9,2
faa1803a,2,13,3
37433638,7,15,1
02c0c3b0,1,,1
73ca0d21,10,42,12
64fc1a7c,5,25,
a10990f4,,5,
cea319a4,15,26,8
c5d44af7,,,
38f6cae9,29,71,55
4d89db96,3,11,2
49587750,3,15,5
70ec4b1d,,1,
e3e2f1d2,1,,
65861a71,2,127,4
d3f1407f,1,3,
495836a4,1,10,
7fad4555,39,43,30
8b04d8ba,15,20,
338857e1,,1,
61bab2d8,55,,
abe69917,2,36,2
e2875235,78,47,2
56623efd,43,20,2
65edd64c,6,1,
c1fdf575,,,
45f22617,128,170,50
816578b5,,2,
14a3d69d,,1,
9fa0d52c,,21,2
972b7545,150,23,7
e1abf177,133,3,
9815e18f,245,25,
c64cfd2e,,2,
b3a33ce4,5,13,5
6910baf5,7,16,17
c36b5b7f,3,,
1cea4d8f,112,,
ebc7f7ca,68,100,33
d1d71aa2,18,16,2
73703a15,1,,
d66e7af6,32,31,5
a281fe17,,,
0e2c90ba,,,
4c75f31a,7,20,1
01867941,1,5,2
c26545ea,,1,
3e666900,1,30,
e40e27b4,,,
82e84fab,,1,
a511a470,1,3,
bc55f852,9,6,6
885643ce,11,2,
e3892c29,4,,
9198467e,38,93,1
a1c8e7d9,2,11,1
238e7397,,,
b1cd3afc,,,
7258a5fd,2,2,
da0b5b85,3,1,
794e6dbd,,,
7baa58d7,17,30,6
1c2bbaa5,3,21,1
911c768b,2,4,
b6effcbb,12,3,
27107ee3,1,,
970c00ea,1,,
7371bf7f,4,5,5
b982eefd,2,1,
c6984233,68,6,6
5b36adde,,6,
78ace372,,,
59b918ec,,,8
3bcadbfb,,6,3
2554a8dd,4,4,2
257ad524,,4,
e472ee7b,2,1,
e71dce89,65,133,11
715eae6d,3,1,
8c872762,1,1,
ed59f742,1,,1
24e64234,,1,
ec9e4eaf,102,93,28
a3952aee,,,
bc65c62e,,6,1
f60009b1,1,2,
0e7cc4aa,1,6,3
64ea193c,,4,
324b475e,3,8,
67f1f4d2,10,65,14
4aed28d1,251,10,
0104b657,126,133,5
6185bc02,43,174,5
f0152a7f,,2,
a931e995,3,35,4
4b9de871,3,,
ee8c5e2d,4,10,17
6753af27,10,26,43
36aef1c2,,3,2
5b5efd4b,3,5,
a82f194b,159,117,9
f69d9415,6,,
d06f2cc7,,2,
f7b7b474,4,34,66
c43eb856,5,10,5
b1542217,,9,
19f266d4,2,,
d7b5eadb,,,
3d8506a3,,,
cba0094f,12,47,17
80e0548e,,9,
72be1df5,4,9,
3bedcce0,2,18,24
c82118b1,,,
fc5ad22e,,,
f18a14af,,2,
49230625,,,1
3c471d25,5,7,2
14ab3dcc,,13,
2aa339de,2,2,
98d62a88,,12,4
588ed464,13,17,
609e9b0b,5,11,
020ca790,4,,
17ce2a73,9,4,
148f8c25,14,21,25
1e93c3b9,2,1,
0be835dd,8,17,
7c58351e,,,
d0e7c6b9,38,51,7
749e9e14,,5,
5cf64f06,9,50,6
a4c50687,,3,
e19bf3f2,,,
359a6851,,,15
865d82af,131,18,3
2f4f3b95,,20,
76a10e23,2,,
0baea2ac,67,13,6
b611cfa5,,,
6ba98f6e,,,
afeadbef,2,4,8
d5fb7364,2,8,
97e61d4a,,3,
d4c4bcf0,1,6,1
0df910c0,,10,
aea14651,1,44,8
49f80b23,5,49,2
91608100,19,2,1
54bf2fb5,2,1,
75e213e5,2,6,2
f812a8fd,4,2,
b9b2cfc2,5,9,
040fde8e,2,,
800d2964,,9,1
f54b6190,2,7,1
1ba8b40b,,,
3364f12b,,8,
bdf4cba0,84,94,7
5f88cf79,,,
15e0234a,8,13,
dd71e4a8,39,54,1
f9772d5f,,3,
92b7d757,,1,
2e075fe6,,,
a3e13776,,,
d345d53e,7,6,1
43fb2df7,1,6,3
c808e895,2,,
84a14fec,3,8,9
6feaa8a5,56,27,7
aea5989d,,,1
42284960,7,5,
a0b8e435,2,21,9
23a0f098,,,1
8b05ad40,45,42,4
f3f9a9ea,2,11,3
1abed91b,7,44,1
d27e09e6,5,,9
d348ac92,14,7,
5bd06f1d,335,355,80
f615c9e9,,5,
2269eed2,,4,
57278aa8,6,26,3
763ea5aa,,,
d5cec01f,1,9,
83824089,1,1,1
b3beaebd,,1,
a7e3679d,1,28,
6f7780cf,,,
c2653754,,,1
c74eec96,9,2,3
fef7fca2,10,17,33
197a5d5a,1,8,
5a2fcdd6,5,42,10
783900c2,5,2,
9e787716,24,2,
ec8feb76,,,
01768e33,,1,
cfda0368,,10,1
b8fe2bb5,4,25,1
1659ca17,9,4,1
b9f81249,,20,
962c378c,1,,
52a15d7c,10,,
9e4548df,15,20,1
d3b8ff02,2,,
2a9c18a8,,,
85e7a0a2,4,1,
cd69daa4,14,3,
046519d0,,,
0011a3dc,,4,
dfa2ef48,,47,
c063561c,,,
65650ba4,4,11,
537f98a5,,,
022bf129,2,7,4
f7354e77,22,14,1
29084a9b,,3,
c6bccddb,3,15,5
146edd53,,2,
81f9e137,3,1,2
5cf491c2,2,17,2
79f85039,2,,
5b013d9c,4,6,
580bebe0,5,14,
b7378d56,,8,
adb70da1,19,12,1
d9b784e1,7,20,2
d2792e35,,1,
573a6f39,,3,
a3c45b0c,10,139,1
670980ef,,,
59779aa1,,,
9e65b25e,8,,
ca06862a,3,22,
ef92bb4e,,36,2
b380a82d,1,2,4
0fba5296,13,3,1
de05c9d3,,,
a10d7b1b,3,1,1
e31c0c9b,,,
d0e436c4,596,,
8e6fbe8f,2,,
9260e856,1,7,
5b682baa,,2,
5b22b53f,1,15,
37498326,1,7,
43524442,,,
151b2368,43,60,14
0be3a722,,,
01898ebb,,48,
1ed4b48d,,,
3428bc1a,,12,
015f1d73,7,128,5
5916ef02,,1,1
696b1d31,,4,
7b302add,1,26,
8bd06482,2,4,
3b8b7a4b,1,7,1
e41e7820,9,9,
3db3d73d,,,1
dcea4985,,14,2
916edc3a,,,
d734f4e5,,31,4
1f1e794a,15,23,7
fc1cfe47,55,241,66
a8873792,,24,
505af6bf,,,
022d2017,4,15,13
6c839395,5,9,
a1900ada,,5,
cb725c6a,8,,
4db048d6,1,,
3b36d5cf,2,9,3
ed91af51,1,4,
5dabca02,6,7,1
253dfcf4,,,
9898d665,11,227,4
b5dd39dd,3,2,
d2461677,2,,
b865a8b1,,1,
69d3af8b,,18,
6c1478d1,,,
13a82b48,15,34,23
c7c113af,,,
b6217037,19,12,11
effa19c0,1,4,
2e662a06,1,1,
7f6bf5d4,,1,
2c0055e6,,,1
b31a7a90,,,
1f8a2ad2,1,1,
7de22453,1,43,3
7ebc5da6,18,92,41
d95f22c1,15,,
47517da4,1,3,
da082900,6,,
ea70a9bc,6,13,2
cb674e54,18,69,20
7436d28a,,1,
35cd008e,4,2,
da70316a,1,1,
3e85f131,9,1,
063d534c,,,
3d9f34dd,,3,
0b48ea1c,56,24,61
5afe9596,3,61,2
e108a8b4,,,
b559846f,3,39,4
413444c0,,6,
84323eea,,,
6264cc15,,,
8827a5b3,14,46,5
4c42654b,10,24,30
aef6927a,13,4,1
9213de8f,4,18,
662c2f89,8,40,9
1bd11b23,9,,2
ec76ea34,,38,
4277645d,,,
89fb02aa,11,,
a01b7223,,,2
ca0c071c,35,98,12
1eac3f33,,,
31716590,5,2,
254e3b77,1,8,
5b4e299a,11,45,2
13548835,9,28,23
51e745ef,,,
9a703272,,,
8b3c6c0a,9,23,34
0971e62e,,8,
2ca3e59b,3,30,7
448c1a41,1,7,1
abe19fe6,4,60,1
675881b0,1,,
3df60e7e,38,,
7837d3e5,3,3,15
b938c03b,,,13
3bb0d3cd,,,1
337f576f,5,6,3
79987590,48,21,8
3400d0c3,24,146,17
dd897bdb,2,2,2
20e957c9,,,
0b99bea5,3,34,8
a8aa7561,81,8,4
50e035dc,,1,
a37bf5ff,4,9,
813897a0,10,4,
8e2cbae8,9,,9
4a6f2c6c,5,1,
d8a77560,1,7,1
961ebca5,1,,
ccb183f9,,,
1974e1b0,1,82,9
fd6d7bcf,1,,6
e3bdc84d,2,73,9
73b7ae00,114,22,26
825f225b,8,4,
7a84b241,2,8,7
b62804a2,,16,1
a8eb1d13,6,4,2
b712b867,1,8,7
d2f6b934,,,
da57bc27,29,10,4
c2d9b95f,23,27,2
88fdca26,7,21,
e90db3e3,6,62,20
fc0d612b,16,1,
d1956d4b,,,
f6fee34a,4,13,
6496271a,,,3
d2567188,18,19,3
8d9d8479,2,3,1
2eb32d6a,5,9,3
ad8ddf73,,5,
b6011918,,,
2f904883,79,96,4
a1e8b507,,,1
8079c980,182,152,41
3c605116,9,41,
23dff4b0,28,21,2
6508e63c,4,31,
f72203ee,34,32,3
ecff8544,92,179,12
3d60f1e6,90,249,57
4b71c0bd,55,78,17
a95170f8,22,252,11
75469a3b,9,167,13
fe82330f,,,
275c5e1d,155,22,
54e2bd21,,,
5401a17a,,,
109aa353,10,1,3
64514ff5,,,6
52e39796,24,72,11
42a6b716,3,,1
10b330cf,8,9,3
e0de3a42,202,96,25
00964ec7,,,5
2e1bcf66,1,,
050288ab,,,3
d3572648,2,1,
7959bf50,3,,
ac57d175,,5,
6d6c77a7,8,29,7
b565dd7e,3,4,
a565a77b,,,
cea2a669,22,37,4
3d7e8845,,,
88a439ed,2,8,
d0921462,4,19,14
9eb665c3,32,47,1
baab43f0,,,
fc88bac6,,,
0f86dbe8,7,42,
3930dd7e,,,2
7f4b278c,,6,
56c61745,11,13,6
0321bf5a,4,4,1
a5c15ba0,,6,4
8b84d14c,,1,
bc9ef716,8,10,4
65acff32,2,1,
d6b0b520,26,35,11
b58b6a1b,13,52,7
056ed866,3,1,2
233cd4b1,2,14,
c2cfadf2,,,
e36e8079,29,3,
ea724497,6,9,3
448f194c,1,,
85911378,14,6,4
67f1e5b9,209,132,57
21d7e6f1,13,3,
efeaf129,1,29,2
f0acc4a0,,1,
6f7ed15d,1,6,
1d586cb5,8,20,5
8e9e1776,2,2,3
7c7becd4,1,1,
9bed8fbc,13,12,1
7f8edbc8,1,3,1
9684487b,,1,
36528df0,,,
006630fd,1,,
1949a76b,23,,
600859e7,,1,
e9a67a8d,5,,3
c9e99f29,1,6,
a4592a18,3,5,1
8fd5b6a6,2,,
34aa538b,1,8,1
93804d50,,,
128d0ff9,18,119,1
b45a67ed,14,25,
b65f9a77,22,73,20
ea42d653,56,30,7
f9d7808b,2,5,1
1503f760,8,22,
5819b06f,,7,2
d98ca230,6,61,8
7d0f3e75,2,14,
724cddbc,4,14,1
dcea5f83,7,23,1
44f61ba4,,,
e53babab,23,60,2
eaf0e4af,15,25,2
2daa10d7,18,21,5
04a13e82,3,10,
39a1c42d,,1,
31203efc,,1,
3b4c3479,63,230,33
b7d36b72,18,45,7
7282de39,2,6,
64a860c5,4,16,14
0fc1898b,,,
d8fa4006,1,1,
cc62b4f8,,,
6972d947,,,
da13b537,,1,
a66ca162,,,
f1e1b6e7,,1,7
7c36fc37,9,7,1
8ab8f37b,,,
11766ad3,3,18,2
92287849,,2,14
471a2ab1,5,6,
8f2e0a5e,,,
7868e657,,,
0a659e50,1,2,
5e7190cf,,,
e795ad96,6,6,1
508711d0,1,4,
fbbe5821,,1,
ba322e54,5,,
76b07028,1,,
18223415,2,3,5
29ea4b0f,13,17,5
a4ab9d02,22,65,39
dab3617e,,,
a4413fc8,,1,1
d0926738,,45,15
1fc450fd,,5,
b2fa0d75,4,14,13
ed507692,,7,
63da4872,,3,
7afdad8c,,3,
62c0972e,69,72,23
4c295a78,2,8,
17cb4fe5,27,3,
46666a1f,,,
b51002c5,4,4,2
179d4dc0,2,2,
925310aa,10,20,1
6199c627,4,10,1
e7663a30,2,74,1
1a67739c,9,20,1
65f6a796,1,,
c04486f4,,16,
93b94001,9,1,
c1e84005,,1,
72d5675a,12,5,2
e972d2af,,,
6b91f83f,1,7,
e876df8b,,5,1
454f6845,,1,
c9da6279,3,24,3
3e9f357f,,,
7115c66a,4,13,
a23859e5,4,44,2
c78a3b17,3,,1
8124f6e0,,2,
f8b69aac,,,
20322446,,1,
451d263b,,2,
5f3746d1,1,1,
18a08126,,,
42922430,,7,
43c30b8c,,3,
9edc7123,5,,4
aa506a69,18,23,1
d83cde7c,31,34,3
c526c0c3,1,,
0c4cc5a4,,17,1
0c25c737,1,,
a208478f,,,
b75245cf,2,15,
0de80735,2,6,
4112bc3a,,8,
27e3edc7,,,
732fabf9,46,5,
a632716a,,,1
24f81ea7,,,1
c195003c,,6,
eaaa433f,45,25,14
cf8f4a71,26,,
4e1c7d84,5,5,
431c3b09,10,27,18
896ad63f,,1,2
3d74196f,11,13,4
70afd5f9,,14,
8c07e0f3,2,,
d04b0998,53,37,22
69356fbc,2,,
ecc1fb10,36,69,4
d7bffebc,3,,
567cc3d7,8,5,2
86aa0eb0,228,371,74
143a33bc,3,2,1
d4366610,4,12,
f3bb1041,,,
f197ad49,1,20,1
084a19e9,8,6,
c1bce2d7,,,
f2cd1701,1,,
2a660f13,,,1
a7ab9cb8,4,6,
1933f12a,2,19,1
4af50bb8,31,13,5
54767bbb,13,38,15
eb59c812,,,1
6cf2cb6f,2,1,1
69ebf6f7,61,81,35
eba0ede8,4,18,
3a244b78,1,,1
85c44102,,,
2586226a,4,6,1
16469d7f,,,
d2acd676,10,9,2
de1b853c,3,40,2
ed639e82,1,135,
a960faf5,16,5,
8f346255,3,1,
bc397db0,,,
b91eeac9,3,3,1
9aaeb33c,1,1,
71f7e7c3,38,154,31
19023944,2,5,
d4c37983,,1,
08ad2be0,,,
bf3dbcba,,9,
4cdb96f4,1,,
36044fdc,3,1,
151288fe,,,
d85aaf95,5,,
cec2769e,2,29,1
313aad42,11,5,
a2bac70a,3,40,2
24fd025d,12,15,1
f9032155,1,6,9
d851ce76,1,2,
7b16b473,1,17,
317c4fde,10,114,7
c5d26c48,25,35,1
880bde5a,,1,
104d2154,2,15,
05ed54bf,24,56,1
c6e6fade,,,
40b1dd3f,81,183,24
19997ede,,11,
11f1801c,4,4,
ae237be1,4,30,7
be36b322,11,16,3
b18c3f5c,,,
539633ba,19,9,
208ecae2,15,19,
68b5d014,64,62,3
caa9bd0f,75,21,2
fb65ff40,4,23,4
da015585,,1,
91b4e3c0,,,
29f44e75,3,,
8d303d0d,,,1
778fcd0e,2,5,4
3dafb81d,2,5,
6fb33aff,,,3
27fc11d1,,,
7d513055,,,
41681792,,,
c840f2a9,,,
e62dd4cb,,,
bb629f22,10,1,3
3bb38d37,1,10,
f7976d2f,,,
cd767aee,,1,
31264f69,1,,1
38c65a9a,,3,
131f9686,,9,
ff557f02,11,26,16
8deedcac,37,9,
64842f47,,,
4059f072,7,,1
d1546960,3,5,2
aebab7ca,,,
932bb84c,9,4,
427e6385,2,,
1ccab26a,13,47,5
933a7506,5,9,1
99910866,5,7,
0e5700fb,,,17
72c6b7d8,,2,
14934157,29,62,11
f1dd0d27,79,39,11
b418922a,1,,
114945cb,15,,
7354cc1f,,,
61c568d8,7,1,
fbc51855,17,295,11
9f94a775,14,,1
f17790cd,7,16,4
3537063a,,10,
98dfc4b3,1,,1
fc47b9fa,52,9,
136a8fab,4,24,41
c4392682,2,16,
383cec9c,2,9,
f8a7ace9,,,3
a5da2a4f,,,
4b5ed36c,,,
542350d6,14,1,
730bf9a3,3,2,
efc4c888,10,4,2
7218648a,,,
b64302f9,9,4,2
dca263b4,,,
416c3a7d,,,1
12fa188b,3,2,3
d7de59a5,2,11,3
31b4460c,,23,
f1323d4f,,,
32e24b7c,,,
2098529b,5,3,2
44ad7b57,15,36,1
3605ffa3,,2,
7d6b416f,,3,
7e9f5a7e,9,3,
a34f78dc,2,3,
96ae0a59,2,18,3
10abe858,,3,
0e0b632b,1,,1
54f9a701,,28,
88924b03,5,22,8
41a54358,,1,
8ec4e4b7,7,64,1
36cab7db,18,4,
8b7dce87,,,
50781b75,3,14,1
44c8308a,5,23,20
4544ee44,2,,
2c979611,4,2,
7fd4fe44,,,
91135ea3,4,1,
0b0925a1,1,1,
751fe930,1,,
47f5ae9e,1,3,
7d9d1cb2,69,113,6
54ba2280,8,2,
eb2619ca,,1,
fb42558e,35,33,2
1ef7b494,1,,
17668e81,2,,
84ca8872,,,
9ff54cb5,5,7,2
b8ea094b,4,10,
5b88af99,,,
da851718,2,1,1
eb6f04a8,5,9,1
4b28d38c,,,
feab5a37,2,,
430bf56c,,,1
0cee0c32,15,21,6
234fa5a6,1,,
7699b91f,,1,
245fa2bd,,,
107205a7,,,
61e0eaef,,1,
3fd9be49,,2,2
7b7c4a7b,3,40,3
f79db1a4,1,3,
ebed7ce3,,12,
9355427e,,,
3cf2de06,2,2,
d5366471,,,
fee6f6f9,17,32,
5f498855,,,
fe27d8f7,2,19,2
177b2d0b,10,28,2
e18bbba7,,,2
c36cc60f,2,,
ab8fc863,,,
53fd22a7,3,1,1
d54616bc,,1,
9a3fcf41,1,6,
13130139,,1,
08205de1,13,,
f34164ee,6,3,
ac434a4e,,1,
5aedde5b,1,1,
1182d61d,,7,2
b28bc57a,10,2,
bd8681cd,2,1,1
e20eba95,,,2
9575e930,1,2,
f96da638,,,
ff8580da,,2,
29a682e2,,1,
8911660e,36,27,3
fc89083f,,8,
d1bb2b9d,6,62,1
62b9fa22,1,1,
8fe25522,15,14,7
c4bbf342,2,5,1
717eea83,3,1,
fec2d41b,9,30,13
2ff95504,42,49,2
6856c5c2,3,12,1
8429db93,1,12,
7f4e3ccd,,30,
b6cd0e27,,5,1
32bf83e5,7,2,
ad316509,3,7,
64451af9,4,13,
c8c6ac3f,3,6,6
da7095f3,,2,
76832868,,,
03a1f7d3,1,4,
50aacd66,1,1,
94e12a2e,1,13,2
af013788,,,
b3d2c0da,48,3,1
88e5d5a9,,2,
c7425be5,,2,
1f528815,1,19,3
62253539,,12,
9eaf529f,3,5,2
94d1878a,3,,
60380e31,3,2,7
d0dedc63,9,35,5
096b8b84,2,,
3414d561,,,
69d9a669,4,5,
e5032733,2,6,
e29eac4b,1,,
fe6c481b,,,
4ab4e4af,3,6,40
68433dcf,19,21,17
3a496f48,24,10,
316389d6,3,1,
669be7fa,1,4,
94aee214,12,,
8407dac6,40,6,2
4c76b5fa,1,,
77fa0b11,,,
33d745e2,40,56,4
5b375d7b,89,76,10
2790d0cb,,,
1a73629b,74,219,41
9d37b9f4,,,
088ab3ea,,4,6
18dd1986,,,
a02c8aae,37,22,6
e7d04c25,,15,
996e29cf,,16,1
1b764c5e,2,,
bc505156,2,6,
c7f9bd2a,,1,
32740044,2,1,
74e6dc84,34,7,3
5c547475,3,2,2
9d71489f,,35,
f213625f,1,,
8a863ece,9,16,1
c9485b78,166,236,47
0bf61039,1,,1
a5f1158c,1,7,
89c67727,75,39,
b1691cf4,7,,
5236bf60,6,3,5
065ddf90,,21,
667ff7ef,5,13,
ba9456de,15,,2
319c6e71,2,,1
40fd4566,8,4,1
1ec842a3,,,1
c76b6e6d,2,3,
7c279898,21,,
8c595657,15,29,1
2a8fa287,4,3,
cbdd70ec,1,,
9beafae2,16,,2
3a58407e,20,6,3
9c34df15,6,18,4
8dbd688b,7,,
99d23292,2,2,
893e79af,,3,
4ff66771,1,7,
31e263e8,,1,
83cf3854,,1,3
b94a7812,,,
ef3f0531,,,
dd5480a4,4,9,5
bd5325dd,1,10,2
b865413c,1,4,
ae939467,8,10,
78d91dcd,,,
2788f2dc,30,,
5089f547,,9,1
43d5078e,,1,2
4c0660bf,,,
1fbe445d,5,4,
78fa20eb,6,,
23b50093,,13,
c1d8c383,,,
d691faf9,,,
d3a66a65,,,42
2dc17230,,,
419e268d,,,
cb78223b,4,8,
80d78f81,,,
d4d5920e,2,8,3
255b5e13,,8,15
983e9486,,,
d6b450ce,,,2
ca77d670,,,
73c79000,13,10,
99cfb99a,2,,
8d8e3aaa,,13,
b6c29e38,,3,8
4f048c4f,,2,
95eabc8c,,13,
eb823281,7,2,
b6c6291e,4,20,5
4332175c,,75,3
d9bf5517,1,3,2
5d0cd766,16,64,8
e89a9ce1,,,
dea0719e,94,341,115
c07d0172,107,24,13
30e78fa0,8,17,
dce06766,1,5,
958e10c8,2,93,11
9a836d01,7,19,1
6834b91e,3,10,2
6eacc0de,2,10,
fd6efbe0,,,1
355076cd,5,8,4
951e30ad,12,18,
deb2b004,,,
241c3ebb,,18,
cf40acc2,,,2
c1a56c68,4,46,3
764d8ca9,17,18,9
9c4c5ae1,11,8,4
e403b3c4,1,20,
f0a4125d,20,,
81808031,2,1,
324b0c85,1,2,
68930913,,,
090d7220,2,3,
5afa1660,7,32,1
94c23434,5,2,
5761a9ec,,,
25bde48e,,,
33f33075,2,,2
b7d6fae5,2,17,3
7079f57f,,10,
1d19ac9f,,8,2
079c8817,1,41,7
10394aa8,2,8,
b9eda22d,,,
00a58f8e,1,9,
fe1fd703,,,
cfc32433,1,6,4
f676cfeb,6,,10
2a58ba9f,12,23,
002b377d,9,75,2
edeb11bc,,5,5
79662cc7,,4,2
5da935ef,7,21,
845c6eae,28,38,9
d501cc62,2,1,
d4e60b9f,,,
4e0ae79d,,11,
d51dd5fc,,,
b3b53317,1,5,
5db2c99e,3,2,
13b8fb29,25,63,2
fa05752c,1,3,
01aeea7c,12,3,2
1bfaddae,1,6,1
f7d019ed,163,140,18
73ecd7a1,7,9,3
c00a036e,6,,
0ce91639,4,,
14b688e0,9,1,
f7fe9ccb,,,
878b78ac,8,10,2
3358e168,137,,
68af16ac,,,
982ab09a,,1,
ff7b0f5b,5,14,1
e3ab96b2,8,9,2
d2527af9,3,,
49fd0ceb,,1,
45c8195f,65,188,11
eee95228,,1,
8c90b1a9,5,3,
3382b6db,14,8,16
d7fc7cf6,10,4,1
85599bc3,,6,
f141e647,3,6,
330274ed,,9,
67a7ea9d,1,,
5092e7f8,,2,
c1f8f689,1,8,
d5b43b19,67,32,2
b5e6b867,6,3,1
cd15321e,3,,1
6352a30f,,,
0eaede4d,,,
feda3f68,7,10,1
f7ad3d1b,4,2,
d2fc6f36,,2,
4ee68b43,4,5,
fa05ee72,,,
dc662776,3,2,
db8d6f02,1,3,1
7802a90e,1,4,4
9b47f9a7,,,
0a7b20e2,7,9,
f8598f96,,,
77683c3c,1,1,1
99956f56,,24,
d3ff902d,,13,
79eacf6c,16,,8
1d80f563,20,74,22
e8343e67,,1,
95174337,8,27,2
8189f9d5,,,8
86a9036a,1,3,1
c97a75d9,,1,
c4f32c53,,2,
4adfd796,,8,
57da044a,56,62,19
181df80d,,,20
b433b4a2,,10,
598851f1,4,2,5
e1d32bdf,16,,
91491986,2,13,
523562c1,1,5,6
22de0a8a,6,1,
9ffa907d,,,7
e9a72cea,,,
82c21914,,,
5ae97196,13,68,18
942074b7,2,,
5e8a0848,4,7,
c197113a,51,37,8
a19729fe,1,3,
21c6cfe5,7,61,12
79cda047,3,,
959cf09e,22,21,15
e4ef8e66,2,2,
23b8740d,2,1,
a1efe633,,,
0a7f2bf3,,,
f75e3350,,1,7
a62eb599,36,51,24
cc3570d1,14,,
401ae770,1,,1
747dc930,12,6,2
0c32bc99,,12,1
a071e355,3,2,2
6dc97431,9,6,1
37be6d98,8,,
a3d3d537,5,14,3
4f22705c,13,3,6
836cb196,,,
3e5afbfa,,6,
2adeb214,1,6,
c9114488,,2,2
9c998dd8,,,
7059158c,,,
58def1cb,1,3,1
40d731b8,67,60,7
4836e525,4,5,4
a9ff3f2e,13,2,1
85039ab4,1,7,
5aad4999,91,5,38
23d607dc,,,
b0b3e5ae,75,17,4
57df460f,5,1,5
b93f48f7,21,8,1
26795246,,9,
ea733569,,2,
bde49e37,,,
64b746bd,,29,63
a0d21407,,,28
fa4ffb87,,2,
8c754c45,,23,
a2a417ca,,,
587a2f4e,73,18,9
841d2d1a,2,16,1
fdac34e6,,,
3f3358b6,,,
e08b922a,,22,9
fd8af25d,,,
01f3e59e,2,1,
1dcafade,12,19,
9d23b512,1,,
ed8748b7,,,
3b350cdf,79,1,
ec466d35,,3,
6e5bd249,,10,
7bb7e415,1,1,
98ea82a8,,,
977ebbe9,,4,
991aad23,22,5,9
ef92a8ae,15,113,12
ee6b5e04,1,11,1
268392f5,11,34,1
d05fa0a0,63,105,27
23f36c59,,8,
39c3512e,124,54,4
cd54fc88,7,21,6
13e483ad,1,1,
a5382a33,5,1,
9fb1e257,24,31,14
69269e76,,,
ea971397,,,
75c7abd8,,,1
1dd558ae,,,
4a0e011b,6,8,
c18a1bd6,,,
d07bb181,2,1,1
5e8958a8,6,36,2
e14ae66e,,,2
617a91a2,,1,
87b894d6,3,1,
c213952f,,,
84c8d2bb,2,2,
7b3d1bf6,,4,
fa424474,5,7,4
0f00ec97,14,8,2
01586234,,2,
1a36af80,6,,
52d5e883,4,19,1
f1169f1d,,1,
4a3d244a,,,
45e7f713,43,72,11
528c78fd,,1,
1408c670,,,
ab5ac264,7,59,
370ce2b4,,2,
d60e2ea5,,1,
3fd168d9,6,9,1
1cd22ed3,1,3,
124f73b1,149,20,5
c6b8de4e,,,
a8ccdc61,,10,
e0098b45,,5,
ea702c38,,11,
04827e6e,,,1
9d9bb708,2,6,
8db55618,24,13,
403d89ed,,2,2
ae5a5d7c,,2,4
590a4616,,9,
bce664b4,52,4,
c9264b4c,1,6,
83eaf328,2,,
359be3a6,,,
69af573b,,,262
75f2b8c8,,6,
13ba57dc,1,2,1
bc76e670,,,
e9fc7b8c,,2,1
efbebc6e,,1,
f2031d40,12,159,6
f4b87dee,47,11,3
23cc9c77,10,12,10
d297b3af,1,18,
c006c591,4,62,2
a76660ac,9,28,1
b1eaa46a,2,1,
33e879a3,5,54,3
76bcccd6,,,
cbdd8218,,1,
7eee1145,4,1,
a4551773,19,22,1
b30d68a4,10,30,2
7d6515fb,1,4,2
4a9e7607,3,3,1
68f42210,3,,
ef5d168c,22,6,1
70a784b6,,2,
c39e79bb,21,59,1
421de0a3,5,29,
596c203a,62,15,
5aa5f19d,2,4,7
7c334752,4,3,
e466ccd7,2,4,1
75827226,35,75,6
9d8dd9f1,,2,
eec222e9,5,3,
1cc44830,5,3,2
c001b204,177,114,27
d9ae33d4,2,23,2
217eb904,,2,
1b5687b9,4,15,
443cd9ab,1,5,
983b1f9e,,1,
8838fa80,,5,
9855bb9c,8,41,12
b6fe164d,3,20,
1ac2640f,4,27,1
13c3e049,,,
0b05d3b9,3,3,1
e6b34330,1,4,
af42c378,1,4,
38a1b605,,,
c6c4f507,9,2,1
8bc59a3b,,,
d21cb66e,,6,
2e4aed70,,,
e6f9b9e4,12,43,
b251bebb,2,8,1
71399ffe,43,49,14
16f194b2,1,27,
6f2f1f98,6,11,
2e617735,233,89,51
21443f21,,,
aa56dfb9,,14,2
65922b53,3,11,1
d9b1dc70,1,,
361686d4,4,19,
86eb74d9,142,102,20
1d4a0b88,3,21,12
0785feeb,3,16,3
403158b5,146,31,4
8f32617e,,10,
67454352,,7,4
ce306ba4,8,,
636e14a9,15,7,
e2e5c891,6,13,1
ef65d0a3,19,,
c553249b,22,6,3
aa66b42d,,3,
7efa1270,,4,3
5338f843,,2,1
50a076d1,6,3,
a4dbf901,2,32,2
c50d39ea,4,3,1
28e59a1d,1,,
6e571225,76,21,8
27c099b0,,1,
d8c57507,,11,
b1ce9494,,,
36d44693,229,68,15
e2ec02e1,1,4,
dd514b2b,2,3,
9fde92f9,4,,
1265d7cb,,12,3
c67ca658,22,4,
96209b1e,,,
7233858b,3,8,5
49822ff8,32,16,
6a06e22e,1,2,
5a921a32,1,,1
693d4ca1,1,4,
118912e7,13,19,1
2047a9af,25,36,11
02e103b7,65,76,1
174a43cd,15,20,1
23f9afb7,12,1,1
b46cb3b2,,1,1
726e23ef,,,1
f236bc20,,6,
b88ba9a6,1,13,3
37f7d75e,9,59,5
a3bd9981,,,
7cfdf19b,,3,
d03b871d,2,4,
5e769ccd,4,12,1
f5596a85,,,
73720113,1,,
2c4e63a8,20,97,5
c20e3bf8,,,
e90562fb,1,1,
b62f8ea4,7,2,
263c10ab,562,9,2
10d5deac,,,1
a07fbd0f,3,4,
7e453df3,1,,1
18d37012,,6,
48b4d693,105,55,6
bcf374da,5,2,
b9ceac3a,11,12,2
d1dd1e90,18,38,2
2837fa5a,,,
0990b6ba,,,
6ec88f7f,,25,6
e18f6860,1,2,
9dbeb71a,4,95,20
da39931a,20,95,5
b658e252,,,2
d88b5bdf,2,9,4
65bf3afe,19,17,
845514d6,8,20,7
fd123965,33,12,
b8b1bca4,,,
f8902981,,,
f2573126,1,,
689d170a,5,1,2
d02ca36c,167,15,10
ff189fa0,1,2,
13c432f7,,1,
3803e5cb,76,144,36
2fa8c748,3,16,2
492bfdfa,224,105,173
35eaef7b,12,79,13
03f850f6,23,6,
8b538d62,2,,
436b7ddc,25,28,8
9a6b5733,8,15,
9e2c683f,204,44,18
bbb7d97a,7,2,2
f6acfb08,603,,
04b0d870,,,
3902dc02,2,1,
47c99f38,,,
f6373e4d,14,4,
006b45c7,3,15,2
907ee7b5,,,
4b798f0d,,,
95c626dc,,,
9cefb2a0,4,3,
23a36eb5,,1,
be82a2af,25,49,4
1162cc1d,,,
b7bd2978,1,,1
e43c9aff,15,5,1
f4101ab3,,6,
594b9639,6,1,1
3df46bf4,,,
269c2407,3,4,
fd3b4cc4,3,8,2
fa03a7c6,,1,
83d17e5b,,1,
4fcb7aca,,,
99c0686b,140,58,43
69b451e2,,2,
67b6b9a4,,,
23d72bcc,,13,
f13dd802,,,
a99f70fe,,7,
2d96da05,10,,
3f8480cc,2,7,4
14e0ce0a,,3,
9ff5b27b,2,6,1
6d4991e3,,,
b6d326b0,67,55,26
5c904074,,,
ba86f0a2,,,
47850563,,13,
7009f1d6,2,8,
54e54f08,10,5,3
20a31a29,1,1,
d31a2c23,1,3,
017c00ca,3,3,
ca6d01bc,,,
78ba492e,37,100,4
d22987f0,2,11,6
d6c45c70,4,17,2
05e8a781,,,
467736c7,,,
23ff851f,,,
49026f11,,2,
33af0cba,14,10,1
4328aa02,3,,
5a47ef8e,2,3,
31dadf02,,,
161b1aa1,6,,2
97358411,,5,
ed1a548c,,10,
2166104a,1,5,
01e94e2b,14,9,2
761711ec,,,
7c5b2405,8,,
5408931a,10,4,4
813c4230,,,
aa365639,1,3,
2490b1c4,,3,
013cda2d,,7,
b1cc7251,,,
75e1cc8b,,38,
9c23d935,9,,8
53f31432,3,1,
6adaffd8,2,2,2
d8fe98ef,10,2,
c5df2a8e,50,16,1
99119541,1,1,
c62cff35,,,1
b2c833aa,6,13,3
1caaf6db,,,6
c41c7b40,,,
01f20e02,2,6,2
1eb5f53a,,1,
01d2a252,,2,
0b92cec1,120,86,29
8f0003f9,4,41,2
3a9f4b83,2,1,
0636928d,22,30,8
10311c13,4,6,3
19031823,,,2
5b949c7b,15,,
eab4f4c9,2,,5
0839def4,,1,1
1c6d5bba,8,116,253
0699ff2c,229,136,197
a6111784,,,
bfb2da3c,1,6,
688e38ce,32,78,10
6f4dea9d,,6,3
ad4883a0,1,1,
a93ef199,4,2,
517503db,,9,
50b73469,24,7,10
4471dc08,1,2,
92d1d4cd,30,24,7
28016299,2,,
4fc74958,1,5,
b24f9c08,8,28,1
74bc8860,5,,
8a719e03,1,3,
834b6419,,,
7d89867c,10,23,2
2cd9ae74,,,
4b095760,6,3,
37356bfe,39,17,5
0d65f043,,,
7062ed7d,1,2,
043190c6,19,1,
c940470e,6,,
f452c426,,11,1
be5edd2f,9,10,2
aa775a19,,7,
c6f08b60,8,,
0386790e,1,,1
1d2e776d,1,2,2
50f2b245,2,9,
fa34841d,,9,
ff05e9b3,,3,
fc0e03f7,456,28,17
83a9aa55,,4,1
8034390e,17,,19
cd3ce27d,3,7,1
e3dfad30,,4,
f1c6e97d,21,42,2
d0c019a0,,3,
548d1ba0,57,52,27
dcc88408,3,17,1
bb018475,7,6,
02311c06,11,12,3
547ccedc,8,14,
bf83131d,,,
c24740c7,62,2,
99f10739,15,30,4
93af67cd,10,87,12
ec075c5a,7,22,2
8f94bc33,8,22,
640f3b05,24,28,6
98952b3c,1,11,
083b6265,1,1,
e287e02b,,1,
23d7fc47,68,96,20
9bc47bc1,48,,
466a83b7,29,30,22
74e22092,1,4,
cc859dcc,1,9,1
a670537a,1,,
84a3a9a3,14,6,
c124bbbb,1,2,
74c54c7e,,2,
4524f384,,2,
2404191b,,,
5ba48348,16,30,3
f1a53b97,17,41,14
5e2a9a56,5,14,2
5de68ef4,106,58,62
2d848c5a,997,,
72610d1f,1,3,
bfc4ba49,,2,
75d95d9b,1,10,1
db37ed00,,,
c98bdd3e,2,62,1
731ba900,,32,1
9ff4e8eb,1,,
4f2742d6,40,43,4
92f177b3,,2,1
9249b76d,,32,
32dae955,,9,
739b2df6,20,,
4be0b1be,,,1
3f432cd0,69,38,10
c0e190cd,2,8,16
2552a248,7,2,10
472723f1,,,137
4092ceeb,1,4,
d4245071,2,7,
462dfda5,,,23
642da2f2,470,,
,,,
