52e66b45,8,9,1
c8893962,23,20,5
9e6ccadc,,,
7894efe1,,2,
5df98d93,,9,5
d10a5433,1,,
92a3e07e,3,15,4
b851b93f,19,,
cd5265ac,,,
018a2e0c,13,7,
1d2fba41,1,,1
1ecfc7ab,1,2,
8f4b7882,36,12,4
38e674b6,,1,7
f947213a,,,
23461ce1,,,
66b993e9,15,2,
7880db14,43,21,1
7be34946,7,9,
102f9fd6,,,
5caabead,,,
dad7ca81,7,,
ebddc419,1,10,7
1e4cb979,,,
45ec2af6,,,
9c2c00de,,,
ae314e5b,,,
08c13b2a,,,
c2d8f023,2,,
fefc64a8,,,
74825cd4,,1,
5291d06b,10,28,13
53976e93,,1,
83911024,2,17,
f4c448ec,,,
d25b75c1,,9,
8c79461d,44,6,1
c59e316c,4,1,
14c6171e,1,4,
0a5dfff1,,,
f1ceb509,11,14,17
8134a2b7,,,
c970abe8,5,,
38450b1a,1,1,
8c2dfa66,40,48,55
9848cec9,5,1,
63a9bd31,,4,
1c61f1a9,1,,
7c6635bc,,,
7077e276,,4,
fa66960e,6,1,1
417b0e15,,1,
0ac38409,,,
04961ae3,12,4,
93d5bd94,,16,
12c18af1,3,4,
73479bb1,,,
5d35a0e8,,,
bbceeb3d,,,
faa327ff,,,
391c2e32,5,1,
3ca1d0a2,,4,
bc413290,,1,
761de40d,3,,1
e3dd381b,4,4,1
a1e7c0bf,,,
aeed5fe3,4,1,4
5dd1682a,,2,
950e4407,1,1,
70143b79,,,
589a7fc7,12,8,3
712b409d,,,9
6438ed18,,4,
9f82f167,,,
5f3bfa10,,30,
dcb21e0f,,,
a9e1e7f1,3,,
aa18f994,,,27
4315da8c,,,
ccd5e85a,6,2,
482731ec,7,,
9888504f,23,9,3
f9b0537d,5,,
d9a1e515,,,
723d341e,,4,
54d39c42,57,16,6
bba71f64,4,6,3
d77379e4,,1,
80669985,11,1,9
fe505941,,,
da4e4283,1,1,
441540c9,1,,
c81d8010,,,
f5bc9d97,,1,
4a196e3a,,,
9b427651,6,,
275586ec,16,7,12
e9516f42,11,,
98de08d0,,,1
087e1261,,,
ec61a3b6,12,3,5
3818e07e,138,13,2
8f9d6ff2,4,15,14
d8f529ee,,,
ec71d3bc,1,,
fdb18b26,12,16,2
65916a6e,8,,
46aab542,,,
ad95f315,4,,
7f1c60d3,,,
4d0a05d7,,,
c64a7156,,,
95721181,,,
011e340b,,,
40ab88b6,24,1,7
f86a5985,3,,
d972c995,,,
2cc2631b,7,22,11
ee91c6b1,10,3,2
ca7a6745,24,4,
b7e5838a,28,18,15
228e3a5b,9,9,
e4673b53,14,5,
3248b5b7,5,11,3
1193d145,3,4,
064a3f24,64,10,5
a75b5a11,7,13,14
e9d75341,5,12,8
12630891,48,47,16
baa4e81c,6,9,2
2105afc9,2,,
8c5f1bdb,3,2,
5b892f52,3,2,2
a6198d55,35,,
b9f15115,31,4,1
ca5291c0,38,16,15
66d0a356,3,2,
aa91de28,106,56,33
fbd95352,6,6,1
d52d8f4d,4,,1
75d7316f,2,5,2
36d35f3d,2,3,1
d0efa8c9,2,16,
1d09b3e6,1,,
db40b8c2,12,2,2
64d2ba96,,1,
f9f26e6a,,,4
c8830164,,2,2
ae3bf511,8,,3
235fd4d8,,,9
76ac001f,1,,
b30b33f8,12,5,1
5bfd28b8,,,
ff8b3a86,,,
0eb0bea5,1,2,
a928c122,3,1,
0d24b639,1,,1
2025a183,,,112
ff951328,15,,32
4e852820,8,16,2
03420644,,2,
c8f07c70,,,
2106e4b5,24,24,5
43a2bfcb,36,8,1
abc2a3f9,2,5,2
3cb96bf0,1,10,
5d74ab11,15,,10
1b3de847,,1,
af0763cc,22,1,11
120d2204,95,17,8
80454145,,1,
19cc5095,13,8,8
ce8634d9,2,4,2
0938ff43,,1,
d57139ff,,,
259cb765,129,64,13
1f97ae7a,,,
a4aa848a,18,1,
5f606ce5,,,
a018d17f,,,
bdda1095,,,
90d38c5f,,,
b220f684,,,
bffa8f2c,1,,1
15cf2312,1,,1
732a3208,,,
9dac0061,1,,
be04f4a8,2,13,
10a40da7,,40,10
aef4dad1,2,1,
b669b4fa,12,5,2
ff43fde2,,,
6da1e65a,,3,2
434579ef,,1,
7fddf86a,,9,2
8adcac94,1,,6
78214f71,,17,
b0b2873f,,,
e16798aa,,,1
affb0313,,2,
80ab0db7,,,1
d01911eb,,1,
932fbf8d,24,13,19
0e7d0ffb,,10,
64be0917,,,2
18d42177,5,3,13
92d71605,,1,
e8820082,,4,2
9af62159,,3,
38610245,,1,
3779f666,2,2,6
c3b4b960,164,24,13
669a05c1,1,,
27bcbbb0,2,3,
a8c9b1c9,,,
fea4074f,11,1,1
af3f87a6,2,7,2
cf8c51eb,,2,1
590aeff0,1,5,1
21d71ca7,,,
cb4cc705,2,16,6
67faeab7,,9,
4283198a,11,2,
3713a587,,2,
66f4c8d9,9,,
f1ba1fc9,,5,
19457ccf,,6,
3fe3b62d,3,51,4
2b5c057d,,2,
7465e7fc,2,165,5
0410a870,,4,1
50d90fcc,,1,5
b1a7090c,,1,
68c7812d,57,83,26
ab4e9e24,,1,
9a68ef84,2,2,
f6f60e5b,2,7,7
c95d3af2,,2,
8fc9b5da,6,4,
a33ceac7,,2,
13b6f1c8,,1,
58a9d293,,15,
94c3b4ad,,,
657f4a5f,1,3,
142cc27a,,,1
202a851d,,,
500c4f08,3,4,
8e136da2,1,3,3
3e286cbf,,,8
253ffe13,,,
6f7302f7,,,
31945656,1,,
c06b6578,8,6,13
fea25a2c,,,
c6b48044,35,9,2
2faca1a9,,2,
305feee5,2,,1
9ade6581,1,,
5d16167f,9,7,1
d33060a3,1,,
f06546c9,,,
cb080264,1,4,2
d04bf42d,3,6,
eafae102,,,
becbc938,1,1,4
60ef8587,10,3,
eec5f6f0,2,2,1
70bf44c8,2,,
0214dbfe,3,4,1
3ed50a23,1,,
3aaffc65,1,,
3d53a1d1,,3,
6106be79,7,2,
032d3112,,,5
ebedc838,,,1
64117fd2,1,3,3
eddd5042,4,76,14
758cfaca,1,,
5dd0f71a,2,9,21
65ca4951,8,9,51
407d3137,,2,
b0393eaf,8,,
118bed80,19,25,2
ab6cf7fe,,,
8408b63b,5,1,1
94913acb,,,
e689e9d8,1,1,
3e0f3169,16,10,4
ff033dcd,12,31,9
987a88ba,,,
327b791d,,23,1
8bab53a9,,14,
3fe0fd7b,1,,3
247a92ae,,,7
afdafecf,,17,
a9fbccfc,,28,
6a2a59a7,,15,
44d50b51,1,,1
4e108fcb,16,14,9
9af742d4,,,1
9c51378c,,6,1
0307f929,1,14,1
b1d270c2,3,8,1
14ee844e,,2,
3f1cd08b,,,
edb2cb98,,2,
c64742c9,,,
883117af,2,1,
2f92126a,30,79,63
d93606d9,2,,1
e75b0785,,,
2a6b8a9c,1,,
d3d4fb3c,,7,
26a34ae6,,,
88d902a1,76,14,2
da34c534,1,1,13
7caeecbf,,,
d6480148,,,2
f2c5d3a0,4,2,2
713710f9,1,,14
31d38724,,1,1
ee4c012b,9,17,5
3da645d2,16,1,
97c5a4f5,27,72,23
3c4edc6b,,13,2
d0baeb43,,1,
79df1162,3,3,1
1e1e4a79,,,
55ade1ed,62,4,11
55b93fb6,6,1,
2997ad88,,,1
c138d2ca,39,100,78
dff5510c,8,71,61
5b78104b,,,
93e8f027,,,
e130b819,1,2,14
47d585ab,26,,
3fa07eae,5,15,
f2ec9da1,3,14,
19ee92fb,,,
bace2c8c,2,2,1
d7787ad4,3,15,
1ae2386f,,4,
176caf1c,2,,
846938b4,12,8,2
e4a5820e,,2,
4a241786,,,3
9d5176f7,1,,
05f8ff85,1,,2
67390eea,,,4
3f93474e,,,1
3f207146,4,5,
58e4fb17,3,,
fd746535,,,1
08676f45,,,
66a72059,,7,21
1a6cf392,,,
21d0510c,8,1,1
9e4163da,,,
bb5ecf9d,,,
196ff979,10,2,
0e1ff58c,,2,
d138dc3b,,1,
b7fab86a,2,,
952706f8,,2,
74c871c1,1,1,
9f0af162,,1,
ca640401,1,,1
29ff6b6f,1,,
bbd20383,,2,
190f6be1,2,3,
8849baa2,4,,1
7b2baa99,,,
d3b4dc9c,,,
300ef64a,,,
76e45225,14,,
3a2ff5ed,,,5
e305ae17,,,14
e00c6eec,14,11,8
6aea85ee,,1,1
1360816a,36,,
2f21db0b,,1,10
c303e49b,13,,
971be4d8,4,2,
247be1dd,28,,
7fabd84f,,2,
72ebdc06,5,,2
80d13ef5,,,
e8640bab,,2,
b9a510bb,5,2,12
1d457fd2,,,11
f40e8873,,6,
d0ca11e4,2,,
6b7f9f8e,,,
2f88f06d,77,65,8
d8e4bce8,3,1,
1853eca0,,1,1
a3f0d2d5,,,
8faf61f3,,,
817b04b8,2,2,
fa0ebda1,3,,
3248e67d,,2,
fe7bbabb,5,,
9d3124ae,2,6,1
ae7bed8b,,,
854e6418,1,1,1
e01a0286,,,117
2e70076d,,,2386
157910af,,,
abbde88c,,,
c5d5db4e,,,2
9b61d373,1,,
ad5cf782,1,,
d36fce04,,,
62968af9,1,,
da5c38e0,,,1
ead72342,,,2
3ea1dd62,9,2,7
376452e1,5,,
ad3eddfc,,,
3f388ae1,44,2,5
35786f34,12,38,14
7075d488,,,2
11efdbdf,2,,2
06586b5a,,,1
1e8aac54,13,,3
18baa5f8,3,,3
ca689634,2,5,15
8007d87d,10,,
f1b621d3,11,10,11
7f20e63a,26,80,21
b3d8d0be,3,13,7
63b716b4,,10,
7d4ff389,1,14,
f21201f8,12,5,8
f70dfe93,1,,
349323d6,16,12,4
3883113e,3,1,
c592df67,2,1,
4ae7c03e,6,,3
ce6b3c9e,17,5,2
21d1257e,10,2,
27b50875,,,1
310b4c0b,8,,
225ca305,,,
99c47be1,,,
84fdfab0,1,,
528dbad4,,1,
d4075748,,2,
2c59c46d,19,,
a258ae81,19,,
5a1bbd88,5,30,5
f41e7c7b,21,12,5
1cb0800d,35,13,5
49aba9fa,,,
0c79e427,,,
cb645cfd,,,
8ceb04ad,2,1,2
d68edffe,,,
b277637a,,,
05219d51,,,5
d26f5db9,,,
fa9cceed,132,15,3
ce3d2fbb,12,12,5
48ba6087,52,16,3
83531877,7,,
9b7b30cc,,,
5bb64f8f,11,8,2
44fbd498,7,1,
d6a5ec76,4,1,2
58ec94e7,,1,2
93ae391b,2,1,1
284c0032,14,2,
42a24dde,33,9,
3899e2e0,22,1,
26318b0e,2,1,
d5620ea1,,,
2f43ff73,,,
8d088989,5,,1
125f6c61,1,,1
25b3254b,4,,
031f50c8,3,2,2
f662fc6e,2,,
5c76412d,,,
f267254f,2,4,1
dc205824,4,14,
d5fbea10,,,
0aaa36ce,3,,
5a03bf5d,3,1,
9fb7d8b6,,,
fdc1ac10,2,,
5de4f2da,4,7,2
6fa82bae,4,2,3
4cce7fa8,6,9,2
27b1b22c,,1,5
750d980f,1,2,1
747e6a79,6,,
1b618345,2,2,
53f6d339,1,,
fb455b94,1,,
7c5a1691,,,
5bc60cf3,4,,2
55a20e95,1,,
af6eb807,2,3,
44a94cbb,,2,
e130a7a8,1,,
d9c83f3c,5,1,3
928e55c2,1,,1
7edaff3b,22,9,2
8694f3ed,2,,
ffefe905,,4,
b0e73a20,,3,
de567219,9,3,
315dd2d8,17,,
726ba2a9,,,1
80d17bbe,,,
03092d20,,2,1
70ab70ff,1,4,
5b01910d,12,6,4
198aca25,22,7,4
843c6bb0,,2,3
e0c9fb77,,,1
285f031a,,,
e76f3344,13,,
e1d04de3,,,1
11297396,9,2,1
6dce6eb0,,,5
7c9a7e54,,,
b063319d,3,4,
c8124d11,,,1
722e7fa9,5,4,8
f8fe13fd,,11,1
0685ede2,20,7,3
d154fbd7,6,,
15605a5a,,,
8e9d46ff,1,,
cc9ff686,,,2
739f6b76,1,,1
65b093df,,,
4215b09b,4,3,18
95eebeee,4,,1
12711d9e,1,2,1
b548037b,,2,1
9c72b9be,16,14,5
e5e22629,3,3,1
8195d550,,4,
85c4ff80,,10,
0d50a3e7,2,4,
9325641b,7,4,2
e007e01e,3,8,7
9b175bee,,,
cd635df1,1,4,9
138e6efb,1,12,2
97cdedf0,1,,5
8557a577,,,
a616ac4a,,1,
31f90802,3,1,1
f45c2dc0,,,1
b88117b7,,4,
c34e38a4,10,3,2
debb535c,,,
ebe60b77,5,,
27d31a54,2,2,1
78e21339,1,,1
a21ff2d1,,2,1
1b8674b4,3,,
8bc06cbc,,,1
fae96f44,4,,1
8da01ae0,,,4
6588f4b7,6,8,1
1d4a0f5f,14,,2
f5eae7da,,,
84efa099,1,1,
8ab87f46,1,1,1
a5797f9e,,1,2
b9d694f4,,,
80f7b3d9,,2,1
9a89856e,,,
8dc41b59,15,,
176b1849,1,,
239cef99,2,,
06635bbb,,,1
dde950e2,2,,
ab03b636,,,
8912aa17,,3,
c03a47fb,4,3,2
a323fa6b,1,1,4
24bdec91,1,3,2
1ba7cea8,7,2,8
c78db43a,1,,
464d5c53,,,
9e725017,4,,
5d31fb15,,,1
01638635,21,5,
f8c99e37,,,
7886e43e,18,3,1
468729ae,,,
c8f85a9d,1,,
08ebdcc3,,1,
d0aba117,,1,5
5a8cd1c2,,3,
ccf0a827,1,3,2
6fa7813d,23,1,
8fd24901,2,,2
643977a6,,,
ad15fcaa,,,1
8ec1391b,5,7,
3cf40a25,,12,
e70919d8,17,1,
5f6a3cb6,3,2,2
7fb9c8a3,4,1,
b5bf064b,2,,4
7c08618f,,,
f3673bdd,,,
40858f61,10,,
7d6784c1,,,
2f637052,1,,1
fe4ec8ed,,,
dbb67fda,,,
8fc87612,,,
a976d813,1,,
1110169f,3,1,
6d665cae,1,,2
9378bc42,2,2,1
5141b9d0,,4,1
1760d3f0,,,2
e8dd6d11,4,6,8
ab10ef00,,,
1b2a4f97,1,,7
265aad7a,,,
14c0df4d,2,,
f366c3de,,,
1cd9d2d1,2,3,4
d3cb4c58,,1,
de6c6582,5,13,2
b211f329,12,9,3
1d9d483a,1,,
1beeae39,8,1,
440ce5a4,,,
407c8496,2,1,2
6b8e52c3,,1,
1e569e17,,1,
d665c1ca,,,
4d987dcd,,,
bc5349d3,21,,
448f63a1,,,
5f061e30,,,4
f76811e7,2,3,1
93967fa5,13,7,1
3f9ad601,,2,3
bd87024f,,,1
486e6180,1,14,1
1dde37f9,6,12,2
4926859b,5,3,
1802cf79,14,,
3c2d6175,,,
7bc7a581,,,
842a4ba4,,,
4251e9f4,1,,
e00929ef,1,,
e6b782d1,4,,
4578731f,2,6,
f4f17245,,,
3ce173bd,,,
36198636,2,2,2
ef79f56a,1,4,
bc047f28,,,1
3d9e05bd,,,
7aaa13e3,1,,
e9d4423a,,,
733e54e2,,1,
13515114,2,66,60
4a3f2df6,12,,
d0c872e4,1,,
e585de1f,,,3
a6c2b7ae,1,4,
e9d91e04,11,,
161f5312,4,,3
09a3baa2,2,,3
96283c6f,,,
b0dcda67,2,2,3
86ce62ab,13,3,5
ab9e9f34,2,15,5
a811bad6,4,6,1
c9ea446b,3,,
82935114,5,3,3
c17169c2,8,1,
585b06d8,8,1,
76be2d37,,1,
729a8c2d,,20,
a938557a,,1,1
3749ec2b,,2,
017467ab,15,7,2
5e052cbb,1,7,1
530b3f97,28,3,
1a203822,2,1,
fc40df5a,8,,
a2e592a5,,,
c7f689fe,1,,
606cad20,,3,
c8f5d57e,,,
81b663a8,5,3,1
f6684273,,1,6
46158895,5,3,1
43af9fdf,16,,
acd26874,12,,1
1a1e0aa1,2,1,5
4278cdfa,1,4,1
57a33209,1,,
b0a8aef3,2,,
a7751c27,2,15,2
e69d8403,,4,
e9753520,1,4,1
e585241d,,,
8b2afedf,,,1
691253db,,,
2dc43ad2,12,6,1
3579c04d,,2,
eaea9467,125,24,18
d6fbda8c,,1,
00b5122c,2,3,1
e3923e30,3,,2
25874f16,,,
2ce67f83,,,1
a6ccf070,142,8,
d8b18f2e,48,,
7cb7a5d3,3,6,3
8b3e344f,13,6,6
0f2b81eb,,,
e43a9588,36,6,1
adf127bc,28,,
4b0bc1cc,3,1,
e4ba2db4,19,,
64e34e44,3,3,2
5a52c029,1,,4
00e437f4,3,,5
c7a12c51,1,2,3
677c3884,,,1
344bbe37,46,13,1
92d44782,,1,1
04d9f6b2,2,2,
06010dc7,,,
2b92eb88,,6,
9a857cca,1,3,1
b206310c,13,,
af161bff,,2,
28c45e60,38,2,14
8747d950,7,1,1
1e82d7a9,52,11,20
264b7307,2,1,
41441c6b,,,
d8dab758,,,
25832cdd,,,
3ea2bf67,,,
af4936be,11,3,3
5950ae4b,1,20,
ff32a690,,,
5a241527,6,1,
d883cda4,,,
c45a107c,,2,1
9c693bcd,,1,3
0ddff905,,1,4
7e9220ee,6,8,1
5bfaa36f,20,10,19
4e7db50d,6,11,6
39d09ae8,2,1,3
17521a16,2,1,
31ca6e48,,,1
427bc001,9,14,8
39dbb0f1,2,1,
84dead8d,1,2,
899fd91f,1,2,
4b81c5d3,,3,
93b572cf,,,
7a86dc49,,,
d82ff610,,1,
850852a3,,,3
51eb7cea,1,,1
dda1c41e,33,26,8
c2567cb2,14,,
5490d9b2,26,10,13
ae7ad39c,14,,
956d3134,,,1
570cb6d8,11,7,1
534d0bd3,1,,1
73745d37,,,7
b270b262,,,
e7fdca92,1,,1
9eebf1cf,3,1,2
f4a654fd,1,,
a4f14b52,3,5,1
c7be3968,3,3,
dd91f777,6,8,
bb29c772,,21,
d87b82cf,,18,
60f0c0c7,3,139,2
756e46ad,,3,1
a99d63b4,2,8,3
82a1c42f,1,1,1
fe02f89f,3,2,
87670dcd,1,1,2
eaa3fe7f,,5,1
faf7250a,5,5,9
519e11ae,2,6,
3c5934e4,7,8,
bfc2c480,,,1
b6374e85,,,
04c175c6,,,
0eb755f7,,,
e78afec0,1,,3
f66dc403,,,
4c1a6c2d,2,3,1
b796d204,,,
5e7ef66f,135,1,5
fb763844,14,,
1db289e9,,1,
243301a6,4,1,
09931643,,,
8bc5850f,55,4,
f00a5d77,17,1,
2f07821e,9,,
21649c3e,1,1,1
6f0861df,14,9,5
5652d173,5,3,2
bd37bc54,4,1,
075acb48,1,,
b74f891c,,2,
c478e6c8,13,1,
5f8d4a27,,,
29c3a7f4,2,,
1e43fb20,,,
66f93c35,1,,
bfa1226f,9,6,2
a5fd16a4,41,,
ce6b9478,1,,1
8b209136,2,1,7
ff84cd2f,,4,
ebb6d01c,2,,
76ec5fce,4,2,
a4c2825d,6,4,2
d700c606,,,
a1fbfb12,9,,
cd109336,,1,
9eb1a269,34,4,6
a183ba71,10,,4
08d5436c,,2,
a73a2c44,24,25,10
89a1ef4c,,,
3921b5d4,,3,
60b99d9f,20,,
c3e55a27,2,2,
71f77157,6,1,
436dc936,2,,
4bf949d4,,,
7b28cd6f,6,,
ad0d5834,,2,
de90c29d,7,7,1
f3cd93e8,,,
3e64b406,,,
e97fd71c,,,
76d7bfba,19,9,4
da2661ef,,8,
557568ca,112,7,4
904c8149,,,
2ccc300a,5,,
9fad2eeb,,,
3c851e75,1,,1
529a0ee1,1,,
4fc17dee,,,
6bea574c,6,2,3
78efb763,2,,
2d0e48e0,,,
12089f30,1,1,
c079f2bf,1,,
355e1c7a,2,4,1
22de8ed8,7,1,
95e80581,,1,
c95f6b55,148,30,9
79e541db,,,
d3dd50fe,7,,1
cae6a7b1,9,,2
4dd880c8,,,1
5ed348f2,11,,
48da0133,,17,3
62f576b0,1,,1
e23089c5,5,,
21072ee3,,1,
3de93ee8,3,,
ae7a892f,21,6,
cddd8230,,,
3985471c,,,
829221d4,,,7
cbc89042,,,
3a58f0ef,12,1,
5f55f99e,3,,
5a132178,9,,
0464f565,3,8,6
7639f331,14,,
a846ed65,2,,3
f8f76a41,16,4,3
75f7c136,,1,
3e6868e0,6,,
198cefa3,,1,1
306c468d,7,,
ce56bad9,,,
918f0a5a,3,,
df41fbe0,,,
af1b08c7,,,
88b209a2,7,,
c496c41d,,3,
f31edaec,,1,
84d0dadd,1,3,
a9f24824,2,2,1
0b6c1671,3,,
3c924f80,1,2,
62b6bdf4,2,1,1
81a38095,17,7,1
77c6703f,14,1,1
b1716c58,,,
db1c0c1f,14,3,
bd6f6fe4,,1,
575cd643,1,1,
4ad2d0ec,,1,
bb56055b,5,3,
97c667e4,,2,
ecc666ee,,,
ef3b7a0b,5,1,
0b58c2ff,7,6,3
4a5eb957,5,7,2
c8e8151c,2,,2
93863606,52,9,2
18dfb52e,2,,
6717ae87,,,
6a278a48,,1,
e0f24476,,1,
844457bd,3,,1
082d5d9b,,,
4f7060cc,2,4,
fb62cceb,,,
99b74eee,,1,
27fbfdca,6,,
2b9e78cc,1,,
49c9a8b0,10,1,
5af24fee,1,1,
91c65c9b,8,2,
5b6691b3,,,4
bb439e1d,2,2,2
2aacdea5,,2,
20d2ba63,,1,
5cb37751,8,1,
4e41ad79,,,
bc65defa,,2,
ca877b7c,8,,
c091f1f3,,,
421b88ae,11,2,
400d0447,3,,5
19769121,,,
cf21a719,2,1,1
69f313f5,2,2,
ce01e785,1,,
ed099e69,7,3,
afd73927,,,
5d26d3d2,,,
7a647a70,1,2,
a154b66c,16,,
2eb41dde,8,1,
75e15e43,3,1,
50395df3,,3,
724c57af,4,,3
fc122a2c,,,
aa245589,,,1
8845142c,1,,5
b3da4f67,2,1,5
2037361b,2,2,
88100667,,3,
3fe269ad,2,,1
5e56a62c,15,9,1
328e4d46,,,
9f532870,18,4,4
d40d58e3,1,1,
736d9fdc,3,,2
0898cf63,1,1,
b3dedec6,,,
9b2cf807,4,2,
8b051e0f,,2,
af3bd657,,,
346dc995,9,,
77fea3de,1,,2
abfd88d5,21,1,6
a3267bff,6,,
913b4982,22,29,7
1638f611,1,,1
895dc339,,,1
d8f715d5,1,,1
8dfe81d2,,1,1
fa2a582d,1,,1
bb336652,,,
d869a221,,,
f11d2de9,,,
0e8d5f0b,,,
fcb24415,,,
6a3f3877,,,
3882a974,,,
0295a0d2,,,
74827626,,4,
72c592aa,,,
cec9351e,1,,
a25c32af,3,5,
c58e16c6,11,4,3
7da0ee70,,,
87aae9bf,,,
9e46a9ad,,,1
9e72eadc,1,,8
3fc9e27f,16,,
bc41dd56,6,,1
ad34d6ec,1,,3
c69600dc,,,1
26109de6,,,
419bdfb4,2,2,26
038235e0,9,2,4
756b6862,,,
e4eb7595,,,8
6e813ca4,2,2,1
bbd2eae0,1,,2
975fbe1f,,,10
0228096e,,2,1
32755003,62,4,3
44615390,,1,
896c61e3,35,4,
933c25b4,1,,
64b87cb5,,,2
264b6bc8,,,
222c8266,,4,
8d77362b,7,3,1
58b10a2d,,,2
d38ab979,15,2,2
3d0f5f92,4,2,
47632cc7,9,1,23
8674b35a,24,4,2
926a8eea,1,,
b05fec09,2,1,14
8470c505,16,8,5
63efa958,7,1,
9111374d,1,,1
77596770,,2,
77b67ef7,13,2,1
4fd39443,,,2
eda94781,3,4,2
99d92aa0,,,1
5b86ce9a,6,7,1
39315270,,2,17
d3b12fb3,15,2,3
2cacf84f,21,3,9
719320a7,7,,3
8d5be3c4,1,,
f2b938d3,11,,
0cc49b44,12,7,5
3ec1a3b6,12,3,4
343c8364,,4,2
cf7f7cc5,13,,
e8cebe01,8,3,4
7f787e51,3,1,
f24b976e,,,
112f2809,5,2,3
59407f24,,,3
72076a82,,3,5
620f8fae,8,1,
89f94690,,,
77cb2037,6,3,
eb9a52b8,21,1,1
2915da9a,1,,3
32e7a30a,2,,3
2c6494bf,,,3
15328277,2,,
3930b7dc,1,2,5
c28e91d4,4,,9
08958b04,24,,
d95c869f,1,,1
a20af30f,7,1,1
3b1f4152,8,3,12
54cbd1de,,,
aafbe6be,1,,2
ec3032ad,,2,1
49597b81,,1,
b361a114,,27,1
501e8f84,,,
ec9ca363,5,1,
4816bf05,9,6,5
7661e024,,8,
70dee2bf,,,
eb290a1b,2,3,
d78fdd1c,8,7,2
10eb44f6,5,3,2
cee474c3,,3,
c5a34a6a,3,4,1
2da88f01,3,4,
4377abc0,22,,
662c36f2,7,3,
684dc756,,,
ef77a857,,,
f6dcd851,,,
eac6ed04,,,
5182cbe6,,,
383bbee7,1,,3
b20e6e46,1,,
2ffa96c9,1,,
c3cbb49a,2,14,1
2c1b9cd7,3,2,2
b6f706c7,,,1
8c5a375d,3,,1
8717814f,8,1,1
27a2f515,4,,2
bff7ae0f,1,,
0513b1f8,,,
048acaee,1,,1
a72b9a8a,7,12,3
7d849843,,,
26e8efca,2,,
f3f7b84f,,,
624f2627,5,2,
af7f19cc,3,11,4
fe7c33b8,2,,1
b6bf0c1f,,,2
e980c656,,2,
84c142f5,2,1,1
ecbd9514,1,,
fba2bbd0,,,
c0222c2d,13,,1
3b603ebf,1,,
1676b39c,1,,1
f319112b,8,3,1
cf6eb1c2,3,,
c427a8fc,2,7,18
f8681148,42,28,9
87a0bf10,,,3
6a824901,11,,
7daaf900,,,
f895c242,,,
44863d70,,1,2
31fec00e,8,1,17
ba4562d8,5,,
462fdfbd,33,,10
cbc530c6,54,5,2
f2872959,2,1,
eb34c4f1,1,1,1
4ed421b6,1,,
c4e61e54,2,,
769eadbd,,1,
f4d469e9,7,,
abc41d7f,4,1,3
ed099e93,,,13
86929f80,33,10,5
454cd22e,1,1,1
34b4c288,,,
cda43ebb,,,
051e81bc,1,,
b3a759b7,1,,
c6d0c734,1,1,
280e2862,11,,
d8006045,,2,
f03b7ce9,1,1,3
eddbfa4e,7,6,2
5c1306b0,4,4,
5c3490ab,3,2,
760ad4f2,2,,
762b2db3,102,7,1
d7211ee8,,,
c3b2cc2d,3,,
8ce84afb,5,,
44db4677,1,2,
8f546177,,,
b0dcc252,7,,
82dc2a37,,,
d136f2f0,12,2,
0906aa7c,,,
99430f5d,1,3,
984668df,1,6,
bb32abed,,2,1
67b1dd60,,,
90945c09,1,,2
bb401501,,1,
eb880ea3,,,
c01c0aa8,7,12,1
da356dd5,1,2,
d4c2e817,6,2,3
7df9cbcc,1,,
b88d360b,30,18,6
32d1afa5,,,
2a75da33,3,,3
63adc2cd,,,9
9d67f597,1,1,1
69e81cab,24,,
52eb1dc9,,3,
fb5d53a1,2,5,
b78ea3d1,17,,
8928d65e,,,
9c6ddbdc,2,,
067355c1,,,
b8414929,2,,
0e5609bc,,,1
c1f2c4e6,6,,
a663d2fe,10,,
6b1ba5cd,,,
daa8ddb9,,,1
4492a430,9,2,
ba545bec,,,1
244bf2d3,4,2,
f02efff4,2,,
166b0edc,,,19
f00adf79,6,12,5
bb4a1660,,1,
51823649,,,
b9e0fe37,2,,3
ab342c40,23,2,3
5ac05d48,5,,
13c4a8f1,,,
c10602b7,1,,
9aa73443,2,,
db2989fc,1,,2
a7710122,2,,1
46205bb3,,18,3
f62ef2b7,2,1,
55935429,5,6,
2aa167a2,5,,2
c3b054fb,3,,
023c2e73,,,
c46ed310,,,
ee3e1268,6,,
286a66ec,,,1
4791c463,1,2,1
66d928dc,3,13,5
a10d9c32,11,,
96eb1200,1,3,7
efb7b1b4,2,,
0efaf1b9,5,2,1
24272cc9,,3,1
7ab411b1,1,,1
7c59a00a,7,1,
233dbd09,3,2,2
d01635e8,38,8,10
e6e07d32,1,9,1
2016b1ae,5,,2
3bc125a7,,,
68ceafbc,1,,3
7741c11f,2,,
33923e4e,35,11,7
ce6d8842,2,7,
f4c9bdd7,11,3,3
6c0209f4,3,,5
5d6b343c,4,,4
bd70b9db,1,,
710adcfb,,,
b45b9677,1,,2
43f3f3ad,2,,4
a90329f5,,4,
b5403f8d,1,1,3
f375e673,,14,
cbca8d00,16,18,49
af1f73b2,,,2
b6b13e8b,,,
c25ae9e2,2389,,
b35e2bbb,2,,2
bb9b828b,4,,6
ba4db5fa,5,12,
04ec6455,,,7
041c06f6,,,2
5fce176e,5,5,2
a5e2b690,8,5,3
7167392b,3,21,2
f65173be,30,3,
d634250c,,,
c69a4d39,16,4,
9a93c496,14,8,1
cfb96fbe,,,
72505323,,1,1
3b9bd5f8,8,3,5
f6eeb8c0,5,3,4
daa1e88c,7,2,7
880e37be,12,4,3
c9c060f2,,3,
1b0e1806,14,13,3
3665f119,18,2,
072eb9b0,,,2
b57370b0,,,
0bac85d8,3,10,3
a06813ed,,,6
e6d4cb0a,6,1,
f3fa9c85,,,
f2e86e71,,8,12
0122417f,,,1
daa1fa48,,,
3c9e8f2b,5,10,3
79759998,,2,4
41837185,20,,6
0f191f1a,19,3,23
297ec0de,24,2,
d2847323,,,
25d1049f,,,
7aa2a712,,,
b1ff12af,18,,
66903136,,,
797d1a59,,,
ab5d6d97,,,2
07dcf3c5,3,,
bde18bab,,,
a51d02fc,5,,
ce8b133a,,,3
e19cb56f,1,,1
9ad80915,2,3,3
ca43e1b1,,,1
6bcf6940,,,
cf22225f,1,,
44364840,9,2,
e878da23,4,7,12
f6188a60,21,1,
495a4902,9,,2
283e0530,,,
781888cf,,,1
76f6842a,4,2,
b54feb3d,8,,1
97b4fc9b,2,,4
b8ef61b5,,,
39194403,,,
634d3482,21,3,
a544167a,,,
693717da,4,,
0b421ea5,2,,1
f891fc76,1,,
0f9fe08c,,,
9810b2c3,1,5,
04f70dec,,,1
c6cd754b,,22,2
4768a8c9,,4,2
f75b2b9f,,,1
1000d168,2,2,2
75fd690d,10,2,
cf2f9ba1,4,4,2
78b95422,1,4,3
1c5c8ff2,7,9,3
70555650,4,1,
b11667de,5,7,5
5defb172,2,10,1
e925da5b,,5,5
6037bc6c,,14,4
d4af3491,2,2,2
5672ed90,3,3,2
52a27f7b,1,3,3
db8333da,,,1
7a9beaf3,3,4,2
b10d431a,35,15,
007925b4,,,1
da21a9b7,,3,1
55a48ec6,1,10,
aeef47f0,,4,5
845aa65b,11,11,3
b91ef044,1,,
06a8de16,2,1,11
8748ed36,1,3,1
eb0c1435,,1,1
c9fb957b,4,,
128cfe35,5,1,
bfce585f,5,36,33
ec4c1998,,5,2
0d3aae0c,6,11,12
b7b9c5cf,13,15,1
cf438971,10,1,1
89428706,,,4
a71ecd65,1,2,1
d598002d,,3,2
3658876b,7,7,2
51c5fcd1,,5,
81656100,,7,
bd1edfc3,,,1
0bbd3aae,2,4,1
6e06a08c,2,9,3
3838394d,12,8,
38ad73bd,,,
a0b07ebc,,,
2e0f918f,5,,
d94c8c1c,2,2,
fdec4f14,,1,
05367c09,1,10,6
5034c824,6,9,1
1a4a7799,2,16,6
51aca503,15,7,
98da6726,4,1,
b636a620,1,3,
ded74037,,1,
edb2bb64,,1,
41995f8e,1,5,
05930a30,6,8,
3792272b,,,
67d6dab1,,1,
4dac47f5,,,
f0ee9b31,,4,1
634dce80,1,,1
d7b85d08,,5,1
65d31f4c,4,2,2
d5fb4ee0,5,5,
160adcf3,,,
42117fba,,,
e29a99e8,5,4,1
e12843b2,,,
2565d59c,4,,
3a44393f,6,,
d5d05a27,1,1,7
66805654,,,
d9a7fe6d,1,,3
1cdf03fd,,,
a944aa7f,,,
7a6d0db8,3,1,1
2a256b30,6,,
b1ad4590,1,,
70fa8e65,,,27
fc869c39,,,1
59f29f45,,,
8d4e366a,,,
c0700cfd,,,
115824f6,1,,2
fe277270,1,,2
7035637c,7,,
2ddf0023,,,
c7ef1673,2,,2
4ebcb333,1,,
fca2c214,3,1,37
c81d6bd6,3,4,2
fcd7a95c,,,1
3d27b049,3,,3
e9c072d5,2,,
90db4f05,,,1
74ce7333,,,3
6f20f5ae,,,1
e1733c8c,1,,2
ad670af5,,,1
881c1d9c,4,1,2
b9882837,1,,1
d3aeaffa,,3,
674a8f0e,4,,
454dd73d,3,,3
863efe6a,26,12,19
2d152ee2,3,1,1
51d8f5f0,3,,1
d56f3a54,17,2,1
e5a002a2,7,1,
5407b559,2,5,6
528ad05e,,,
ca3e9262,2,15,5
0d5bb0f7,32,1,
a825919a,8,8,3
dbc3c89a,,,1
4a44708c,32,10,8
ce323f8c,7,9,12
1cba44de,,3,1
649fe76f,3,1,2
d2e97411,18,16,
07821669,26,9,6
108b7cab,2,2,1
e9e54958,,,1
63c250e3,,,
6d73019b,8,1,2
affa89d1,,51,1
e825562c,,,8
03c704d8,,,3
3ddd7473,,1,1
df409c31,17,,
ff496c19,31,,
3ea9d5ad,4,2,5
5a1fdc0e,5,,
f8c30b0e,31,3,
4581ed7d,,,
89284243,1,,2
7620b0fa,,2,5
db603b9b,2,,2
c671cab2,6,7,2
29031759,38,6,1
10f43cc4,2,1,
23c90a56,7,1,1
af315d77,,5,3
82ac3678,5,,
0645d027,1,3,
2cf10c00,6,1,
8d391c3c,1,,
17f010cd,8,7,4
eba93826,8,9,2
197397bc,2,,1
6421fafa,1,,
f79e36a6,34,5,
5c1fcbcd,,3,
64375756,6,,
9aa4ac8d,15,10,6
22b8c1ce,,,1
ae4edc52,,,
296a8a31,6,,
dade2b52,4,9,1
f6d2ec5a,,1,
ee8cd08c,2,,
36f0f5a8,,,1
b4559e34,5,,
232b3a6b,1,2,
978126fb,1,,
fb62b10a,1,,2
1261a040,,,1
42ef705a,,,
f002d367,,,15
f7d5e5e5,,26,
fba1d892,5,,
619ab3b3,,,
1bfdef15,,1,1
fe52df84,,,9
71ed6be9,,7,4
f1c6f6e9,3,14,2
d8e82e68,,5,
45376341,,,
667e2d4f,,,
8470c941,,,
e06ee950,1,2,2
6e1ceb8d,,4,4
0e84022e,,3,
6c70dfd4,2,4,8
c05689f9,2,2,4
ab19d0fa,12,2,2
4a53794d,,,
1d9c0031,1,5,3
cc717efa,,,9
a327308b,,5,5
e840fbad,,1,1
c424e8f0,,,4
2bcd8bf5,,1,1
d8b4b48d,,5,
6ee91f4a,,1,2
d188acf7,,1,1
3b98212d,,,1
a07cf22d,,1,2
b3684bf2,10,,1
8958712e,1,11,
e03ee92c,,,
2faec95a,,,
e6759cc3,,,
63fbcc7b,8,,
4aa8e25f,,,
682d92ae,,,
98a997f7,2,,
ffdd1411,22,19,6
e068a623,1,3,
0cf55a45,4,4,1
eb59f087,,,
378b2073,,,
5d0b4c16,4,,
47016040,4,48,9
e6d36938,2,5,12
c9dc5be7,5,1,8
f00fd35a,3,4,25
ca09265e,1,,
9459f254,2,1,1
775a3439,1,,1
39f2006a,5,5,
2b4ae9fe,,,
1ebbf986,4,,
68a59a0f,1,41,1
e84fe2cf,2,,
3319874e,3,34,
695fe95f,3,3,
959e4406,,,
7377bef3,10,9,9
f74371d3,,,
f023722a,,,
52929f4d,14,9,5
762e7699,,,
c8486b40,,3,
b42a3921,,,
739fe2cc,23,5,3
9cf5b767,4,,
c0b713bd,,,
70016637,,,
9d1a555c,,,1
ded1e346,2,,
384c8401,,,4
10d143bd,,1,1
e38b707e,2,2,
ae5d0ba2,5,17,3
bd34ea88,4,,
709d76fa,1,,5
58510540,,2,
694c86bd,5,9,4
64627c8c,,,
07139709,,,
e21b36c2,1,,2
82ab7467,,,
77313144,,,
57ebef69,,,
913da984,,,
62f68605,,,
462eccad,,,1
006ff3c3,,,
9e39584d,3,,3
52a81d3a,,1,8
b987701b,11,,
a8bc229c,,,1
36505889,,1,
97194a6e,7,135,4
6da81170,,,1
22873150,1,,
2e5f458b,,,3
6565fd11,1,,
a99622c9,,,3
9fdf230c,6,3,1
5cf74b9a,,,
3b7df7d0,1,1,
5a5cd16f,,,
4e22b182,,,5
1bd90b76,11,14,1
742d78ed,,,6
6793057f,,,2
f7b7c29c,,,5
cc83fe90,,,2
ae2c1653,1,,
67a7c705,7,1,1
c178b849,23,9,5
2dc4ebde,1,,
bab9eff5,1,,
136121e9,,3,
0b7419ce,,,
c97c75f1,,,
e3a45304,2,1,1
eb1110e0,,,
87aa3bd2,5,,
bc5d4972,,,
30bbfc68,2,,
ce1703d3,5,,
681964ad,6,,
f07e940a,,,
8074e4be,,,
eadad3e3,,,1
3081ed69,,,
8e00e276,,,
ed68639a,,,3
68a3e2f2,,,
204555d5,,,
f811e201,,,
a7a01f03,,,
dc2cd7b1,,,
873344c5,,,
0dbe85fe,,,
cc1103a5,,,
09cb4d49,2,,7
b0eb765f,3,,1
74545266,8,9,16
8a6aaec0,,,
f360421b,,,
fc445b83,4,3,4
af098cc9,1,,1
3fbc6826,2,,1
e837d723,,,
c304868a,,,1
b0c3487c,,,
a7630560,,1,1
0bd95298,,2,5
baa3ffa0,1,,
e15f06c0,1,5,1
132915bf,1,,
167ad21c,,,
87581fc7,6,5,3
235b99ae,2,4,
c77f3ff0,5,,
183167db,23,34,5
816c0325,3,,
6519feaa,10,18,13
48026292,40,3,
12925c86,,,1
13d11676,3,,
14065beb,13,16,2
5ee8a309,1,,
bf830d95,,,2
00c22cc0,7,,
7fd7df56,23,35,16
e71e3d3e,,1,1
dc446b4c,,,
6589a1df,15,12,
3573d35f,2,4,
5a45b978,4,,
b29cc4bc,1,,
8c004197,3,,
b2c34257,,,
2e5271ae,,,
ab87b443,,,1
bb246442,,,
8ade4b0a,,,1
28474bf3,1,,2
a56149bb,,,
614e41be,2,,
eaa88db1,,,
b2b9899d,13,2,1
56b35036,37,21,10
b44914ba,,,
49656212,3,,
66b6c1dd,8,8,
c8daafd8,4,,
6cfff46e,5,1,
db5f18d2,,,1
af66e9e1,27,9,2
e9378e97,,,1
a0c927bd,2,1,
d26d4ba3,2,,
ab797394,1,9,
c764d227,1,7,4
d0a7f348,,,1
b7417a3e,10,2,1
6b79cff6,12,5,3
be44f9ca,12,2,
bd87a971,,,
658e86cd,,1,1
4b8041e9,3,,
e7a60f21,,,1
6f5ad499,1,,
6bf56e23,2,,
36a8e091,1,,
360bbede,,,
9d8a9cd8,,,
749aaae3,4,3,
6565a3a3,,,
3761b541,3,1,4
93767370,,3,1
6eb07847,,1,4
05337d6d,,,
c59f75c4,5,3,1
3807e159,3,,
ee48168b,,,
13d61731,2,3,3
17fa5838,,,2
447e0a8e,,,1
6d948013,,10,1
4ffe07e1,,,1
78346c8e,,,1
2aed41e0,39,73,40
b993101c,,,
844288f0,,,
0bbd2265,3,2,
4885d504,4,,
f6f67c96,10,10,13
cc2224c9,16,8,1
cddec8e5,2,,
9068339b,3,,1
7c684e16,,,
70f6c82c,1,,
66d65a76,,,3
48e51769,,,
1206a16d,1,,
4c0609c9,,,
0608017a,1,,
b7769170,,5,
78625373,,,
f4606e4b,,7,2
ef1e272f,,,1
a2b040e0,4,4,1
439c9436,1,,
d4bbd2d8,,6,1
1b913b5f,,2,
f3f0aeea,12,,
22bb36a8,,,
d69803d7,,3,
9315918b,8,1,
a0e31122,,3,
e37016eb,,,
fa4772c5,,1,
cca6a04d,2,5,2
ae34c198,7,3,
acb89cc4,2,,
781fdcd9,2,,1
c84e1d9e,5,8,
f123fe1a,,,
8447b46b,,4,
0d6bfa83,3,,
52530a85,,,
45d92e7e,1,7,1
3ee4f678,,,1
2eff036a,4,33,1
03444ce2,,,
2f71ddf6,1,,
4f7f2f1c,,,1
7c894a2f,,,1
fb99122f,3,3,2
868fcb0e,6,3,7
e734552b,3,,
d7cc9e64,,,1
d5ff75bc,1,,1
cdd2376e,1,,
c2177203,2,,1
d0a83f40,1,,
1b1c8f76,,,
882ff0d8,,,1
b8667799,,,
7c0b4f49,3,1,8
579e7e63,,,
95ed665d,10,2,1
1b05f9fe,,2,
1287c476,,1,
6779a1d8,1,,2
dc2841f8,7,2,1
62bc688d,,,1
f81eb477,,,1
881414b4,11,1,3
25daac8e,3,9,3
535af673,1,1,4
fdaa9662,5,,
3800e60c,,,2
eb3740a8,,1,
305eb1a4,6,1,1
1c7e4fe1,4,1,1
0957b0df,,,2
67b0f698,2,1,
a0ff6754,1,8,11
28be0f6b,4,9,9
997adcf9,,1,3
918a9791,,9,
cf55a936,20,25,3
d46367cc,9,1,1
cdade2b2,,,
d9a3fc46,,,
52fadca4,,,
05c8ca80,,,
456626fd,,,
5b494bf4,1,,1
a23fefff,1,,
849483bd,2,,
83e1a6d2,12,8,2
f1522c11,1,,
85cc0603,,,
56d884cc,4,1,
feb23b07,,1,
83fcd717,,,
ebcb3e78,1,,
c4a34b95,3,,
0c693bc2,1,,1
8c210893,,,
7fbc683a,,1,
c4a54e30,,,
b2e5e09f,1,1,1
8efc60f4,1,,1
bda14b04,,,
5d641ea7,,,2
4658cacf,,2,
bf4eec3e,8,46,31
71450e56,18,7,1
449646f5,,2,
df23bd3e,9,1,
ee072966,1,,1
fbbbd4b0,,1,1
773b904f,3,13,1
beb51da6,20,12,2
ce8f3f71,,,1
f647a160,,,
4dd4c058,,,
c82cee0d,,,
aaceba74,,,
1bad4142,2,2,
77f42376,,,
824fbd72,139,,
3641d503,,,
c11da9ac,3,6,3
25f1eafc,1,7,3
004ce06f,5,1,
066d665c,3,14,3
d15a0eac,2,9,2
801c3731,3,,2
0bee46e0,2,7,4
65f35e91,1,,
68ed9112,1,12,7
fc80a9c5,1,3,2
95d3bb57,1,1,2
1b190c6f,1,4,1
1f1d4d0e,7,6,4
d75b3e93,26,54,2
70eb8ea2,5,6,
d2ab5b53,,,
d9642999,2,3,5
2af94ce6,,5,1
d0a486ab,2,150,2
e11c0d6d,,,
fae609a2,2,,
6127c09b,4,,12
bbd8d3c5,,5,
331f9b99,,,2
e62d927c,1,37,2
8ddb75ec,3,53,6
057ebddc,9,2,2
7c651c57,1,6,3
9f6cfd43,14,5,3
19134332,8,,1
a373e9fc,1,,1
173b1467,6,,2
c50a3d9a,4,1,
1a39571f,,,
6a49c135,1,,
efd20434,,,1
e056054f,,,
e40088f9,4,,4
e79f9c74,2,9,3
c3a16300,7,,
7f74ce9f,,3,
15df84fc,,,
389a09b7,2,1,1
3133e1a7,3,6,3
db5d663c,,,19
401265ff,,6,6
ca9247f1,23,1,1
39f70bcb,7,,1
3615f6e7,5,2,4
449db862,2,6,7
568b0fe5,7,26,7
9b15b914,2,,
ad7afcac,6,4,5
4fead36c,2,3,1
f24ddf80,4,10,12
7bfb1c70,33,76,20
d3c88897,5,8,4
b93f85ea,19,124,13
039d3655,22,19,6
82b8bbe9,2,11,5
2f961c2d,,,2
15dbf27d,117,82,22
16afe74f,6,,
bbbff775,,,
189f2933,,,17
9e39304e,16,44,2
61a791ef,3,,17
efac6af1,10,,11
fe3257bd,1,4,2
98d682f4,3,16,5
272b3f05,1,,1
45b98cb0,,38,1
cf10abcf,,4,1
f31aafb2,9,4,1
966988b7,1,2,1
748e5b0d,,28,5
c2aa6548,2,36,
91377756,2,1,1
e86b9ac9,2,,2
5aaac909,1,,4
2ea45f85,3,,1
d15cf265,4,,
00139a75,,,2
efa9b555,1,2,4
d721a5a4,11,,
78621206,2,33,96
ad9c6357,6,,5
1572c39f,2,1,3
58629833,12,11,1
85c8af49,5,1,1
ee88d188,5,24,7
7fcee8a6,9,8,2
470659bb,3,8,6
dee0b320,,23,7
a87f0cd3,2,28,4
2697ee9d,2,3,
7b580a26,1,,1
b990cce9,,8,1
e987b84d,,,
2280719d,8,9,6
c82d6e5a,2,2,1
bcc618a8,6,14,2
f6d3fdae,3,5,2
b317fc20,4,14,6
2c301194,,,30
bb47b420,6,,
42d5c07d,1,,
dffb8a20,4,13,4
5d2689c0,12,2,1
d3e1b350,1,2,2
24e71fe3,,,
7227635d,13,11,14
85c3088a,29,58,33
85909dd3,6,,4
59069349,,22,9
9952454f,31,25,24
2f7bf91d,10,4,3
bba5de30,,9,
c7872e0b,12,7,
55e40038,2,1,13
110e46a1,1,5,6
a925c010,46,21,4
554224f9,7,3,2
363dce3b,3,1,
5ca1475f,6,6,1
15f3bb0a,5,5,4
b8748326,,5,
102b334c,8,,18
ad0b096f,2,,1
5608ca40,6,,2
41bff0da,2,5,
43028b53,12,5,1
7edd0d07,14,8,1
9a032513,,,1
91806d33,,,7
6acd4334,1,2,3
d5bb08f1,13,7,
5e260bd0,5,11,
9f1737cd,2,,
965dfe33,6,20,6
cf744203,,,
16a1d643,30,7,2
abe99491,6,11,1
2bebe821,1,11,1
b0340b75,3,3,2
db7de1b2,4,10,6
78b10bcc,5,12,8
909a64e6,25,13,3
86d5546b,2,,
3dde6f69,3,,4
c7318b89,,,1
a099ad89,1,20,3
b147aab0,2,3,2
b633d470,2,4,
42b3e6b1,5,5,5
18216371,6,6,
904164b8,6,20,1
9814f1c5,13,3,5
193f97f7,,,8
83a3551d,21,11,3
3d88321d,,,
2922f9fa,,5,1
982e4e95,4,5,5
b155c005,,,1
bc4a76c8,14,5,1
c4374978,2,,
a57e77bb,2,3,2
be441d5f,4,5,2
e13dff52,3,4,8
f6a50351,17,22,24
b3a2e2a6,,2,
0c0eead8,1,1,
144cbb39,,3,1
989ac6a6,,1,2
b82f1427,1,9,3
cbca6a8e,7,5,1
e350de0d,4,,
3ed2d5d2,1,1,1
3017c401,9,3,5
00f84ccb,,,2
581efd16,2,,2
f41ad837,4,32,2
534190d3,6,19,3
06b787a4,11,31,3
80794ab0,1,1,5
9b6ba703,1,,1
c9727eb1,5,5,1
70dc019c,7,1,5
267bb792,1,5,1
774dcce4,13,14,4
2e92c49a,1,16,
5a1c7a39,,1,6
41c41d63,3,4,1
c95f1401,15,7,6
6d003fa8,12,11,2
8ba3b5f3,19,9,5
12af0672,16,17,4
30f5896b,31,16,3
6b493885,,,
fd98d58a,1,,
8a861241,,5,
46ac7c49,45,8,10
e011fc73,3,1,2
8ff3c9a9,,,
a4dbbb24,10,7,5
3d71513c,6,,
20ff1bc5,18,12,9
71580182,1,2,
ce722d1f,8,6,2
5f9f61aa,2,,
3830e2c5,,7,
665472c8,17,17,10
d8aeefbc,1,,
cc9f3d40,35,30,3
ccb377aa,14,13,2
80279d6b,16,19,8
3ca55c40,,4,
e6ed6fc3,,,2
c5e8f0a4,,,2
583088f7,5,10,2
8c572c12,1,7,2
c5bf9669,9,8,9
069cbd63,,1,
005bbca2,3,2,
70878aae,1,2,
fa40717a,6,,20
ffe34894,20,,
05b57c4d,,1,
8e871ae6,22,,
99e14ba7,,2,2
01b9ebd8,12,17,7
f28e6c5e,29,47,10
1e11bf4f,16,18,4
da7872e7,1,,1
b513df83,3,5,6
0acfb6f8,5,12,4
809316fa,14,18,29
7cd8b316,35,19,13
5f41dde6,36,69,19
768674d3,,,2
da791d66,1,32,1
9f0ba11e,2,2,215
55db3c78,38,7,40
70d40c3c,3,,
2c02cdaa,1,,3
ce623bda,45,,
11dff226,22,28,86
6dc36bab,28,42,46
ac070bb2,6,,1
b08f1b98,9,28,253
d67d2557,,,3
d49006b8,1,,208
b627d3cb,1,,13
c59de643,,,4
dd168ccf,6,2,18
2bfc39b9,4,6,29
0b24d886,3,1,52
ebf51472,,,
7cf6470d,1426,,
,,,
